"","Mode1","Mode2","Mode3","Mode4","Mode5","Mode6","Mode7","Mode8","Mode9","Mode10"
"heart_shape_Volume_LV_ED",-0.744971518437834,-0.288797214420042,0.14836338628271,0.074539201371424,-0.206093590197845,0.0772130943670503,-0.0593273065303082,0.0538728830618333,-0.0506733457723482,0.0357348794197543
"heart_shape_SurfaceArea_LV_ED",-0.779825983081502,-0.20873716208671,0.167024893833463,0.079304912700468,-0.147123474117622,0.0887957621721986,-0.0537902811592869,0.0694534077911072,-0.0470019212023029,-0.0127993157252985
"heart_shape_SurfaceAreatoVolumeRatio_LV_ED",0.483719249647264,0.394681305586098,-0.0866771375941631,-0.0484411887113026,0.251510674358595,-0.0823498265108118,0.0665565991187405,-0.00307747970791133,0.0223510426682553,-0.138520874592538
"heart_shape_Sphericity_LV_ED",0.315884648684905,-0.231274072846533,-0.091183422454961,-0.0104498220276748,-0.150942774107499,-0.0283769132495351,-0.0132472984750495,-0.0472606289427441,0.0121700175042653,0.165605159716804
"heart_shape_Max3Ddiameter_LV_ED",-0.662541113110464,-0.19563694789227,0.0856197228147022,0.0199423057857876,-0.149542309893416,0.055267973970731,0.034559204610083,0.0154383225522997,0.0855965872836564,0.0359144985442072
"heart_shape_Max2DdiameterSlice_LV_ED",-0.522122152334614,-0.135783471283546,0.157561024719244,0.0174098773498299,-0.143220707830395,0.0534976747758067,-0.0539142798723748,0.110305868247764,-0.0945603657692841,-0.0794044396784638
"heart_shape_Max2DdiameterColumn_LV_ED",-0.70379777874477,-0.255721211713089,0.101969148616391,0.0165786765650928,-0.180783743655354,0.0565685435010388,0.0270405695743501,0.0079594504707741,0.0728988546906357,0.0447119438710816
"heart_shape_Max2DdiameterRow_LV_ED",-0.661578986524416,-0.21896592042585,0.0974661641147005,0.0258038285789059,-0.177910168254034,0.0714687596813167,0.0635001037817513,0.0259336670012857,0.0897501852503286,0.0587870535990032
"heart_shape_MajorAxis_LV_ED",-0.719329286655818,-0.181428634684332,0.0933090747101282,0.0607204131166786,-0.139272159207981,0.0792377135803884,0.082817574365912,0.00218448521525386,0.113436235918768,0.00910073921886376
"heart_shape_MinorAxis_LV_ED",-0.618661092296155,-0.272066699684944,0.211169144389409,0.0757146879134597,-0.143145140681522,0.0855301255467191,-0.137914476591525,0.06801074383511,-0.117726295213352,-0.0279673574932684
"heart_shape_LeastAxis_LV_ED",-0.658240093842756,-0.215195526871975,0.133805767985564,0.0304356905986986,-0.184889037142905,0.103264655530555,-0.115369018347085,0.055217156694149,-0.0974832693159141,0.0507987430048744
"heart_shape_Elongation_LV_ED",0.175198079936033,-0.0501662593944492,0.0908116411997437,0.00899038123837495,0.0158346865373712,-0.0135002239074897,-0.207005871589035,0.0621786469267266,-0.218680865222042,-0.0316257153248775
"heart_shape_Flatness_LV_ED",0.155452137785158,0.00466226560498313,0.0224515829179199,-0.0295800515731896,-0.0189040522648757,0.00635744546122875,-0.196351159353363,0.0520203239725315,-0.210025584252669,0.0364592051548979
"heart_shape_Volume_LV_ES",-0.68356233821757,-0.263317531685987,0.0707568676886593,0.016053692253248,-0.0846036616178192,0.0876216043045636,-0.0523154997426211,0.0991869820163805,-0.0337309053742353,-0.0516845763191304
"heart_shape_SurfaceArea_LV_ES",-0.739873141788585,-0.194206273708571,0.0793764952667955,0.0215909243309291,-0.0484533910905153,0.0898872126825151,-0.0430984854980496,0.10717732054412,-0.0209518640145316,-0.0901737222759199
"heart_shape_SurfaceAreatoVolumeRatio_LV_ES",0.470743379438325,0.409933817690718,-0.0570519783153746,0.00956087469306612,0.105364857822276,-0.107347994192935,0.0808885189173432,-0.0242140203544234,0.0429851258673279,-0.0492250494518679
"heart_shape_Sphericity_LV_ES",0.347337122638967,-0.286739194853648,-0.0318756306295498,-0.0238274658468202,-0.107455677822347,-0.0108653387635427,-0.0407374318845677,-0.0667685038631084,-0.0370055215410764,0.170859478678015
"heart_shape_Max3Ddiameter_LV_ES",-0.649663195447382,-0.167622600124562,0.0394373437800441,0.00181064407905973,-0.0794705707998705,0.087199311310617,0.0461492503769152,0.0499929621481532,0.0639485327419288,-0.0433536790865146
"heart_shape_Max2DdiameterSlice_LV_ES",-0.586589270552541,-0.0145074218395921,0.0299716226627096,-0.032165701725042,-0.0728849554973016,0.093017060586813,-0.0473624613715259,0.106025606420534,0.0146546810776879,-0.0408602517380541
"heart_shape_Max2DdiameterColumn_LV_ES",-0.662036488591415,-0.205969838623203,0.0536743054193421,0.040273779024066,-0.0517960211393658,0.0948530481447402,0.0515566778558989,0.0354667804622197,0.0442628899699157,-0.0086233170965392
"heart_shape_Max2DdiameterRow_LV_ES",-0.647496442994132,-0.200448846652661,0.0459648838258024,0.0142725763459923,-0.0888205227268829,0.0645547047847251,0.0655151518196062,0.027705044904657,0.0440826154909119,-0.0512323308621369
"heart_shape_MajorAxis_LV_ES",-0.701865276655294,-0.127965111509653,0.00414795580872719,0.0399234314024133,-0.0605511699158232,0.0912524908050973,0.0689276902397116,0.0635783507480344,0.0437841649478576,-0.0680850138810702
"heart_shape_MinorAxis_LV_ES",-0.653732135617407,-0.142537083514598,0.0852584636702711,-0.00187617804213116,-0.0478619784241598,0.122604093096219,-0.127061572859614,0.0932208303888341,-0.0026475879376019,-0.0891222699154633
"heart_shape_LeastAxis_LV_ES",-0.630432117789651,-0.253546785004997,0.118280928412889,-0.0143281840491889,-0.0257896209585795,0.103783242302219,-0.082458936228808,0.0960509045180365,-0.0707474115681901,-0.053543303120531
"heart_shape_Elongation_LV_ES",0.0862075183212394,-0.00561885130064067,0.0840390443191206,-0.0405807005648014,0.0175618322243554,0.0290356847904636,-0.206485463032832,0.0403642041097938,-0.0337325427871661,-0.0271050946409525
"heart_shape_Flatness_LV_ES",0.134528291137113,-0.118308121188962,0.116257462886958,-0.0561600376517436,0.0390520427868635,0.0064357153295556,-0.157020667012698,0.0402604202780344,-0.102506960210928,0.013046856191314
"heart_shape_Volume_RV_ED",-0.793421029596992,-0.3377559990552,0.127190410184064,-0.0111021803050765,-0.0899680791073452,0.0749224637826277,-0.11088835782373,0.0603839758145579,-0.013765107511712,0.0421333461913428
"heart_shape_SurfaceArea_RV_ED",-0.76995666605915,-0.401663680559795,0.0822151518904575,0.0513910534067149,-0.0887569741829766,0.0562273907308226,-0.133862686081667,0.0591679329045479,-0.045442767819533,0.0279211332744951
"heart_shape_SurfaceAreatoVolumeRatio_RV_ED",0.688846748459883,0.16001367972884,-0.191389844279134,0.117462988450061,0.060663438385152,-0.132099302795082,0.0734292130432128,-0.0400484791527976,-0.0648946058559366,-0.102797619462796
"heart_shape_Sphericity_RV_ED",-0.0298999573929542,0.272559052164788,0.166099951702285,-0.228000630568195,0.0220063759691932,0.0972910352989541,0.0755652023311086,-0.00356168210643976,0.129819414045429,0.093090938032274
"heart_shape_Max3Ddiameter_RV_ED",-0.683085802945608,-0.343243539742569,0.0734533857912452,0.0115762904419744,-0.10753886495415,-0.0104860196944363,-0.0622949733929737,-0.0275572617257686,0.0475530263532322,0.0923997211443099
"heart_shape_Max2DdiameterSlice_RV_ED",-0.475461854596441,-0.457476032232111,0.00103308311900874,0.148937434601434,-0.058011346940799,0.0195650371664542,-0.152067577785457,0.0415266086249598,-0.128601234055514,0.0325480578654273
"heart_shape_Max2DdiameterColumn_RV_ED",-0.6301566905729,-0.304245379962906,0.132297925513167,0.0558335294540809,-0.0911051172158049,0.0358765013631029,-0.080259174512902,-0.03399752279523,0.0923096909406296,0.0654572186240429
"heart_shape_Max2DdiameterRow_RV_ED",-0.60574136193466,-0.305073673117574,0.101266476491139,0.0580487974719296,-0.0946572685000268,-0.018728201696873,-0.0564210902925818,0.0673226680170078,-0.0460918437724061,-0.0144052613960484
"heart_shape_MajorAxis_RV_ED",-0.631437102109423,-0.465852762411018,0.0922219883456109,0.0897694009077631,-0.147095040050952,-0.0428518766194872,-0.0671545980528566,0.0411427088742016,0.00278682719806021,0.0170964394465329
"heart_shape_MinorAxis_RV_ED",-0.563433988528005,-0.434867010432669,0.0682044062733648,0.0308801832564232,-0.0862824587224387,0.0563541391339522,-0.111446831017965,-0.0105958773273862,-0.129263106298055,0.0536438085549245
"heart_shape_LeastAxis_RV_ED",-0.69906710208255,-0.0685943410031011,0.0255743040852928,-0.0190640988202644,-0.0660967476381831,0.119654120659729,-0.166509223792574,0.0939471473982857,0.0461712918207771,0.0131863151207387
"heart_shape_Elongation_RV_ED",-0.0772470370362795,-0.0699580092643986,-0.0021642586102725,-0.0446349164650001,0.0345892215987598,0.0905246289622366,-0.0684640884837819,-0.0455147084485076,-0.147328447765584,0.0454660835877437
"heart_shape_Flatness_RV_ED",-0.0705983398789533,0.380614881790087,-0.0690120643517398,-0.101519190099704,0.0757391959011686,0.157076356547811,-0.0965748203093341,0.0466831140801375,0.0388948863750103,-0.000799611166279367
"heart_shape_Volume_RV_ES",-0.766197544794529,-0.339561563908016,0.105272027618198,-0.0500937681854981,0.0348343657480238,0.0831635286278134,-0.126680144342373,0.0640991574675298,-0.0109212980196769,-0.0196936929454641
"heart_shape_SurfaceArea_RV_ES",-0.770261582031458,-0.373980161892823,0.0857526717688392,-0.00113104405504003,0.0308222756871166,0.0719176382404305,-0.132994068658333,0.0733391897042167,-0.0454365931110205,-0.0373456311498215
"heart_shape_SurfaceAreatoVolumeRatio_RV_ES",0.677237126144494,0.238993757859034,-0.128310347418132,0.110138635919166,-0.0544604256267543,-0.133300568348959,0.121109525404333,-0.0485099293452481,-0.0673540476814312,-0.0505886801515061
"heart_shape_Sphericity_RV_ES",-0.0709222000212878,0.135740281997728,0.102289537502341,-0.207631546771697,0.049299829587379,0.0967511466684832,0.00078917404663641,-0.0279093239006492,0.169891075919334,0.12543133712292
"heart_shape_Max3Ddiameter_RV_ES",-0.685486909236326,-0.217978265214822,0.0930864896540646,0.0312477259386834,-0.0301627440551294,0.0182543078425571,-0.00293840102338702,0.0797695347005902,0.0149834605522178,-0.00418374553018915
"heart_shape_Max2DdiameterSlice_RV_ES",-0.525453964902218,-0.23764615435064,0.0433177884109755,0.0643022550038327,0.0218310472821227,-0.033712464410463,-0.0987968572511036,0.0883018840460346,-0.126729761633274,0.0420541706607083
"heart_shape_Max2DdiameterColumn_RV_ES",-0.591939130312064,-0.265516196093831,0.158002095564114,-0.0311329416761423,-0.00700120048382025,-0.000931897203735169,-0.0529689768999998,-0.003920008371615,0.102732541347196,-0.0315661579872221
"heart_shape_Max2DdiameterRow_RV_ES",-0.502878095860009,-0.279624363244741,0.0437342147960226,0.0125510270636513,-0.00629502019493907,0.0377753118134416,-0.0729434642401031,0.100287165511361,-0.0724305903265789,-0.00864202808001165
"heart_shape_MajorAxis_RV_ES",-0.627317751501966,-0.23843023325129,0.0440786109274979,0.0852885867518555,-0.0263928959458081,0.0131975958293639,-0.0786592369279752,0.0835030999508288,-0.0182405704998049,-0.0301031663612644
"heart_shape_MinorAxis_RV_ES",-0.58321110551032,-0.390460456852749,0.118450338722677,-0.0367504803464268,0.00446267642284698,0.0494140593475349,-0.0804613921762645,0.00916842670865032,-0.124978981936443,0.0110483605782428
"heart_shape_LeastAxis_RV_ES",-0.720336907941527,-0.235483125952651,0.0267973074922247,-0.0523835349876083,0.0567887994375021,0.0714526483487792,-0.158017009846565,0.08842876302206,0.0524247085652724,-0.0370284046805275
"heart_shape_Elongation_RV_ES",-0.191287746338674,-0.231623399037191,0.0955230347374064,-0.102114052540335,0.0245120654798392,0.0456680046797913,-0.0316131735411112,-0.0334706592989493,-0.114454709768025,0.0369483459879304
"heart_shape_Flatness_RV_ES",-0.191819107809675,-0.0171739371629855,-0.0146440992408072,-0.136886671301832,0.0902314403008687,0.0677296524067169,-0.0959663614225645,0.0223971741740608,0.0757285621402285,-0.0100893497614125
"heart_shape_Volume_MYO_ED",-0.907567388276453,-0.02738256975041,0.114258965595198,0.06257999175887,-0.123504166419201,0.078058733185674,0.0431671502745793,0.00176131023369539,-0.109907797506834,0.00324809367271604
"heart_shape_SurfaceArea_MYO_ED",-0.8272841975127,-0.207888185753688,0.167022032048348,0.0705408054182393,-0.157897569959875,0.0843504632224407,-0.0110737684072239,0.0376442903732662,-0.0700432137654844,0.00693481937765718
"heart_shape_SurfaceAreatoVolumeRatio_MYO_ED",0.800123278173122,-0.208943863548477,0.00476240773788973,-0.028241671805884,-0.00119476883139383,-0.0857583444081922,-0.0884595599406098,0.019000456687699,0.086119017726318,-0.0754749696476134
"heart_shape_Sphericity_MYO_ED",-0.392849120824645,0.414991225813963,-0.122772963620619,0.00331737796442184,0.0982471173202515,0.0257547447122994,0.13534853264221,-0.0516713183276559,-0.0716341546267101,0.0570265120154796
"heart_shape_Max3Ddiameter_MYO_ED",-0.655906659338447,-0.152844548034843,0.121374119906017,0.0226613650162079,-0.1474805055025,0.0674791832267261,0.0132361432761228,0.0805568236279916,0.0925284638669269,0.0507503523709274
"heart_shape_Max2DdiameterSlice_MYO_ED",-0.538891668988996,-0.120650011216663,0.165744032787516,0.0287888807132894,-0.123567918249454,0.0693684298051212,-0.0317708253693143,0.153339236513861,-0.106425966413365,-0.0306009442327291
"heart_shape_Max2DdiameterColumn_MYO_ED",-0.7619233247254,-0.193159742394572,0.128546084654526,0.0254402563323411,-0.195231792110938,0.0715123605028825,0.0338943566989846,-0.0112338688767783,0.0596680457153479,0.0461146766195969
"heart_shape_Max2DdiameterRow_MYO_ED",-0.674930335857082,-0.194177578548668,0.112337544917463,0.0395465584824611,-0.166079998321859,0.0810742719953763,0.0424388614736915,0.0737951016159619,0.0869933246440383,0.0556818073372834
"heart_shape_MajorAxis_MYO_ED",-0.748356249333965,-0.167287689739935,0.143507149664857,0.0486007244624705,-0.158605693641214,0.0604584834239663,0.00711919917846396,0.0530342185411044,0.100217953829808,0.0352717370894629
"heart_shape_MinorAxis_MYO_ED",-0.709218049232219,-0.245876202876044,0.16990536710944,0.0653510686294815,-0.159488553117529,0.117937149654159,-0.0913837290962669,0.0585366113768752,-0.164011568666335,0.0250033609724939
"heart_shape_LeastAxis_MYO_ED",-0.737559349415939,-0.310083023086043,0.140529261698843,0.07570471257478,-0.166192133131893,0.0715920501120247,-0.0346080392448449,-0.00948667200289784,-0.0871743337201905,0.0436024390148848
"heart_shape_Elongation_MYO_ED",0.107325936645474,-0.0743576030454452,0.0176288470019344,0.0177107784021705,0.00965807789437617,0.0495159772080545,-0.108281572636,0.0154913055036127,-0.306701572807861,-0.0117201733032179
"heart_shape_Flatness_MYO_ED",0.081862405490337,-0.149631887076886,-0.0169080823183687,0.0339793172515685,0.00619162658935574,-0.0015494810065255,-0.0426166608174438,-0.0648317326872865,-0.218892816284737,0.00929975992994168
"heart_shape_Volume_MYO_ES",-0.90583480573639,0.020400951843493,0.103625510221935,0.0770614975376992,-0.122117226130726,0.072342701215899,0.0603582268929496,-0.0189706215114191,-0.117161846624039,-0.00468921478336968
"heart_shape_SurfaceArea_MYO_ES",-0.842443621860798,-0.156906871293268,0.12527949222722,0.0478519551332151,-0.0776626649611133,0.073034350599078,0.007662716082269,0.0489702300329366,-0.0753855098757008,-0.0611930691138365
"heart_shape_SurfaceAreatoVolumeRatio_MYO_ES",0.660709160065653,-0.278565542736597,-0.00881477576235367,-0.0674584282547617,0.108218029024188,-0.0650278956854544,-0.0930927458143276,0.0942311779651723,0.124578666661939,-0.157811374545199
"heart_shape_Sphericity_MYO_ES",-0.0552919022719285,0.429847991188718,-0.0840108147596783,0.0551616526150202,-0.0730077666306882,-0.00667052380865463,0.111352030925222,-0.123828947665852,-0.0867237686481616,0.181169634148871
"heart_shape_Max3Ddiameter_MYO_ES",-0.635162083607685,-0.122787522192664,0.062539205012343,0.0196649300279616,-0.0966770243495969,0.0428509866598417,0.0289773629502401,0.0813948491052119,0.0594864907249994,0.0113137853106155
"heart_shape_Max2DdiameterSlice_MYO_ES",-0.549770929019344,-0.0440333412289681,0.0956781198225247,0.0179717780073046,-0.0749426181395945,0.0138981762853419,-0.0347871282993909,0.100626042744125,-0.0522424388344338,-0.0337098410004309
"heart_shape_Max2DdiameterColumn_MYO_ES",-0.796701459095819,-0.155840038573776,0.0681965716942447,0.0297800579813793,-0.120426549816595,0.0830571631275478,0.0496112462844975,0.021297826758279,0.0307283736165478,0.0104617325343065
"heart_shape_Max2DdiameterRow_MYO_ES",-0.663404488785401,-0.133635152515848,0.0643002343176786,0.0486049927341124,-0.0736786450660957,0.0395659057075015,0.0621007811600818,0.0914427620084856,0.0335719718474339,-0.00138100645529834
"heart_shape_MajorAxis_MYO_ES",-0.796302684213965,-0.149208739260194,0.0809689279102239,0.0318017578430181,-0.10040614898549,0.0950555809538772,0.0451753957366906,0.0363299634351368,0.0556171298354425,-0.0209800822979845
"heart_shape_MinorAxis_MYO_ES",-0.773813681562371,-0.169798591311696,0.114551385680765,0.053986698162922,-0.0548827117710658,0.0915235841146652,-0.0706781859576561,0.078025024196712,-0.131942814917163,-0.0370413018667904
"heart_shape_LeastAxis_MYO_ES",-0.771755463250653,-0.260292823963576,0.127215290473829,0.0407958314859151,-0.0802735093557763,0.0874538911963205,0.00660692028762685,0.016052246005053,-0.101061104101283,-0.0413873159455599
"heart_shape_Elongation_MYO_ES",0.149306481199625,-0.00435637574344116,0.0328478642144409,0.0250894836534318,0.0775957566798504,-0.025768652967659,-0.145491569216991,0.0682699684107565,-0.255705192673947,-0.0212624161843486
"heart_shape_Flatness_MYO_ES",0.139623227243549,-0.131834248957876,0.0520635778564274,0.0142191823266731,0.0415897322841811,-0.0310815895096922,-0.0387460742084081,-0.0103846316486234,-0.209709560869853,-0.0276671944181063
"heart_intensity_Energy_MYO_ED",-0.415061283338178,-0.412664427370209,-0.528359434777746,0.0597897568318882,-0.0581596184915458,0.0477014712546056,0.0250900419590366,-0.00725233835873804,-0.0193484358110833,0.00531365008662004
"heart_intensity_TotalEnergy_MYO_ED",-0.457555432448763,-0.369097287276098,-0.501796767262677,0.062168522996927,-0.0676202822902479,0.0442007338637174,0.0268476890390612,-0.0125251646083982,0.00383298230505691,-0.0137602823967508
"heart_intensity_Entropy_MYO_ED",0.459280729538061,-0.23201605349857,-0.0571125796319191,0.305293307802285,-0.053215587061552,-0.0531196256611879,-0.12136081352089,0.0688284541992366,-0.000783697141244476,0.0695899533720663
"heart_intensity_Minimum_MYO_ED",0.0457401757897997,-0.20564283301908,-0.528371156255216,-0.170417214320575,-0.213568049013245,0.00657861685760052,-0.00796706680410303,-0.0289129308041911,0.0460077360382405,-0.0788546354461695
"heart_intensity_Percentile10_MYO_ED",-0.136932376183181,-0.375249520618222,-0.676852009027597,-0.0411049293544126,-0.0285356130990838,0.0149307797921134,0.0712095818021706,-0.0453596041121407,0.0575577977220425,-0.0750668277353121
"heart_intensity_Percentile90_MYO_ED",0.150122196297934,-0.417665706766644,-0.54687134124486,0.108046226598608,-0.0407522333405721,-0.0199579645832071,-0.0374088880121027,0.0139023195456471,0.0292640399073023,-0.0569754491570971
"heart_intensity_Maximum_MYO_ED",0.157354411010404,-0.289227760352441,-0.378975666001589,0.130050909850745,-0.0615129839150098,0.076274995564936,-0.0596226592428469,-0.0144528446507339,0.00974849731242946,-0.0133346283595336
"heart_intensity_Mean_MYO_ED",-0.0132475062199595,-0.398347223123354,-0.668267355809834,0.0489070260077157,-0.0360523429241623,-0.0135386688261674,0.0285998128964291,-0.0178333309449117,0.0605552336766418,-0.0612284748282252
"heart_intensity_Median_MYO_ED",-0.0563410423746159,-0.371520349255146,-0.681234619751294,0.0493940326771939,-0.0264725315209128,-0.025560938102298,0.044436301434251,-0.0172018133617686,0.0705207609872508,-0.0529442372779604
"heart_intensity_InterquartileRange_MYO_ED",0.382298490573987,-0.0682901734393398,0.0189307208484076,0.246334849295411,-0.0967956824340424,-0.0325747789777827,-0.1884216025788,0.151912700079603,-0.0464743201105261,0.113318991046852
"heart_intensity_Range_MYO_ED",0.160386671098835,-0.276664874692486,-0.323887869717939,0.16362050381329,-0.0335046683348228,0.0800711073836425,-0.0621685941771527,-0.011044712036518,0.00349542767449339,-0.00240588693845576
"heart_intensity_MeanAbsoluteDeviation_MYO_ED",0.453302683932921,-0.17867701226235,-0.0115141360229621,0.275875122560682,-0.0515414841148301,-0.0447237283242207,-0.174646079466011,0.0978784696934554,-0.0154530331026882,0.0571025577057061
"heart_intensity_RobustMeanAbsoluteDeviation_MYO_ED",0.408790178552189,-0.0866065242681799,0.0469635624621223,0.252618280437784,-0.0804473551481699,-0.035080314500246,-0.190187253684305,0.143998604921057,-0.0441696055207598,0.0995090034645615
"heart_intensity_RootMeanSquared_MYO_ED",0.0202876268598137,-0.401294748228677,-0.649993271443492,0.0675479640084594,-0.0350996866419201,-0.0149378257868426,0.015705242349248,-0.0148179114544488,0.0604683563279333,-0.0571448455941015
"heart_intensity_Skewness_MYO_ED",0.16253441604278,-0.0139826319069574,0.062506115222129,0.0182638424621105,-0.0357165890392127,0.125078204237585,-0.0951766786270614,-0.0806829902029688,-0.00117348535763837,-0.0570648737790208
"heart_intensity_Kurtosis_MYO_ED",-0.044337118533967,-0.0521407363283913,-0.205102724851242,-0.0163747479333312,0.0072306904911461,0.1397046038562,0.0122906265559478,-0.0618582979748195,0.0221475703902854,-0.0358303901109011
"heart_intensity_Variance_MYO_ED",0.302514470879548,-0.172568592198241,-0.0673008265793868,0.188799414394963,0.0163531256527113,-0.0238717443670808,-0.111377005063208,0.0477498497467078,-0.0223995559829713,0.0125889638372137
"heart_intensity_Uniformity_MYO_ED",-0.390960342027402,0.130954170278509,-0.0146092561847892,-0.256592686791792,0.0890748968369945,0.0383583763718086,0.0986234783003805,-0.0949796222672034,0.034679060931721,-0.119522278193755
"heart_intensity_Energy_MYO_ES",-0.407030666298198,-0.526224747941904,-0.434819087139113,0.030888337494901,-0.0403403423512403,0.106625080336828,0.0666042518169664,-0.00507908381744841,-0.0294654554422041,0.00800574434308274
"heart_intensity_TotalEnergy_MYO_ES",-0.443899869643182,-0.493504555285712,-0.413850032984772,0.0314292220149962,-0.0503614439904809,0.105296207089599,0.0694749433622619,-0.00824602711375079,-0.0106748403540936,-0.00670821413293012
"heart_intensity_Entropy_MYO_ES",0.107764361656568,-0.377189695469612,0.0498150354092784,0.216474973357148,0.100352783015095,0.0105709964017401,-0.0682116891600928,0.144883013650092,-0.0118789725811299,0.0835629751058449
"heart_intensity_Minimum_MYO_ES",0.0153558600856199,-0.211563461589924,-0.473015468042792,-0.141598632776428,-0.187111574038195,0.0843863864884346,-0.0263168414302812,-0.0637368043480758,0.0304719542981829,-0.113330898861305
"heart_intensity_Percentile10_MYO_ES",-0.042835445980381,-0.48772456335206,-0.627568691102592,-0.0389554774329073,-0.0362426583609135,0.0341509488941023,0.085866721420715,-0.039488637226737,0.0578989313595097,-0.0817489527451213
"heart_intensity_Percentile90_MYO_ES",-0.00686653795410996,-0.58425772790686,-0.487498962628273,0.0655416962112816,0.0172176955929054,0.0521360658452474,0.0396165403059247,0.0307132183621445,0.0286092298417514,-0.0420632914611672
"heart_intensity_Maximum_MYO_ES",0.0200062186461347,-0.428935465129137,-0.400531406873077,0.0904287418353715,0.054768621247433,0.0120209171471998,-0.0394820591086431,0.00447998982755084,0.0249167161663045,-0.036383306724025
"heart_intensity_Mean_MYO_ES",-0.0173461439394251,-0.575624601005932,-0.56404053479433,0.0179711214232051,-0.0228474676291413,0.0610554042711222,0.0626368794968293,0.00508525015496223,0.0489287732167521,-0.0591915427807846
"heart_intensity_Median_MYO_ES",-0.0107602925320147,-0.585755886940583,-0.547764965351876,0.0164204750753713,-0.0349896522476551,0.0789093569330412,0.0653382489183618,0.0139268886408962,0.0474921570885596,-0.0530111824045282
"heart_intensity_InterquartileRange_MYO_ES",0.0624280531022606,-0.385037826024097,0.0701382189444927,0.183530500509149,0.039970233682239,0.0579213088108703,-0.0911500972746848,0.159461832048822,-0.028573017042828,0.0647240734577523
"heart_intensity_Range_MYO_ES",0.0181471188899536,-0.419697991579346,-0.320219630928003,0.13693806124815,0.109312926584908,-0.00865566179812392,-0.0368509381858945,0.0215453943365978,0.0196483670460325,-0.0107766537296374
"heart_intensity_MeanAbsoluteDeviation_MYO_ES",0.0793866664831805,-0.401002396066966,0.0321231370615896,0.204455541785446,0.0863285496394512,0.0336526730183308,-0.0699829766605913,0.137652440994281,-0.0210541163548883,0.049303850361212
"heart_intensity_RobustMeanAbsoluteDeviation_MYO_ES",0.059724304601048,-0.389420405626199,0.0706231469073475,0.194298848707158,0.0546144090527647,0.0554165879109655,-0.0826781173735264,0.14762155513753,-0.0351435243948169,0.0644298725508953
"heart_intensity_RootMeanSquared_MYO_ES",-0.0129308885201032,-0.58180154725845,-0.550370993161998,0.0274464654186463,-0.0158829918528503,0.0607086765900935,0.0586945258168471,0.0106924357339935,0.0474952267978117,-0.0566127795956424
"heart_intensity_Skewness_MYO_ES",-0.0129868479520056,0.301637437708143,0.0699223671668886,-0.00542774937770808,0.0360615206626234,-0.120333368029719,-0.120909931280621,-0.0710592340184762,0.0138670956441455,-0.0710974935569225
"heart_intensity_Kurtosis_MYO_ES",0.00838513201166079,0.0339205990050943,-0.187902003290434,-0.050515473731952,0.0181274284209025,-0.0612669559314663,0.0206436174009684,-0.0567897074221842,0.0482342325080329,-0.0887057130002708
"heart_intensity_Variance_MYO_ES",0.0630400062446454,-0.298829513919464,-0.0209181302074244,0.146329087995451,0.102126140841154,0.0273152963692674,-0.0337534454331284,0.0930661453620313,-0.0282425370169514,0.0120646725406957
"heart_intensity_Uniformity_MYO_ES",-0.0811331288607346,0.313020927771769,-0.0923427228583854,-0.173409773774693,-0.0687404607397222,-0.0475924521893615,0.084129673221467,-0.150340334279299,0.0415479058193069,-0.110517597299593
"heart_texture_Autocorrelation_glcm_MYO_ED",-0.00964986501742022,-0.37619979418018,-0.593380219186644,0.119353016982974,0.00930305297850061,-0.0467801525990142,0.0591262414982809,-0.0135216082311204,0.0703187235620601,-0.0437784447083331
"heart_texture_JointAverage_glcm_MYO_ED",-0.0192319353135506,-0.394151381923407,-0.619980792801295,0.101562948987404,-0.000971563925233274,-0.0388832529319799,0.0616132055140669,-0.0106401796876288,0.0640667325604461,-0.0392177779788418
"heart_texture_ClusterProminence_glcm_MYO_ED",0.0611899643352211,-0.026336800915803,0.00638235518736255,0.020302749617061,0.0701892259736588,0.0133714386950446,-0.0475076099402338,0.00968304034140096,-0.0759898980323268,0.00162012613239515
"heart_texture_ClusterShade_glcm_MYO_ED",0.115793722939186,-0.0383452473519539,0.0367133955381322,0.0274074180904216,0.0565303740811931,0.041601385193508,-0.0747884429892881,-0.016424670398227,-0.0730157486867881,-0.0152543826054869
"heart_texture_ClusterTendency_glcm_MYO_ED",0.228123013612794,-0.127434405393707,-0.0311399656365906,0.186002583765842,0.0370087062554957,-0.0455654300208968,-0.0931630277893657,0.0651011509740558,-0.0447373275260351,0.0212990501402613
"heart_texture_Contrast_glcm_MYO_ED",0.449684400749732,-0.231898028063808,-0.0343070083297396,0.231753571759152,0.00791648514577555,-0.0276988883749541,-0.122875907918501,0.0630514172710595,0.0182365882451029,-0.00576698735006899
"heart_texture_Correlation_glcm_MYO_ED",-0.350412279389562,0.0961764432258963,-0.0850319655470744,0.0939552304562944,-0.0139560369240955,-0.111295598796605,0.056165511039143,0.01913681880484,-0.0645040336836988,0.062882128075201
"heart_texture_DifferenceAverage_glcm_MYO_ED",0.542278473329805,-0.231658865818006,0.0175350315466669,0.263979153642825,-0.0229532691075097,-0.0229800556978112,-0.136122473104838,0.0891195384605322,0.0295439952571882,0.0265785389405406
"heart_texture_DifferenceEntropy_glcm_MYO_ED",0.569718365618808,-0.271440981207654,0.0105608123551148,0.283833630964958,-0.0226502712020181,-0.0293410931928164,-0.145825657927214,0.0693570082478218,0.0377053738050452,0.0199088999404501
"heart_texture_DifferenceVariance_glcm_MYO_ED",0.389875333873521,-0.239873517312803,-0.0744898191049262,0.216317677800661,0.0152954734700253,-0.0235305781509787,-0.108039006823717,0.0308079692376868,0.0173800365254852,-0.0272595077600561
"heart_texture_JointEnergy_glcm_MYO_ED",-0.337854017071093,0.11954951424704,-0.00628058777912994,-0.240924133456576,0.0665307205190633,0.0211776245346335,0.0695162741046231,-0.10096214207753,0.0350622728287873,-0.0991834344678708
"heart_texture_JointEntropy_glcm_MYO_ED",0.450334132223307,-0.222940785773728,-0.0231843437720632,0.310762332079234,-0.0306324220875244,-0.0554089235851188,-0.113764918776012,0.101196418080231,0.00745807451174403,0.0557992153198194
"heart_texture_InformalMeasureofCorrelation1_glcm_MYO_ED",0.39204958466101,-0.165146769649278,0.171521836682827,-0.0701392988595991,0.00990390483252124,0.129733118633543,-0.0402219786330226,0.0260350222206299,0.0949956775599246,0.00367618991750562
"heart_texture_InformalMeasureofCorrelation2_glcm_MYO_ED",-0.17888468804673,0.0225307742260502,-0.19556361461695,0.192496270474587,-0.0243099279643499,-0.149500566985252,0.0230586561453731,0.0192984668074523,-0.061088926346492,0.0150764267647788
"heart_texture_InverseDifferenceMoment_glcm_MYO_ED",-0.54733882346112,0.209006655222688,-0.0457035391736235,-0.256872918612611,0.034579190984708,0.0164979489209192,0.132036566611267,-0.0971583801334354,-0.0280291293171177,-0.0434617655430416
"heart_texture_InverseDifferenceMomentNormalized_glcm_MYO_ED",-0.180605227185721,-0.191750065934938,-0.4126043351156,-0.0193281526848794,-0.0943627048378446,0.0634259324017338,0.0256334834231103,-0.0383070706709938,-0.0340444967735316,0.00689719699208369
"heart_texture_InverseDifference_glcm_MYO_ED",-0.534057378039776,0.201275286448296,-0.0435174756374055,-0.250146290093407,0.0358566834695591,0.0119340106051703,0.124999299178996,-0.0983016788897059,-0.0245620699367913,-0.0469728028265705
"heart_texture_InverseDifferenceNormalized_glcm_MYO_ED",-0.283490458063291,-0.121054538684496,-0.373626486311683,-0.0738406553327893,-0.0599533003331412,0.0585433441437144,0.0458309476946334,-0.0695783533165264,-0.0294615145208766,-0.0220377654151463
"heart_texture_InverseVariance_glcm_MYO_ED",0.329609167098384,-0.0902878054381224,0.0345849684411131,0.145048972931358,-0.0435169136354652,0.0275503169440205,-0.0457106080389618,0.0908662983718006,-0.00732730767532485,0.0723060452007345
"heart_texture_MaximumProbability_glcm_MYO_ED",-0.279066106536704,0.0956476762559165,0.0289716335891134,-0.236322593214064,0.0556378976579343,-0.00341163401077983,0.0367167134968466,-0.0907605207145775,-0.000392609540260969,-0.121881710283676
"heart_texture_SumAverage_glcm_MYO_ED",-0.0192319367406304,-0.394151379520373,-0.619980792830867,0.101562957596033,-0.000971555116237384,-0.0388832544680841,0.0616132032360971,-0.0106401733057691,0.0640667385581386,-0.0392177751133421
"heart_texture_SumEntropy_glcm_MYO_ED",0.369321654057902,-0.205569484240328,-0.0490672407181584,0.315931652659678,-0.0332161003709487,-0.0722595507232157,-0.0952604424422765,0.102750496289667,-0.0101132316140567,0.05364500647299
"heart_texture_SumofSquares_glcm_MYO_ED",0.302367380614416,-0.163165713840905,-0.0332194371828931,0.206406377487329,0.0297056360150125,-0.0419144155423058,-0.105404894784322,0.06686900147416,-0.0276369749352089,0.0140249999083868
"heart_texture_Autocorrelation_glcm_MYO_ES",0.015262966780558,-0.553296390486404,-0.414907469868624,0.0801111874534048,0.0199491968943099,0.051063416795846,0.0729686038052674,0.0413706642546432,0.0603144694864263,0.00048040431596233
"heart_texture_JointAverage_glcm_MYO_ES",0.0203426378070113,-0.562202265341434,-0.43443629800247,0.0649069258254371,0.0148992501828837,0.0529888730708238,0.0640325531302389,0.0489138836727369,0.048011319135854,0.00778786879162761
"heart_texture_ClusterProminence_glcm_MYO_ES",0.016201155074746,-0.0285399028229838,0.0266454604758515,-0.00700332479589068,0.0773051396511827,0.0359098253221403,-0.00808755992920896,0.0242037681279686,-0.085316579248415,-0.00174350647133727
"heart_texture_ClusterShade_glcm_MYO_ES",0.00587726982296093,0.0156501318394176,0.0247143353381826,-0.0126139096071217,0.0794962095563081,0.0155967164710939,-0.0281688277453546,0.0109595521239795,-0.0817137315628924,-0.015036752435566
"heart_texture_ClusterTendency_glcm_MYO_ES",-0.0155297676275621,-0.257166159654993,0.0235718842669028,0.140476142796202,0.100031115482955,0.0270579298394465,-0.0446269528033535,0.0900134396889154,-0.0591894623397165,0.0440840113256978
"heart_texture_Contrast_glcm_MYO_ES",0.264130982753474,-0.174507920410875,-0.00373935637911226,0.182097745423779,0.101928636552868,-0.0387002908320359,-0.103298481029087,0.0928250726138955,-0.00791231564752386,-0.0192761121291435
"heart_texture_Correlation_glcm_MYO_ES",-0.393764356731975,-0.252906100258977,0.0431633974013644,-0.00838033108974019,0.0299648508907148,0.0605470142327044,0.0469376108852572,0.0811522366060721,-0.067786564398596,0.134421572289834
"heart_texture_DifferenceAverage_glcm_MYO_ES",0.324494302440868,-0.161368959076255,0.060518015685346,0.226623503356995,0.0963130548610865,-0.0546401595927866,-0.139842081607623,0.114604532910067,0.0111898066990155,-0.016610151507775
"heart_texture_DifferenceEntropy_glcm_MYO_ES",0.347581902184904,-0.21369233700071,0.0192236870271689,0.258465965678991,0.0868972478580842,-0.0418634240256992,-0.136010134625589,0.0880322647109803,0.0273567383146393,0.00577355198416862
"heart_texture_DifferenceVariance_glcm_MYO_ES",0.230352209535749,-0.187939313569875,-0.0461117953226673,0.164461784757378,0.0893906568111461,-0.0158223971760852,-0.0801087955973944,0.0614040964983602,-0.0103707484751714,-0.00582091068624295
"heart_texture_JointEnergy_glcm_MYO_ES",-0.125872208900798,0.221660909168793,-0.101326676171729,-0.164587454064619,-0.0605114077119374,-0.0307663743387466,0.116653221783492,-0.139270129924782,0.0403771660113511,-0.087987652495252
"heart_texture_JointEntropy_glcm_MYO_ES",0.154795461617308,-0.297879150407973,0.0725597721536356,0.228699955840411,0.0977621099946111,-0.0137806766675121,-0.111927386217057,0.142127782255615,-0.00630159699283372,0.058719688599347
"heart_texture_InformalMeasureofCorrelation1_glcm_MYO_ES",0.424418009952331,0.251788106210729,0.0407883765498376,0.063669316523018,-0.0212998954614724,-0.0631823981165179,-0.0676289727497853,-0.0785287212583849,0.0769302849015822,-0.129740553851098
"heart_texture_InformalMeasureofCorrelation2_glcm_MYO_ES",-0.33591919290532,-0.313414275140851,-0.0152384002164922,0.0144359664033655,0.0386101442267627,0.0737683144604409,0.0307872212691571,0.0953816012665188,-0.0500619263741654,0.140091935527466
"heart_texture_InverseDifferenceMoment_glcm_MYO_ES",-0.329956918571996,0.144790816388261,-0.0860176339178829,-0.229169648693752,-0.0915644248044053,0.0554877209224297,0.145850356868391,-0.117850920430952,-0.0139096767316247,0.0136054105591386
"heart_texture_InverseDifferenceMomentNormalized_glcm_MYO_ES",-0.182367558981028,-0.305218056752605,-0.376170859683243,-0.0532543291290078,-0.0106145117427322,0.0387188674934863,0.0640417961954166,-0.0181436496749484,0.0168098204655648,0.00374834908336784
"heart_texture_InverseDifference_glcm_MYO_ES",-0.326814396935262,0.136343099956877,-0.0952596272821152,-0.225188468134359,-0.0906288183757105,0.0531457276903779,0.146114257103189,-0.117928925017009,-0.0114641185891674,0.0121473673570415
"heart_texture_InverseDifferenceNormalized_glcm_MYO_ES",-0.254613939650371,-0.197090650587514,-0.339237383680914,-0.115086540047312,-0.0323256540842198,0.0472281695958433,0.100634432236963,-0.065344173573804,0.00875372810284464,0.000645520899383301
"heart_texture_InverseVariance_glcm_MYO_ES",0.291410430080007,-0.0770464281107285,0.147294580923954,0.190599973288655,0.0784877249954161,-0.0374988218063143,-0.140250853699612,0.112105168203056,-0.00153758469269466,-0.00251248663887654
"heart_texture_MaximumProbability_glcm_MYO_ES",-0.112824657343908,0.19632482937369,-0.10226172361704,-0.144979853491631,-0.064400837097909,-0.0643966946465775,0.133485130381912,-0.146862108848124,0.0418627172612684,-0.070619937937365
"heart_texture_SumAverage_glcm_MYO_ES",0.0203426384489015,-0.562202266670081,-0.434436295424107,0.0649069307068542,0.0148992593698025,0.0529888678959603,0.0640325533504147,0.0489138886687921,0.0480113060671646,0.00778787149618344
"heart_texture_SumEntropy_glcm_MYO_ES",0.0426919569082324,-0.327610738861654,0.0754780653552526,0.198388292069665,0.0928018562812536,0.00649613744945368,-0.0845228662355995,0.144236543682642,-0.0239666374295643,0.088868359529815
"heart_texture_SumofSquares_glcm_MYO_ES",0.0485103005304574,-0.25055336143936,0.0183932181136956,0.156969280528981,0.105348155420884,0.0131410896078588,-0.0603970705961809,0.0950538266131537,-0.0501945696271745,0.0315529706594167
"heart_texture_SmallAreaEmphasis_glszm_MYO_ED",0.0109949265060645,-0.212273284973424,-0.212131926773285,0.093465642686961,0.0604492821756355,-0.0125839311781978,0.0552099312528239,0.0208277102533849,0.0480856295497924,-0.0307090696123888
"heart_texture_LargeAreaEmphasis_glszm_MYO_ED",-0.738487455601487,0.0770266846668436,-0.0297984421958827,-0.161171920807436,-0.0642219936871752,0.0513984402244067,0.109684722598037,-0.0611569152939895,-0.0765866812341346,-0.0163561179829792
"heart_texture_GrayLevelNonUniformity_glszm_MYO_ED",-0.274841687234107,-0.134849768094489,0.279766282694357,0.0963604610891642,-0.0601058165066994,0.104784888870632,-0.0794841868716189,0.0730912245638568,-0.0948321729297471,-0.0868832046051416
"heart_texture_GrayLevelNonUniformityNormalized_glszm_MYO_ED",-0.247641405678545,0.354206218238941,0.337197179685099,-0.260327777854969,-0.00843772116296247,0.0993699182669855,0.0524695824526741,0.0198218324181113,-0.0303570794628827,-0.0330805677596316
"heart_texture_SizeZoneNonUniformity_glszm_MYO_ED",-0.274841687234107,-0.134849768094489,0.279766282694357,0.0963604610891642,-0.0601058165066994,0.104784888870632,-0.0794841868716189,0.0730912245638568,-0.0948321729297471,-0.0868832046051416
"heart_texture_SizeZoneNonUniformityNormalized_glszm_MYO_ED",0.0156867342653608,-0.209673785962206,-0.222261319605258,0.0928226206489737,0.055185587668807,-0.013355378606681,0.0684894264963474,0.0195218789178619,0.0607408124830601,-0.0283781630996033
"heart_texture_ZonePercentage_glszm_MYO_ED",0.522830735196413,-0.26033032956321,-0.0398184297326843,0.227000959188034,0.0308452235360914,-0.0428312836361915,-0.0954700369442439,0.0347557238313484,0.058102988464971,-0.118388436269338
"heart_texture_GrayLevelVariance_glszm_MYO_ED",0.155544056913822,-0.304069398196381,-0.382180744373657,0.190832822884163,0.0149160560720382,-0.00259012698328707,-0.0195659714874401,-0.0398303478962257,0.049784792514723,-0.0279771535493948
"heart_texture_ZoneVariance_glszm_MYO_ED",-0.739847246555885,0.073892189616745,-0.0289458349791806,-0.159769979255632,-0.0641632951504212,0.0516369549149141,0.109406655741347,-0.0613038673878596,-0.0770166962508486,-0.0179944421416441
"heart_texture_ZoneEntropy_glszm_MYO_ED",0.162905666560847,-0.264733006584568,-0.16626385372678,0.201587810876576,-0.0629652322847625,-0.0313795899914898,-0.140055899301446,-0.0308107534464487,-0.0634151360012345,0.0504249985116603
"heart_texture_LowGrayLevelZoneEmphasis_glszm_MYO_ED",-0.0748015481795843,0.32415385775134,0.481442142961219,-0.0527442637755873,0.0914852617370771,-0.080529618123808,0.00719304280486339,-0.0176748772858394,-0.0534150489058673,0.0459464472913426
"heart_texture_HighGrayLevelZoneEmphasis_glszm_MYO_ED",0.148895383534403,-0.362171614293741,-0.480997817436748,0.14340077716367,-0.0496796336268003,0.0199342485342643,-0.0296398395708833,-0.0174028970620438,0.0456269985449105,-0.0433430080745203
"heart_texture_SmallAreaLowGrayLevelEmphasis_glszm_MYO_ED",-0.112418734873357,0.283011722958873,0.429085382239185,-0.0556441062574282,0.109959184022655,-0.0782969103201982,-0.0283560582315458,0.0109482726210754,-0.041743344210391,0.0322346585976081
"heart_texture_SmallAreaHighGrayLevelEmphasis_glszm_MYO_ED",0.157645957368028,-0.367621769750691,-0.474345403449374,0.160894951664604,-0.0396847620215234,0.0115491051818291,-0.00856662117557641,-0.0120851378996705,0.0512135122273155,-0.0565276918879626
"heart_texture_LargeAreaLowGrayLevelEmphasis_glszm_MYO_ED",-0.383896062420036,0.254234033833521,0.301280749204083,0.00197757916996613,-0.0119452258485267,0.0233328727623305,0.0834563417001531,-0.0529886273398308,-0.0348687272951944,-0.00627400318294061
"heart_texture_LargeAreaHighGrayLevelEmphasis_glszm_MYO_ED",-0.646017433606536,-0.112070905785003,-0.330603067143861,-0.15848054190949,-0.0524216648249765,0.0550964735388539,0.1186921154288,-0.0425780144131636,-0.00974100241588009,-0.00741123475721166
"heart_texture_SmallAreaEmphasis_glszm_MYO_ES",-0.0725545614559931,-0.123835460701991,-0.0401104974159737,0.0779617640874577,0.0271231335251475,-0.0220262241878392,0.0351287245075544,0.0378485786700871,0.0414365207802819,-0.0511697809176188
"heart_texture_LargeAreaEmphasis_glszm_MYO_ES",-0.648208535269747,0.17331881091309,0.00468800291100823,-0.126986836028692,-0.142391578203429,0.0726466703180081,0.0883825971187512,-0.114283868627137,-0.127243908762961,0.00615506871552589
"heart_texture_GrayLevelNonUniformity_glszm_MYO_ES",-0.32493612016864,0.0858963556589796,0.0649834408740328,0.154244763087351,-0.10697424166892,-0.0249136086243477,-0.0247143843952093,-0.0223376225116075,0.000399542086280484,-0.126991728591621
"heart_texture_GrayLevelNonUniformityNormalized_glszm_MYO_ES",-0.02670931610357,0.478114528982871,0.150910245038383,-0.159170670081555,-0.16622708143678,-0.0423673136010148,0.00251960933112669,-0.159564283582523,0.000940895494397658,-0.026568191816734
"heart_texture_SizeZoneNonUniformity_glszm_MYO_ES",-0.32493612016864,0.0858963556589796,0.0649834408740328,0.154244763087351,-0.10697424166892,-0.0249136086243477,-0.0247143843952093,-0.0223376225116075,0.000399542086280484,-0.126991728591621
"heart_texture_SizeZoneNonUniformityNormalized_glszm_MYO_ES",-0.058077053539841,-0.115889112371275,-0.0430119057654362,0.0800532981766848,0.0211900126767151,-0.0184233081623117,0.0420170555167795,0.02792406488668,0.0460454113988194,-0.056853432902119
"heart_texture_ZonePercentage_glszm_MYO_ES",0.373462626790574,-0.221004815312206,-0.100382958562973,0.209982348125869,0.0902043806475548,-0.0661051467697151,-0.0645061993286173,0.0954771118249712,0.131825448208739,-0.131409527391952
"heart_texture_GrayLevelVariance_glszm_MYO_ES",0.0997676482104944,-0.396548015321472,-0.218002555649117,0.133163381262301,0.0872996682218169,-0.00497792954764398,-0.00799881228552878,0.0533426391415462,0.0392677538955205,-0.0368430384884374
"heart_texture_ZoneVariance_glszm_MYO_ES",-0.655348578892266,0.170608780455362,0.00225799157607227,-0.124082475082966,-0.143621221273006,0.0695222393400382,0.0896691633664324,-0.114719317892938,-0.126915200708231,0.000729553851519423
"heart_texture_ZoneEntropy_glszm_MYO_ES",-0.0309067026901103,-0.387466835624689,-0.171685450909975,0.124790066080823,0.101752254008662,0.0562021348523819,-0.0540154773776064,0.127369325073018,-0.0155869789034573,0.0060287042921257
"heart_texture_LowGrayLevelZoneEmphasis_glszm_MYO_ES",0.0231119935060477,0.366569156206902,0.431943553171823,-0.0347782437365923,0.0202377559667742,-0.0820705431447221,-0.00197480676522311,-0.0569985653908062,-0.0345772256973905,-0.0675431177942788
"heart_texture_HighGrayLevelZoneEmphasis_glszm_MYO_ES",0.0220242272537289,-0.421454897108753,-0.382692282593373,0.0927453802989047,0.0366889220127725,0.0241682757211131,-0.00891104836737642,0.0285047974531821,0.0496840534339831,0.0110191456569835
"heart_texture_SmallAreaLowGrayLevelEmphasis_glszm_MYO_ES",-0.0100445877873176,0.3395113083828,0.394702218530787,-0.0213720138907269,0.0117296376664636,-0.0803083007367918,0.0268599947808532,-0.0499439568415956,-0.0185404351205937,-0.0723228746885069
"heart_texture_SmallAreaHighGrayLevelEmphasis_glszm_MYO_ES",0.0272871460691616,-0.425029928869948,-0.364958824271225,0.110286616869913,0.0396245086810271,0.00668839151334091,-0.00775677318481964,0.0340088009818314,0.0565645213784137,-0.00845340614186164
"heart_texture_LargeAreaLowGrayLevelEmphasis_glszm_MYO_ES",-0.294845209511727,0.347543919110077,0.20730244955321,0.00528870254837635,-0.0785574751249667,0.00221378282638779,0.0717821673704035,-0.0961695161128494,0.0133018504795028,-0.0850074229384063
"heart_texture_LargeAreaHighGrayLevelEmphasis_glszm_MYO_ES",-0.537002198049319,-0.212528975075266,-0.244674032157879,-0.139234829175081,-0.101241381706548,0.131974404727122,0.134753312904084,-0.0491706403253209,-0.0941122644676094,0.0615471870318168
"heart_texture_ShortRunEmphasis_glrlm_MYO_ED",0.636065945591841,-0.173231761793504,0.0927641262785305,0.163799417863709,-0.0041680841837149,-0.0259894933140016,-0.143479434978389,0.0951945222026657,0.0136724044397138,-0.0139593722286022
"heart_texture_LongRunEmphasis_glrlm_MYO_ED",-0.610453676974318,0.167534307692158,-0.0806610150846303,-0.157742723128737,-0.00253554898295699,0.00723244426604848,0.103649219254233,-0.093783485201229,-0.0487022128022831,-0.0392073245794153
"heart_texture_GrayLevelNonUniformity_glrlm_MYO_ED",-0.838669595861676,-0.0920313134418683,0.0451770043167339,-0.0333179745362231,-0.0552067739123679,0.107704064218687,0.0537827730229524,0.0184253946926997,-0.131398148927196,-0.0138571212153549
"heart_texture_GrayLevelNonUniformityNormalized_glrlm_MYO_ED",-0.438262857622553,0.188037737177832,-0.0143630083393931,-0.28226700329823,0.0935922883320784,0.0601331810458448,0.126952449532719,-0.0779693531864758,0.0232075885030907,-0.112935036190371
"heart_texture_RunLengthNonUniformity_glrlm_MYO_ED",-0.548302636912923,-0.27562460638919,0.12597202483265,0.198723637267854,-0.091670306610884,0.101057243578484,-0.0716625456436458,0.116447206770383,-0.174658473000536,0.0616681780995459
"heart_texture_RunLengthNonUniformityNormalized_glrlm_MYO_ED",0.62113705452689,-0.157221702003518,0.0980602369665599,0.160033850302731,0.00533820175335988,-0.0298187517424388,-0.147116997647644,0.0997808772818349,0.00657136407043343,-0.0305265068101423
"heart_texture_RunPercentage_glrlm_MYO_ED",0.614190516840912,-0.140331516117606,0.0931754980009919,0.162518830953577,0.0146973001579343,-0.0291750091611744,-0.133730922805919,0.101726862630141,0.0198869350787246,-0.0218111453921056
"heart_texture_GrayLevelVariance_glrlm_MYO_ED",0.282801850673667,-0.184368809743057,-0.0837501035087621,0.19789859330536,0.0168221755467549,-0.0148609152819657,-0.0955723691566836,0.0233002253301046,-0.0214345098252834,0.0173462929451297
"heart_texture_RunVariance_glrlm_MYO_ED",-0.59114953519897,0.155968871582151,-0.0790094431583318,-0.160594913305163,-0.0055337413619938,0.000932035503906159,0.0877401503528523,-0.0979263402879585,-0.0556943386370506,-0.045461700730915
"heart_texture_RunEntropy_glrlm_MYO_ED",-0.267813987282924,-0.157645651420943,-0.260180992679111,0.204484353326283,-0.0725392077521987,-0.0291805240344109,0.0353068330877312,-0.0709274303710069,-0.0141430496447622,0.0992407018864394
"heart_texture_LowGrayLevelRunEmphasis_glrlm_MYO_ED",0.0696715208299812,0.375698967632483,0.618374400165079,0.00193177854823431,0.0576372836403845,-0.0140844907024759,-0.0192713479397725,-0.0177154024257498,0.0109452902934245,0.018830815259349
"heart_texture_HighGrayLevelRunEmphasis_glrlm_MYO_ED",0.0476469626535812,-0.382020116117854,-0.563627676039478,0.117081706734703,-0.00738555844998456,-0.0249897760625243,0.0177977786999866,-0.00781776357928155,0.054307543941819,-0.0325940354419775
"heart_texture_ShortRunLowGrayLevelEmphasis_glrlm_MYO_ED",0.123182409913843,0.357398825593449,0.627894183275933,0.00796300001764615,0.0653827313469239,-0.0216400692220678,-0.02995155192772,-0.0125149715173107,0.00920373649914259,0.0185024004254261
"heart_texture_ShortRunHighGrayLevelEmphasis_glrlm_MYO_ED",0.148682290569852,-0.389356213652275,-0.512176290795429,0.139274655442325,-0.0124205310076715,-0.0232527518160868,-0.0129846459767215,0.00840060310455852,0.0465323541333609,-0.0367515978185014
"heart_texture_LongRunLowGrayLevelEmphasis_glrlm_MYO_ED",-0.128352603146132,0.375837529056254,0.485252149874031,-0.00817220530507527,0.034900685654664,0.00160236598614952,0.0266923980581448,-0.0302495328282149,0.00299528407816391,-0.00975737139397554
"heart_texture_LongRunHighGrayLevelEmphasis_glrlm_MYO_ED",-0.353255790280039,-0.243578671835327,-0.592874280473302,-0.0147890799112286,-0.00113446690115768,-0.0196904025463169,0.100532828651398,-0.066714444886061,0.0431140461612153,-0.0257118663925755
"heart_texture_ShortRunEmphasis_glrlm_MYO_ES",0.409837297493231,-0.0968792078747064,0.119057750090299,0.166307000287299,0.121061717813186,-0.067816046350891,-0.17438513989676,0.113566570314977,0.0312438467337981,-0.100563185005011
"heart_texture_LongRunEmphasis_glrlm_MYO_ES",-0.466188094408323,0.125884457613612,-0.124048987084363,-0.152798637610044,-0.0954440543464607,0.0148541022289855,0.147929427334437,-0.0956960707393203,-0.0755854768760054,0.021195770281543
"heart_texture_GrayLevelNonUniformity_glrlm_MYO_ES",-0.791425002381687,0.0791454950932596,0.0402383430771689,0.00930185738537331,-0.107036707859835,0.068756915041942,0.000192020410975689,-0.0259134633884373,-0.142705302085444,-0.0780390646339932
"heart_texture_GrayLevelNonUniformityNormalized_glrlm_MYO_ES",-0.0808014866978415,0.380947423734736,-0.0631321381669843,-0.227558428340762,-0.079254919150836,-0.00935167327321211,0.049370591930531,-0.13316578526495,0.0183171195113744,-0.125155909637493
"heart_texture_RunLengthNonUniformity_glrlm_MYO_ES",-0.4408216129698,-0.153793242560066,0.127917377135917,0.195361649670197,0.0363581369809188,0.0163927441967534,-0.0925121272833203,0.122511591411018,-0.129382432857699,-0.047741150755042
"heart_texture_RunLengthNonUniformityNormalized_glrlm_MYO_ES",0.398069786127081,-0.0937461142972394,0.119312140910108,0.145106345508215,0.129056346431648,-0.0744271490997847,-0.173390707073294,0.130686272663397,0.0255524191893847,-0.116662861877076
"heart_texture_RunPercentage_glrlm_MYO_ES",0.435742117132134,-0.119538499227601,0.126868929334595,0.136865689945176,0.126575056335009,-0.0560013751103692,-0.170048380656256,0.128546398491557,0.0335171294055034,-0.0945700770142668
"heart_texture_GrayLevelVariance_glrlm_MYO_ES",0.0579951029425924,-0.289513239411986,-0.034684359796051,0.147795439038503,0.103622902554453,0.0114081205918898,-0.0183987837391723,0.075867967737781,-0.0256112066518961,0.0297553268134007
"heart_texture_RunVariance_glrlm_MYO_ES",-0.48509493977581,0.115854103455826,-0.127612385046455,-0.145053074881885,-0.0952367175603618,0.00907070018750038,0.142721440375699,-0.104189360740301,-0.0942465911877252,0.0221134005507395
"heart_texture_RunEntropy_glrlm_MYO_ES",-0.430379784916659,-0.283627270440026,-0.130270069383749,0.0763779678710617,-0.0248302055371069,0.0571955724020486,0.123007815169207,-0.00161326745923777,-0.0416034707482427,0.175776305425951
"heart_texture_LowGrayLevelRunEmphasis_glrlm_MYO_ES",0.0070190133374565,0.471761584641738,0.456286293257269,0.00311497740102013,0.000114605512898443,-0.0556397976519734,0.0134627891106388,-0.0555753352173284,0.0383350205895857,-0.0372955606744757
"heart_texture_HighGrayLevelRunEmphasis_glrlm_MYO_ES",0.00801444155206178,-0.534972696253869,-0.421225031441746,0.0886972162687609,0.0356305282677108,0.0356904153416112,0.0572306133314582,0.0420972100260119,0.059447586702867,-0.0032124616176301
"heart_texture_ShortRunLowGrayLevelEmphasis_glrlm_MYO_ES",0.0675354678312644,0.442435894636266,0.479909472753238,0.0169063816269021,0.0214732655309095,-0.06135173982529,-0.00822039670441194,-0.0392651389833966,0.0319582660678183,-0.0450417651348862
"heart_texture_ShortRunHighGrayLevelEmphasis_glrlm_MYO_ES",0.0838715467504166,-0.501895135486427,-0.373079208796213,0.127011839322081,0.062742931425166,0.00701337600019712,0.0102464740960439,0.059773715735569,0.0641890197374447,-0.0277384989998865
"heart_texture_LongRunLowGrayLevelEmphasis_glrlm_MYO_ES",-0.182249038762169,0.436610139213562,0.278757964274822,-0.0207341588668006,-0.0481568540524193,-0.0385298286923154,0.0817064466767654,-0.0676977917056231,0.024926964845977,-0.0531511170231827
"heart_texture_LongRunHighGrayLevelEmphasis_glrlm_MYO_ES",-0.27684241927648,-0.390728517814673,-0.408405275447634,-0.0687449369068051,-0.0404848793840269,0.0814784050520136,0.153748185631895,-0.0226956613569522,-0.00810920919785163,0.0433968402396574
"heart_texture_Coarseness_ngtdm_MYO_ED",0.728991860352956,0.196232181711128,-0.0439931525954103,-0.076600428877966,0.0966893561402956,-0.157705394332922,0.00204636574139079,-0.00806406598556312,0.12014494335424,-0.099501794235778
"heart_texture_Contrast_ngtdm_MYO_ED",0.270076538391024,0.136369068990372,0.37416690701867,0.0751498691465202,0.0789231011221607,-0.0598437445305203,-0.0816960043031211,0.0411600708974866,0.0329774058761386,0.0354671808519109
"heart_texture_Busyness_ngtdm_MYO_ED",-0.277789481485392,0.250265644972614,0.464812275745997,0.0112318853684249,0.0180814519760136,0.0110432151465193,0.0286973937432582,-0.0333751605662721,-0.0480209917759597,0.0197261702071121
"heart_texture_Complexity_ngtdm_MYO_ED",0.242956154481601,-0.244265693625424,-0.231987689332739,0.181225212363188,-0.0537876974968035,0.060130101882572,-0.0705908372893678,-0.00415001147379595,-0.00905175682913264,-0.00589978235687142
"heart_texture_Strength_ngtdm_MYO_ED",0.270210628141338,-0.091744381759719,-0.213281447588437,0.0773475960046982,-0.0199773216163149,0.0569482026158911,-0.0291842783749237,-0.0398546378970943,0.00853831271085958,-0.0460225812429255
"heart_texture_Coarseness_ngtdm_MYO_ES",0.646199512975205,0.0479133036678067,-0.0278291059846365,-0.0923470422031136,0.0631229415458193,-0.0940626516600069,0.06313260406983,0.0107570832298316,0.155242090802527,-0.0763631836225556
"heart_texture_Contrast_ngtdm_MYO_ES",0.130018741774483,0.123019666030923,0.360084479617356,0.10013169305524,0.0388589912753892,-0.0160476086973796,-0.0556222845745194,0.0722612236079621,-0.0308232718284133,0.0382322102709063
"heart_texture_Busyness_ngtdm_MYO_ES",-0.299677169529156,0.377925450789101,0.370896707806141,0.0614029857013825,-0.0697282499718163,-0.00617969226670877,0.0122620246245856,-0.0553543114676344,-0.0525045032029072,-0.0113762850005908
"heart_texture_Complexity_ngtdm_MYO_ES",0.0927934062903982,-0.285919103298144,-0.225923297912346,0.121054226537978,0.082024410109936,-0.0150175532708171,-0.0527246484530919,0.0387214593445324,-0.00473319122820096,-0.00600818178472941
"heart_texture_Strength_ngtdm_MYO_ES",0.168327388303987,-0.216337623999645,-0.246672545730119,0.0325685191879503,0.0625217719775798,-0.0285957429785637,-0.0252026080781686,0.0112667410470174,0.0471828246017422,-0.0590796926889202
"heart_texture_SmallDependenceEmphasis_gldm_MYO_ED",0.590347361008245,-0.273947663570303,-0.023534621182115,0.231785549308686,0.0274499248500173,-0.0533855896500483,-0.103810207843143,0.0525206855071187,0.046493060449407,-0.0974777406673204
"heart_texture_LargeDependenceEmphasis_gldm_MYO_ED",-0.585950923810671,0.122303624103618,-0.0903346372255186,-0.154812850129316,-0.0164771200599736,0.0151970668276295,0.120009177063022,-0.103506621766624,-0.0235017381060608,0.00760397462233705
"heart_texture_GrayLevelNonUniformity_gldm_MYO_ED",-0.80267901322461,-0.0504905970115434,0.00956192567318358,-0.0820843308588941,-0.0528467483296998,0.0760579220912465,0.0704938276372096,-0.0308917826710026,-0.105472042784763,-0.0379846079781098
"heart_texture_DependenceNonUniformity_gldm_MYO_ED",-0.562049089884736,-0.234044625939771,0.112736278105179,0.178654433039528,-0.0927620705471402,0.0869948668957246,-0.0514477046514113,0.110570008509219,-0.152075972513102,0.057473492494346
"heart_texture_DependenceNonUniformityNormalized_gldm_MYO_ED",0.533893828374501,-0.089337019303189,0.087175396479671,0.139057881491158,0.0120398238697007,-0.0497878861681687,-0.115520845673637,0.109162009269933,0.0189325511357305,-0.0320512162269443
"heart_texture_GrayLevelVariance_gldm_MYO_ED",0.306812984108401,-0.157732242204391,-0.0428260026501821,0.193139681768862,0.0153284815024663,-0.0194271619213422,-0.107975888107235,0.0468730142508909,-0.0333870793428339,0.0296215152082509
"heart_texture_DependenceVariance_gldm_MYO_ED",-0.478448324927995,0.075255922398885,-0.0678899037497278,-0.13757002575333,-0.0126199445362724,-0.000257689449921737,0.0770721412185248,-0.102466060132678,-0.0378781236906939,0.00916970194357428
"heart_texture_DependenceEntropy_gldm_MYO_ED",-0.394022021187112,-0.0155239567195802,-0.171133445110333,0.22997645866717,-0.0730774170063683,-0.0355748617566269,0.0290841700838636,-0.0235896835126989,-0.118436042717706,0.176825582052279
"heart_texture_LowGrayLevelEmphasis_gldm_MYO_ED",0.0832786303702968,0.373464599260273,0.618287441457469,0.00518146980651938,0.0516251886294131,-0.00400068498133931,-0.0225163170965907,-0.0147869748890931,0.0162243408919311,0.0247763667227559
"heart_texture_HighGrayLevelEmphasis_gldm_MYO_ED",0.0335633825165414,-0.376723464412683,-0.574761057207958,0.117598152091258,-0.00241528525735421,-0.0325119257624741,0.0270408653189421,-0.0060882567228399,0.0585463981609502,-0.033604468119206
"heart_texture_SmallDependenceLowGrayLevelEmphasis_gldm_MYO_ED",0.3428954473866,0.188541160042072,0.549064106243985,0.0671367891915525,0.111035097040533,-0.0664771992701163,-0.0779930143985853,0.0121380919335829,0.0100346347073773,-0.0101199936271445
"heart_texture_SmallDependenceHighGrayLevelEmphasis_gldm_MYO_ED",0.318169813381916,-0.338606130996104,-0.312820852591339,0.202500261471799,-0.00906203675169576,-0.025789742282452,-0.0451782860890843,0.0247568505830685,0.0359200651416578,-0.088087112358272
"heart_texture_LargeDependenceLowGrayLevelEmphasis_gldm_MYO_ED",-0.157781591443656,0.358903520277768,0.457288909854975,-0.0271218307806568,0.0141866598494322,0.0158511717404468,0.0239956119142048,-0.0376477846929273,0.00610029593406443,0.0217697029413895
"heart_texture_LargeDependenceHighGrayLevelEmphasis_gldm_MYO_ED",-0.417538023307847,-0.206224859582581,-0.548121621423806,-0.0267137385266243,0.0003453982994004,-0.0230354423135787,0.143400675419326,-0.0868520065533133,0.0603050761186366,-0.00706046870190831
"heart_texture_SmallDependenceEmphasis_gldm_MYO_ES",0.416812241073572,-0.222105576396138,-0.0399650544876137,0.218220865014179,0.104989926112172,-0.0773700704602622,-0.103973274964632,0.126246161725835,0.10827457791169,-0.133335891338614
"heart_texture_LargeDependenceEmphasis_gldm_MYO_ES",-0.430732975889741,0.118105367827154,-0.138543523913799,-0.126309704224579,-0.126125640789167,0.0427767387494488,0.166878802880492,-0.119822891302161,-0.0304014945256908,0.0791574259355823
"heart_texture_GrayLevelNonUniformity_gldm_MYO_ES",-0.743646300043705,0.105157151605319,-0.0388028108306506,-0.0425573184075401,-0.137028463024553,0.0341432432972884,0.0774361096365499,-0.0937185356090747,-0.105738124585802,-0.0608168748568838
"heart_texture_DependenceNonUniformity_gldm_MYO_ES",-0.75298479608355,-0.122832527587,0.088308935782054,0.0952498409063767,-0.0559985246629884,0.0753790592442471,0.0106658919690347,0.0566397097650571,-0.172293027091994,-0.0023317971922056
"heart_texture_DependenceNonUniformityNormalized_gldm_MYO_ES",0.312844362569663,-0.0693531552392972,0.135195232078507,0.048940132451042,0.114084187772828,-0.04725056853445,-0.123411004093934,0.117522042102143,0.0139186841403257,-0.114235148731083
"heart_texture_GrayLevelVariance_gldm_MYO_ES",0.0669595591442253,-0.272676063074424,0.00847152556579287,0.151874267472249,0.105580439700628,0.0233307066863351,-0.0404412568997837,0.0935936896034599,-0.041197389811551,0.0352182863784576
"heart_texture_DependenceVariance_gldm_MYO_ES",-0.31889756551425,0.0915771491307697,-0.16071923582647,-0.0469573154306675,-0.110934360753114,0.018990908659383,0.125622099927118,-0.106158045904579,-0.0113637298137577,0.0633876649772435
"heart_texture_DependenceEntropy_gldm_MYO_ES",-0.245581082055711,-0.289787179656954,0.0164423989011113,0.144301430643145,0.0239130437866218,0.0827119833379438,-0.0315860061253549,0.0979224074177692,-0.0738576443032697,0.170112256493542
"heart_texture_LowGrayLevelEmphasis_gldm_MYO_ES",0.00272114591520156,0.480623269205967,0.447618200113355,0.00315257797082079,0.00103733327896303,-0.0516809109438445,0.0107156651023893,-0.0577654532577682,0.0421502642868385,-0.036343474089321
"heart_texture_HighGrayLevelEmphasis_gldm_MYO_ES",0.0159390694590743,-0.549118195672163,-0.418021283772547,0.0825871469972986,0.0266311057420147,0.0459279542556757,0.0660616760224014,0.0465004164535045,0.0598703422963921,-0.00136438954704121
"heart_texture_SmallDependenceLowGrayLevelEmphasis_gldm_MYO_ES",0.232362522178356,0.303277180311291,0.439988499940214,0.0539939915726087,0.0699306563911833,-0.0922693245705987,-0.0353288442766573,0.00110127564553874,0.0421034063566414,-0.105727701459088
"heart_texture_SmallDependenceHighGrayLevelEmphasis_gldm_MYO_ES",0.17533805819127,-0.377907818074751,-0.279237490513489,0.164119716224706,0.0723316251191918,-0.0334692431697954,-0.022259796768649,0.0708582571357174,0.075933093011578,-0.0561963742922639
"heart_texture_LargeDependenceLowGrayLevelEmphasis_gldm_MYO_ES",-0.163030502268618,0.473559048616072,0.303602661138722,-0.0230156701025771,-0.0534377150759399,-0.0412744908483445,0.0627577028963774,-0.0912026860577601,0.0413321656987034,-0.021654131760267
"heart_texture_LargeDependenceHighGrayLevelEmphasis_gldm_MYO_ES",-0.202245503969653,-0.431969294313086,-0.418426326148915,-0.0267467259947898,-0.0550787074291173,0.0974888087920046,0.158439646388145,-0.0222003917707845,0.0310718308438354,0.0572737233564688
