,PC1,PC2,PC3,PC4,PC5,PC6,PC7,PC8,PC9,PC10
heart_intensity_Percentile90_MYO_ES,-0.018998102,-0.118714266,-0.041127571,0.011151534,-0.003954235,0.035166613,0.022409578,-0.039446272,-0.048961184,-0.020686415
heart_intensity_RootMeanSquared_MYO_ES,-0.014395827,-0.113436538,-0.069350334,-0.013097938,0.014747927,0.016830758,0.011038806,-0.024699631,-0.039644996,-0.010928307
heart_intensity_Mean_MYO_ES,-0.013146755,-0.111301036,-0.07451585,-0.017912445,0.019573647,0.015392567,0.008806866,-0.020887675,-0.040947482,-0.008929752
heart_intensity_Energy_MYO_ES,0.036357064,-0.109875068,-0.046186342,0.014591606,-0.002689549,0.011430814,0.02158588,-0.013493112,-0.049971324,-0.023349528
heart_intensity_Energy_MYO_ED,0.031893436,-0.109491525,-0.054014004,0.019888805,-0.02072678,-0.005865319,-0.010448078,0.04679108,-0.018207174,-0.017411971
heart_texture_ShortRunHighGrayLevelEmphasis_glrlm_MYO_ES,-0.031739751,-0.109176044,-0.020024722,-0.01009746,-0.001702342,0.053021189,0.021517224,-0.019073663,-0.052086731,-0.080495914
heart_intensity_TotalEnergy_MYO_ES,0.039450119,-0.109033127,-0.046156396,0.015653293,-0.000953963,0.012772989,0.020121711,-0.010961746,-0.045263153,-0.024654684
heart_texture_HighGrayLevelRunEmphasis_glrlm_MYO_ES,-0.018721952,-0.108608173,-0.045279128,-0.010492038,0.030023841,0.055227753,0.031250168,-0.036101965,-0.025655184,-0.083424992
heart_intensity_Median_MYO_ES,-0.011755977,-0.108199034,-0.076232245,-0.027262313,0.039112159,0.010079228,0.008304202,-0.021678524,-0.030802003,-0.006117752
heart_intensity_TotalEnergy_MYO_ED,0.035323763,-0.107904311,-0.053883146,0.021265363,-0.019153664,-0.00440178,-0.012896621,0.051044064,-0.011883426,-0.01860895
heart_intensity_Percentile90_MYO_ED,-0.041912273,-0.107398931,-0.051618889,0.014977011,-0.029005727,-0.00547574,-0.01034851,0.030483281,0.01011519,-0.015880155
heart_texture_HighGrayLevelEmphasis_gldm_MYO_ES,-0.018635302,-0.10689895,-0.045483278,-0.017129337,0.048707515,0.056071237,0.031985686,-0.033725325,-0.017083213,-0.082335588
heart_texture_HighGrayLevelRunEmphasis_glrlm_MYO_ED,-0.027610456,-0.10641613,-0.070833684,0.004477425,-0.007251413,0.007801578,-0.00969606,0.053652573,0.014869263,-0.017731463
heart_intensity_RootMeanSquared_MYO_ED,-0.023996848,-0.105808086,-0.081327046,-0.005530922,-0.00447379,0.000142532,-0.020113774,0.044739891,-0.004530415,-0.003449049
heart_texture_ShortRunHighGrayLevelEmphasis_glrlm_MYO_ED,-0.040872949,-0.105693009,-0.056909259,0.005071809,-0.014805815,-0.007734342,-0.013743676,0.048487609,0.013952981,-0.016684969
heart_texture_HighGrayLevelEmphasis_gldm_MYO_ED,-0.026376175,-0.105428271,-0.071507812,0.000610742,0.005063275,0.011436661,-0.012190096,0.059435656,0.022566967,-0.026073575
heart_texture_HighGrayLevelZoneEmphasis_glszm_MYO_ES,-0.019981511,-0.105408908,-0.039389182,0.012475679,-0.056363747,0.014398736,0.014401734,-0.040831387,-0.054230916,-0.023565534
heart_texture_Autocorrelation_glcm_MYO_ES,-0.017345191,-0.104978494,-0.047267011,-0.019999397,0.056250734,0.056845103,0.034235556,-0.037870037,-0.016458044,-0.083025322
heart_intensity_Mean_MYO_ED,-0.019193787,-0.103972439,-0.086377148,-0.011388081,0.003132685,0.005067197,-0.02130651,0.045263408,-0.010836137,-0.005089217
heart_texture_JointAverage_glcm_MYO_ES,-0.017931795,-0.103720176,-0.049764381,-0.029524986,0.075362537,0.060934275,0.031729868,-0.028183374,-0.013708892,-0.078199837
heart_texture_SumAverage_glcm_MYO_ES,-0.017931795,-0.103720176,-0.049764381,-0.029524987,0.075362535,0.060934276,0.031729868,-0.028183376,-0.013708895,-0.078199838
heart_intensity_Maximum_MYO_ES,-0.018090154,-0.103265306,-0.046717371,0.013840336,-0.07108518,-0.02700053,-0.008111838,-0.030320087,-0.034299273,0.032820307
heart_texture_Autocorrelation_glcm_MYO_ED,-0.020681203,-0.103144756,-0.07534962,-0.003944769,0.016430484,0.024292152,-0.012609837,0.055449512,0.019794895,-0.040514344
heart_intensity_Range_MYO_ES,-0.019098258,-0.102637665,-0.030221915,0.017552057,-0.068562544,-0.014647054,-0.001203842,-0.038674985,-0.020069178,0.014061915
heart_texture_JointAverage_glcm_MYO_ED,-0.019810985,-0.102498533,-0.078077156,-0.014504038,0.038811292,0.030220378,-0.016773826,0.062414104,0.019789885,-0.03389896
heart_texture_SumAverage_glcm_MYO_ED,-0.019810985,-0.102498532,-0.078077157,-0.014504037,0.038811292,0.030220379,-0.016773823,0.062414105,0.019789883,-0.03389896
heart_texture_SmallAreaHighGrayLevelEmphasis_glszm_MYO_ES,-0.018855405,-0.101592468,-0.042051399,0.011674289,-0.059905712,0.010087247,0.009146272,-0.046181309,-0.055893883,-0.015856117
heart_intensity_Median_MYO_ED,-0.013790169,-0.100172163,-0.090130879,-0.017980407,0.022522765,0.010519438,-0.023101323,0.05214114,-0.001753623,-0.012516655
heart_texture_HighGrayLevelZoneEmphasis_glszm_MYO_ED,-0.033932865,-0.099194005,-0.064663258,0.023574871,-0.060368584,-0.035205482,-0.013732951,0.035008858,-0.018429028,0.064769165
heart_texture_SmallDependenceHighGrayLevelEmphasis_gldm_MYO_ES,-0.043560315,-0.098282842,-0.002501317,0.007198061,-0.097016146,0.00979483,0.004671242,-0.015066771,-0.038299185,-0.072380838
heart_intensity_Percentile10_MYO_ES,-0.007831788,-0.096875824,-0.101863901,-0.031040732,0.009957175,0.008437302,-0.004211502,0.003944069,-0.043303526,-0.009168107
heart_texture_SmallAreaHighGrayLevelEmphasis_glszm_MYO_ED,-0.033439364,-0.096650274,-0.067697279,0.021325398,-0.061053622,-0.03633237,-0.015584474,0.025035687,-0.024127233,0.063282325
heart_texture_Complexity_ngtdm_MYO_ES,-0.032822349,-0.09348213,0.00517133,0.043529086,-0.100424572,0.003301199,-0.001486387,-0.004476141,-0.028626801,0.00264391
heart_texture_GrayLevelVariance_glszm_MYO_ES,-0.028135621,-0.093211142,-0.01569821,0.037255351,-0.088237278,0.005187336,0.013197067,-0.055071756,-0.021868666,-0.007210414
heart_intensity_Percentile10_MYO_ED,0.001537941,-0.09244103,-0.104821305,-0.026499834,-0.000911912,0.015875997,-0.021135457,0.033707091,-0.051780991,4.23E-05
heart_texture_SmallDependenceHighGrayLevelEmphasis_gldm_MYO_ED,-0.057693707,-0.089791059,-0.02536494,0.029969146,-0.094827585,-0.038267029,-0.007468071,-0.000305031,-0.020592916,-0.027149769
heart_texture_GrayLevelVariance_glszm_MYO_ED,-0.039468372,-0.086457574,-0.055369679,0.02326882,-0.046109392,-0.033310796,-0.014885524,0.050889242,0.045571065,0.082431865
heart_texture_GrayLevelVariance_glrlm_MYO_ES,-0.029195007,-0.086296458,0.055948443,0.09662648,-0.10336534,0.041096381,0.041916703,-0.055490259,0.014097964,-0.046774612
heart_intensity_Variance_MYO_ES,-0.029580002,-0.085568528,0.060385054,0.092660517,-0.09839034,0.040375857,0.04473276,-0.060096737,0.010657827,-0.055040454
heart_texture_ZoneEntropy_glszm_MYO_ES,-0.011798641,-0.084494203,0.031232062,-0.004300608,-0.012806648,0.006275924,0.015375579,-0.035133535,-0.015301967,-0.028748503
heart_intensity_MeanAbsoluteDeviation_MYO_ES,-0.029243188,-0.082388624,0.087429321,0.07405804,-0.019449754,0.062468452,0.050490458,-0.089360122,-0.029687055,-0.015930058
heart_intensity_Maximum_MYO_ED,-0.032148892,-0.082065088,-0.056388352,0.014517937,-0.05978528,-0.076875927,-0.030123907,0.051768109,-0.028002078,0.141177429
heart_texture_GrayLevelVariance_gldm_MYO_ES,-0.031089181,-0.080501124,0.076897749,0.096950287,-0.079944144,0.059335912,0.043421118,-0.04645903,-0.00340676,-0.031319533
heart_intensity_Range_MYO_ED,-0.033364262,-0.080141345,-0.047385948,0.019340923,-0.058450787,-0.076600396,-0.026745398,0.05370609,-0.017571738,0.142115956
heart_texture_LongRunHighGrayLevelEmphasis_glrlm_MYO_ED,0.030967649,-0.079772419,-0.100941066,0.006238694,-0.005594578,0.050972006,0.0143656,0.054542718,-0.00788979,-0.027179649
heart_texture_SumofSquares_glcm_MYO_ES,-0.029545428,-0.077147009,0.082789818,0.098760245,-0.075069999,0.065143134,0.042236721,-0.038230354,-0.016005723,-0.026325654
heart_texture_ClusterTendency_glcm_MYO_ES,-0.020055056,-0.076962335,0.078281051,0.109022142,-0.065692419,0.06697846,0.050050952,-0.060035843,-0.004542866,-0.025944343
heart_texture_Complexity_ngtdm_MYO_ED,-0.045751007,-0.07616969,-0.021447952,0.03891055,-0.079677922,-0.077102137,-0.028132101,0.05533949,0.007020744,0.126159582
heart_intensity_Entropy_MYO_ES,-0.033280295,-0.07400157,0.10467628,0.05456206,0.028579733,0.090185225,0.036848913,-0.056813162,-0.0634107,0.034952243
heart_texture_LargeDependenceHighGrayLevelEmphasis_gldm_MYO_ES,0.021301309,-0.072964453,-0.097500817,-0.010730823,0.082841064,0.028790805,0.039626348,-0.054955151,0.058199029,-0.074129661
heart_texture_GrayLevelVariance_glrlm_MYO_ED,-0.058200215,-0.070879798,0.024560023,0.088907304,-0.120753836,-0.035129276,0.014162797,0.016275853,0.081013264,-0.000153267
heart_intensity_RobustMeanAbsoluteDeviation_MYO_ES,-0.023368797,-0.069809511,0.094920461,0.06821949,0.024746584,0.071436019,0.05115868,-0.088554299,-0.04000829,0.00804183
heart_texture_DifferenceVariance_glcm_MYO_ES,-0.050456163,-0.06880017,0.061570883,0.055564503,-0.116139508,0.031083958,0.01188182,0.021390281,-0.024975957,-0.036774407
heart_texture_Strength_ngtdm_MYO_ES,-0.032452718,-0.068659889,-0.046922829,0.021317471,-0.093401923,-0.041521889,-0.009457506,-0.04958925,-9.35E-05,0.007213379
heart_texture_DifferenceVariance_glcm_MYO_ED,-0.06696037,-0.068585458,0.025641178,0.062498468,-0.115969473,-0.044466393,5.55E-05,-0.006490467,0.018507682,-0.015555127
heart_intensity_Variance_MYO_ED,-0.061114468,-0.068111147,0.030049395,0.085256829,-0.110593155,-0.04000014,0.01157266,0.020425289,0.092219325,-0.010713053
heart_texture_LongRunHighGrayLevelEmphasis_glrlm_MYO_ES,0.030577133,-0.067454522,-0.098073017,-0.002521173,0.077942393,0.014850539,0.044972346,-0.0513449,0.047679206,-0.102302186
heart_texture_LargeDependenceHighGrayLevelEmphasis_gldm_MYO_ED,0.041596469,-0.06724808,-0.103626018,0.008576318,-0.002530658,0.069632564,0.01963487,0.035014645,-0.005266342,-0.01819763
heart_texture_SumEntropy_glcm_MYO_ES,-0.025799276,-0.066521463,0.110611249,0.061174731,0.04156158,0.099130166,0.034488917,-0.048502618,-0.075926156,0.051806003
heart_texture_InverseDifferenceMomentNormalized_glcm_MYO_ES,0.019428146,-0.065862892,-0.100715464,-0.00689324,-0.005860864,-0.04131299,-0.00090743,-0.065339302,0.050291992,-0.002412668
heart_intensity_InterquartileRange_MYO_ES,-0.022377009,-0.065647541,0.092943802,0.060796245,0.040948075,0.072498958,0.04905892,-0.087435916,-0.044394224,0.019713257
heart_texture_SumofSquares_glcm_MYO_ED,-0.062932481,-0.065545709,0.048103917,0.086780382,-0.087463839,-0.032195091,0.006375666,0.029480224,0.10657324,-0.024168196
heart_texture_ZoneEntropy_glszm_MYO_ED,-0.03907683,-0.065340511,0.021575417,0.003061358,0.022676138,-0.0425284,-0.0015649,0.042907651,0.050615893,0.007574311
heart_shape_SurfaceArea_RV_ED,0.08001604,-0.065149989,0.037176657,-0.008027685,0.033922466,-0.093599544,-0.000293296,-0.011403367,-0.03189433,0.016348756
heart_texture_GrayLevelVariance_gldm_MYO_ED,-0.062316946,-0.064839186,0.040196503,0.088008758,-0.099452112,-0.036752638,0.009358846,0.029190436,0.101512414,-0.005411651
heart_texture_ClusterTendency_glcm_MYO_ED,-0.054468806,-0.064316632,0.047198351,0.097724918,-0.088293395,-0.026362653,0.01317067,0.036323829,0.129470269,-0.022263799
heart_texture_JointEntropy_glcm_MYO_ES,-0.040085206,-0.063301929,0.114981758,0.045515133,0.022279675,0.093810603,0.023916874,-0.014549358,-0.087877952,0.04555416
heart_shape_MajorAxis_RV_ED,0.063203844,-0.062840702,0.024708443,-0.004313285,0.017787404,-0.043734683,-0.017097117,-0.016421995,-0.004750386,-0.059628368
heart_texture_RunEntropy_glrlm_MYO_ED,0.019976199,-0.062495476,-0.028322953,0.114616652,-0.069453797,0.060551684,0.062497382,0.016855455,0.098315024,0.073689911
heart_texture_Contrast_glcm_MYO_ES,-0.054768069,-0.062407395,0.081097597,0.04548897,-0.090868055,0.046171722,0.008228988,0.04082892,-0.050385154,-0.022338927
heart_texture_Contrast_glcm_MYO_ED,-0.075737311,-0.062406259,0.045807584,0.055319413,-0.07791083,-0.042009222,-0.008947307,0.0120041,0.047398775,-0.026162461
heart_texture_DependenceEntropy_gldm_MYO_ES,0.014949236,-0.061712561,0.074857227,0.087937364,0.067154961,0.100114991,0.053655335,-0.084945771,-0.027733004,0.068726846
heart_shape_Volume_LV_ED,0.082892605,-0.060257191,0.053069134,-0.010180617,0.033599435,-0.078251172,0.004435472,-0.045262533,0.014453681,-0.006714705
heart_cmr_LVEDV,0.082892607,-0.060257187,0.053069134,-0.010180616,0.033599434,-0.078251168,0.004435473,-0.045262534,0.014453684,-0.006714708
heart_shape_SurfaceArea_RV_ES,0.081608207,-0.060089591,0.041738533,-0.046949747,-0.002962646,-0.045028066,0.003638174,0.001279714,-0.009478582,0.058010785
heart_texture_RunEntropy_glrlm_MYO_ES,0.047070136,-0.058711402,-0.022203085,0.119940996,0.006884229,0.054099135,0.069130647,-0.138586027,0.055770333,0.005296311
heart_cmr_LVESV,0.079210089,-0.058601762,0.056826385,-0.070937153,-0.01802825,-0.012974667,0.008945724,-0.022043857,0.027576695,0.002553228
heart_shape_Volume_LV_ES,0.079210081,-0.058601719,0.056826454,-0.070937197,-0.018028324,-0.012974698,0.00894558,-0.02204389,0.027576565,0.002553023
heart_shape_Max2DdiameterSlice_RV_ED,0.045843006,-0.058193368,0.017516809,-0.022520823,0.022182619,-0.09202229,0.020822187,0.013292788,-0.041053611,0.007924655
heart_shape_MinorAxis_RV_ED,0.062479014,-0.057588081,0.021560723,-0.01467123,0.032103809,-0.106243164,0.015051937,0.009475543,-0.04885816,0.083539708
heart_shape_Volume_RV_ED,0.083811292,-0.057456642,0.038304624,-0.000521944,0.036866058,-0.081190293,0.008495089,-0.033545666,-0.006669907,0.060222096
heart_cmr_RVEDV,0.083811293,-0.057456639,0.038304624,-0.000521943,0.036866057,-0.081190291,0.00849509,-0.033545666,-0.006669904,0.060222096
heart_texture_SumEntropy_glcm_MYO_ED,-0.069311468,-0.057450137,0.065102206,0.047941089,0.050902966,-0.02675941,-0.012848557,0.054674622,0.131494477,0.01475127
heart_intensity_Entropy_MYO_ED,-0.078456523,-0.057089968,0.056447016,0.040881876,0.029540237,-0.03503656,-0.008789397,0.043271986,0.110933496,0.022115485
heart_texture_InverseDifferenceMomentNormalized_glcm_MYO_ED,0.01906253,-0.056833762,-0.095150721,-0.008556964,-0.014382479,-0.034240283,-0.013132863,0.062578663,-0.03547926,0.144530153
heart_texture_RunLengthNonUniformity_glrlm_MYO_ED,0.050536165,-0.056120398,0.095514219,0.006612052,0.054359504,-0.081566379,-0.040678008,0.069239684,-0.006953838,-0.061305792
heart_shape_LeastAxis_LV_ES,0.070349805,-0.055975918,0.067351614,-0.092728792,-0.015235545,-0.039486297,0.046087522,-0.014934804,0.030121977,-0.018045856
heart_shape_MinorAxis_LV_ED,0.066527512,-0.055785764,0.06524847,-0.036286986,0.033934271,-0.115330712,0.077416733,-0.020826989,-0.009401344,-0.045309756
heart_texture_DifferenceEntropy_glcm_MYO_ES,-0.062635672,-0.055471333,0.095550641,0.013427229,-0.040573675,0.059170092,-0.001313645,0.046244958,-0.087959431,0.021918789
heart_intensity_MeanAbsoluteDeviation_MYO_ED,-0.076161971,-0.055069405,0.058456025,0.065764522,-0.03113652,-0.04268295,0.006483009,0.025352032,0.1019389,0.006446079
heart_shape_LeastAxis_MYO_ED,0.082212078,-0.055048462,0.04731167,-0.008234407,0.028676509,-0.077224305,0.069086142,-0.012063624,-0.013266762,-0.009881646
heart_shape_Volume_RV_ES,0.081317981,-0.05469582,0.042249356,-0.044959333,-0.00199497,-0.038409415,0.007319792,-0.01316192,0.007420125,0.094297408
heart_cmr_RVESV,0.081317982,-0.054695818,0.042249357,-0.044959333,-0.00199497,-0.038409414,0.007319791,-0.01316192,0.007420128,0.094297405
heart_texture_InformalMeasureofCorrelation2_glcm_MYO_ES,0.031598226,-0.05440056,0.031079514,0.090663057,0.066036931,0.067244688,0.063228735,-0.16279556,0.005776637,0.02374367
heart_shape_LeastAxis_LV_ED,0.0707506,-0.054148149,0.060306863,-0.030916167,0.03550375,-0.108037999,0.083302162,-0.024827359,0.004254723,-0.020582809
heart_shape_MinorAxis_MYO_ED,0.078917689,-0.05397358,0.055813494,-0.020532953,0.03282537,-0.09276783,0.085758827,-0.010336183,-0.002707643,-0.027286816
heart_texture_ZonePercentage_glszm_MYO_ES,-0.060184985,-0.052792619,0.019256329,-0.044338119,-0.117036635,-0.048814855,-0.027137265,0.009147545,0.005402922,-0.101170244
heart_shape_SurfaceArea_LV_ES,0.082851231,-0.052573185,0.061150134,-0.059810536,-0.016404199,-0.014140522,-0.022704195,-0.002283836,0.005463584,-0.027422691
heart_texture_JointEntropy_glcm_MYO_ED,-0.077699146,-0.052223697,0.066644033,0.032556575,0.048511367,-0.033974894,-0.02181302,0.047157106,0.108340925,0.005520178
heart_texture_SmallDependenceEmphasis_gldm_MYO_ES,-0.068114366,-0.052112336,0.048933267,-0.05069449,-0.098643567,-0.029382286,-0.03301592,0.031026931,-0.030272793,-0.075344797
heart_shape_SurfaceArea_LV_ED,0.08487495,-0.05206355,0.058562189,-0.010753329,0.028715661,-0.080602331,-0.035787389,-0.016297081,-0.006412851,-0.046080836
heart_texture_DifferenceEntropy_glcm_MYO_ED,-0.085920632,-0.051838605,0.052863811,0.024938013,-0.026785872,-0.051337654,-0.01785019,-0.002602819,0.022139535,5.34E-05
heart_shape_Max3Ddiameter_RV_ED,0.070864907,-0.051821583,0.018694504,0.006180564,0.018044663,-0.044183877,-0.054704564,-0.009648113,-0.010498168,-0.011379058
heart_shape_MinorAxis_RV_ES,0.065849241,-0.050250778,0.030479057,-0.046477397,-0.005653855,-0.067518062,0.005148064,0.0195485,-0.032945104,0.115678877
heart_cmr_RAV.min,0.05526648,-0.050191933,0.018499999,-0.023211173,0.010622596,-0.029063457,0.022678487,-0.023178819,-0.018962763,0.046154246
heart_texture_DependenceNonUniformity_gldm_MYO_ED,0.052782431,-0.050056065,0.092533398,0.008876669,0.070452621,-0.064806076,-0.044137201,0.087113981,0.012777566,-0.048090502
heart_cmr_RVSV,0.070495751,-0.049439858,0.026844008,0.046555531,0.070932454,-0.110964635,0.008120757,-0.04871028,-0.02029609,0.01273671
heart_shape_LeastAxis_MYO_ES,0.088769073,-0.049229629,0.04672007,-0.038706719,-0.008370838,-0.023748482,0.045223169,0.00582749,0.01526638,-0.000917501
heart_shape_Max2DdiameterColumn_RV_ED,0.07097138,-0.049228457,0.032491167,0.01987943,0.016443978,-0.04739221,-0.029156009,-0.056276783,-0.008675455,0.011712876
heart_cmr_LVSV,0.068621861,-0.048908183,0.038095371,0.050003689,0.07567525,-0.123775642,-0.000821857,-0.05771579,-0.001175213,-0.014121362
heart_texture_ZonePercentage_glszm_MYO_ED,-0.072590686,-0.048840911,0.009232252,0.000426189,-0.099894075,-0.064464932,-0.007637409,-0.054399037,-0.060436106,-0.088774835
heart_shape_MinorAxis_LV_ES,0.071395999,-0.048724539,0.066191179,-0.080283644,-0.014453242,-0.040266754,0.041084761,-0.000473158,0.024812878,-0.039584994
heart_texture_RunLengthNonUniformity_glrlm_MYO_ES,0.035351689,-0.048691317,0.119987552,-0.013508489,-0.005407633,0.009816852,-0.020505334,0.113615561,-0.114652333,-0.03966408
heart_shape_LeastAxis_RV_ES,0.075423511,-0.048289513,0.040667643,-0.039117352,-0.002177162,-0.016760134,-0.002914947,-0.036125479,0.015638374,0.095316926
heart_shape_MinorAxis_MYO_ES,0.086550696,-0.048265242,0.055948189,-0.049771251,-0.009003284,-0.037224702,0.068418101,0.021264103,0.021230865,-0.031284089
heart_intensity_Minimum_MYO_ED,-0.006059546,-0.047728487,-0.082092916,-0.024697287,-0.034340822,-0.034912215,-0.034672408,0.00987992,-0.079019908,0.054842192
heart_texture_InformalMeasureofCorrelation2_glcm_MYO_ED,0.0047229,-0.047459143,0.003674542,0.086410799,0.029340979,0.015525979,0.030397122,0.070653184,0.163843085,0.046957889
heart_texture_SmallDependenceEmphasis_gldm_MYO_ED,-0.082490913,-0.047395796,0.020834482,-0.008205526,-0.068469253,-0.068798172,-0.01863472,-0.042796708,-0.045114517,-0.077301471
heart_shape_SurfaceArea_MYO_ED,0.092576002,-0.047326023,0.051481081,0.008488891,0.021877853,-0.057269038,-0.036172152,-0.004917816,-0.010555481,-0.032472613
heart_texture_DifferenceAverage_glcm_MYO_ED,-0.085781578,-0.047298737,0.064584681,0.022414273,0.00465932,-0.04253198,-0.027480872,0.027200678,0.054943754,-0.008970069
heart_texture_DifferenceAverage_glcm_MYO_ES,-0.060251796,-0.046715313,0.106104946,0.015264317,-0.028323386,0.067490781,-0.003367294,0.065685965,-0.097145225,0.026655368
heart_intensity_Minimum_MYO_ES,-0.004064894,-0.046683613,-0.080760107,-0.007707621,-0.039826825,-0.057049619,-0.028899536,0.017707781,-0.067089865,0.083113439
heart_shape_MajorAxis_RV_ES,0.064501215,-0.04637831,0.023708614,-0.015845842,-0.000131515,-0.002536484,-0.001920467,0.009074966,0.013331302,-0.070619961
heart_texture_Strength_ngtdm_MYO_ED,-0.040483658,-0.04558436,-0.050614901,0.014961006,-0.0834288,-0.080051764,-0.023017445,0.045475065,-0.019448367,0.162875617
heart_shape_Max2DdiameterColumn_LV_ES,0.078053528,-0.045255852,0.03175525,-0.007829297,-0.015003716,0.034795866,-0.092565476,-0.021137,0.00866589,0.0119197
heart_shape_Max2DdiameterRow_RV_ED,0.061998464,-0.04489109,0.025786339,-0.008095821,0.021870686,-0.070153812,-0.029344926,0.044959953,-0.025586081,0.044650477
heart_texture_DependenceEntropy_gldm_MYO_ED,0.030005774,-0.044768484,0.020914845,0.115263233,0.033740818,0.056933462,0.042884535,0.078025584,0.159516432,0.05454444
heart_texture_InverseDifferenceNormalized_glcm_MYO_ED,0.037008599,-0.044455346,-0.105370847,-0.000265892,-0.059219236,-0.030297311,0.001285695,0.032352656,-0.059482448,0.128415515
heart_shape_Max2DdiameterColumn_LV_ED,0.081279237,-0.044380109,0.02615932,0.022893809,0.018336039,-0.012972944,-0.129790426,-0.053152125,0.017544389,0.00957225
heart_shape_SurfaceArea_MYO_ES,0.094780295,-0.044109391,0.05311948,-0.0239069,-0.01005671,-0.014817257,-0.021829618,0.023837286,-0.007019012,-0.034029726
heart_shape_Max2DdiameterRow_LV_ED,0.075624179,-0.043040036,0.026638992,0.021382235,0.016151804,-0.011827737,-0.144280299,-0.051066067,0.024780739,-0.021226542
heart_texture_InverseDifferenceNormalized_glcm_MYO_ES,0.0347354,-0.042626286,-0.120607546,-0.00106972,-0.024497766,-0.064175231,0.004551267,-0.084548328,0.077579503,-0.028738073
heart_shape_Max2DdiameterRow_LV_ES,0.075874533,-0.042377338,0.032823171,-0.007824374,-0.0135256,0.028779011,-0.109279977,-0.02519033,0.001081313,-0.011134816
heart_shape_Max2DdiameterSlice_RV_ES,0.051135129,-0.042340184,0.019475787,-0.039805081,-0.00780488,-0.060078489,0.02311565,0.049489827,-0.016644325,0.046166785
heart_shape_Max3Ddiameter_LV_ED,0.076058525,-0.042193514,0.027989571,0.02180498,0.013581147,-0.014228677,-0.144005387,-0.04932851,0.022362562,-0.027092383
heart_shape_Max3Ddiameter_RV_ES,0.071943956,-0.041819946,0.024331088,-0.0121419,-0.001530142,-0.009625091,-0.032141055,0.005194534,0.006799816,-0.0072558
heart_shape_Max2DdiameterRow_RV_ES,0.052761661,-0.041694219,0.021338284,-0.040666799,0.002466814,-0.034970173,-0.011037608,0.068147293,-0.023440743,0.071238748
heart_cmr_RASV,0.032736486,-0.041441819,0.008759556,0.019840865,0.034233216,-0.090457529,-0.012454974,-0.025904855,-0.015568752,0.082821115
heart_shape_Max3Ddiameter_LV_ES,0.075596352,-0.041280873,0.033880224,-0.004800759,-0.014487159,0.028362865,-0.102869332,-0.024859519,0.004574466,-0.019138469
heart_shape_MajorAxis_MYO_ES,0.089198509,-0.041161692,0.039511589,-0.00017113,-0.010794912,0.018471727,-0.100415802,-0.010383938,0.005897365,-0.007569904
heart_texture_SizeZoneNonUniformityNormalized_glszm_MYO_ED,-0.004241463,-0.041031359,-0.05364252,0.014755939,-0.036210458,-0.005754424,-0.017911707,-0.006780499,-0.026996009,0.03584609
heart_texture_Correlation_glcm_MYO_ES,0.040880686,-0.040907728,0.032304333,0.091821571,0.071706418,0.064186227,0.062730589,-0.159308956,0.015653084,0.021725907
heart_texture_SmallAreaEmphasis_glszm_MYO_ED,-0.003627198,-0.040838562,-0.051356411,0.014760882,-0.035431076,-0.007534521,-0.017539481,-0.007355852,-0.027153424,0.034628229
heart_shape_Max2DdiameterColumn_RV_ES,0.067496774,-0.040488462,0.039916302,-0.008817056,-0.010789856,-0.011547174,-0.018053314,-0.07210573,0.00749176,0.011354095
heart_shape_Max2DdiameterRow_MYO_ED,0.075483318,-0.040302518,0.028308865,0.024077214,0.015139956,-0.009667449,-0.131262981,-0.039901138,0.023732108,-0.032845555
heart_shape_MajorAxis_MYO_ED,0.083363272,-0.040250359,0.039657961,0.028320247,0.014891103,-0.015959268,-0.141004969,-0.046087325,0.021275171,-0.00835136
heart_texture_LargeAreaHighGrayLevelEmphasis_glszm_MYO_ES,0.06571028,-0.039904822,-0.066346211,0.011129487,0.091803016,0.034490832,0.033087013,0.012181089,0.027439294,-0.039770295
heart_shape_Max2DdiameterColumn_MYO_ED,0.086623366,-0.039760129,0.033007007,0.027988031,0.016453626,-0.010146802,-0.112253375,-0.045704841,0.01671209,0.010580695
heart_shape_Max2DdiameterColumn_MYO_ES,0.090773774,-0.03968956,0.03445284,0.008726399,-0.008150587,0.026829034,-0.079655727,-0.01227984,0.007459134,0.004598102
heart_texture_LargeAreaHighGrayLevelEmphasis_glszm_MYO_ED,0.075058395,-0.039194747,-0.064599363,-0.001231193,0.041850805,0.055311193,0.003828355,0.062827364,0.019500928,-0.003175326
heart_shape_LeastAxis_RV_ED,0.073475179,-0.038773889,0.036705221,0.013667484,0.035695007,-0.05148818,0.002338164,-0.061081502,0.010186357,0.056716898
heart_texture_ClusterProminence_glcm_MYO_ED,-0.020871482,-0.038435842,0.019966175,0.090359616,-0.127179375,-0.017517465,0.019118731,0.024045716,0.116733541,-0.037406461
heart_shape_Max2DdiameterSlice_LV_ED,0.055131652,-0.038175537,0.055526078,-0.024897978,0.02298504,-0.093679351,0.015704236,-0.008804914,-0.012645139,-0.08543247
heart_shape_MajorAxis_LV_ES,0.081058053,-0.037764538,0.026508969,0.00751363,-0.012009487,0.048637247,-0.115808761,-0.0193147,0.000702075,0.001202612
heart_shape_Max3Ddiameter_MYO_ED,0.074452467,-0.037738218,0.031214034,0.023371146,0.011210809,-0.013119786,-0.129315719,-0.039363684,0.022591226,-0.036805317
heart_texture_ClusterShade_glcm_MYO_ED,-0.025963152,-0.037629569,0.018892047,0.08964418,-0.150767055,-0.035595866,0.01826079,0.010130093,0.080212265,-0.001267516
heart_shape_MajorAxis_LV_ED,0.081339738,-0.037415122,0.020790967,0.036354745,0.014948721,0.011357254,-0.162954394,-0.045553341,0.024788683,0.009711536
heart_texture_ClusterProminence_glcm_MYO_ES,-0.013101093,-0.036027224,0.027356055,0.092166828,-0.120522469,0.003243879,0.027035899,0.009006757,0.106399502,-0.066708265
heart_texture_DependenceNonUniformity_gldm_MYO_ES,0.082587809,-0.035780315,0.069612906,0.035334874,0.019589544,0.025093295,0.008164191,0.068697467,-0.069180498,-0.012375163
heart_shape_Max2DdiameterRow_MYO_ES,0.073349487,-0.035249549,0.031176364,0.003848687,-0.004211532,0.021568175,-0.094813475,-0.006239854,0.011754383,-0.039217438
heart_intensity_RobustMeanAbsoluteDeviation_MYO_ED,-0.067500434,-0.034663843,0.077450516,0.061303835,0.022442778,-0.03374734,0.003768799,0.04737799,0.132307193,0.004498901
heart_shape_Max2DdiameterSlice_MYO_ED,0.059131798,-0.033419199,0.048941045,-0.014267607,0.017443653,-0.075803837,0.015122712,0.009880182,-0.019242978,-0.084452563
heart_texture_ClusterShade_glcm_MYO_ES,-0.012814603,-0.03308418,0.026026937,0.09847956,-0.144949021,0.002331165,0.024913664,0.009495668,0.086766343,-0.062569739
heart_shape_Max3Ddiameter_MYO_ES,0.070941611,-0.031890873,0.033262422,0.006377493,-0.007229131,0.011743475,-0.090234621,-0.011684615,0.012239627,-0.040431028
heart_cmr_Ecc_AHA_9,0.011402193,-0.031197369,0.019056697,-0.088357201,-0.033447512,-0.025473303,0.022572171,0.078271099,0.007342081,0.058835017
heart_cmr_Ecc_AHA_13,0.02666548,-0.031136877,0.032587483,-0.130323479,-0.053378574,0.062170543,0.04797333,-0.007841278,0.073495144,0.020686676
heart_intensity_InterquartileRange_MYO_ED,-0.063396364,-0.030823085,0.073230449,0.05278475,0.048360008,-0.033297979,-0.001523102,0.060292177,0.13590016,0.014848426
heart_cmr_Ecc_Global,0.040752577,-0.030578438,0.043761036,-0.156713806,-0.074887289,0.073606442,0.027097854,0.029917305,0.094667611,0.034149388
heart_shape_Max2DdiameterSlice_LV_ES,0.062135343,-0.030360186,0.049910535,-0.044847747,-0.005100711,-0.022384706,0.003852095,-0.004535208,0.022053006,-0.057888487
heart_cmr_LASV,0.040960106,-0.030315345,0.039045378,0.054161748,0.073014524,-0.099360466,0.019361489,-0.085610133,-0.003603106,-0.008827435
heart_intensity_Kurtosis_MYO_ED,0.004980347,-0.028890536,-0.067480929,0.000163582,-0.09211362,-0.069587444,-0.033509212,0.036869669,-0.069401252,0.161817056
heart_shape_Volume_MYO_ED,0.102885879,-0.026560618,0.032003383,0.03994805,0.005629233,-0.001926725,0.001407058,0.042730321,0.001759309,-0.017008701
heart_cmr_LVM,0.102885879,-0.026560615,0.032003384,0.039948051,0.005629229,-0.001926721,0.001407056,0.042730322,0.00175931,-0.017008698
heart_texture_RunLengthNonUniformityNormalized_glrlm_MYO_ES,-0.065225788,-0.02546615,0.105148654,-0.056257994,-0.020606782,0.011050886,-0.035108987,0.081751035,-0.10503184,-0.017093339
heart_texture_ShortRunEmphasis_glrlm_MYO_ES,-0.066152362,-0.025403077,0.104824403,-0.054912438,-0.020540493,0.014867817,-0.035133908,0.083778363,-0.100461176,-0.006512352
heart_texture_RunPercentage_glrlm_MYO_ES,-0.068624398,-0.024859998,0.107798865,-0.052170565,-0.001324989,0.025475667,-0.02825337,0.06562809,-0.104671354,0.010153152
heart_cmr_Ell_2,-0.009403102,-0.023578977,-0.009200485,-0.025393996,-0.045495883,0.029928186,0.011278921,0.033226955,-0.015950833,-0.047059337
heart_cmr_Ecc_AHA_14,0.021924813,-0.023468736,0.023979536,-0.132831668,-0.052764541,0.026707739,0.047256024,0.037880408,0.056683975,0.060215442
heart_texture_Correlation_glcm_MYO_ED,0.032615675,-0.022917833,0.011799527,0.081913302,0.04208721,0.035500787,0.039722019,0.059577997,0.163029128,0.046739239
heart_shape_Volume_MYO_ES,0.102534122,-0.022496059,0.026837479,0.047758211,0.005797402,0.007212559,0.010627842,0.048164671,0.001636219,-0.022342789
heart_cmr_LAV.min,0.036181908,-0.022455949,0.05035649,0.011955265,0.016478641,-0.04986424,0.050576527,-0.030730795,-0.015727048,-0.025162631
heart_texture_ShortRunEmphasis_glrlm_MYO_ED,-0.089492982,-0.02190817,0.062435768,-0.039682306,0.049450468,-0.08028618,-0.048487375,0.01075623,0.018412643,-0.034788684
heart_shape_Max2DdiameterSlice_MYO_ES,0.058878749,-0.021825307,0.041937215,-0.015966915,-0.002136904,-0.039021308,-0.000210006,0.027215765,-0.000916585,-0.08149109
heart_texture_RunLengthNonUniformityNormalized_glrlm_MYO_ED,-0.088010752,-0.020505448,0.064261146,-0.041050509,0.045718964,-0.084475002,-0.049252725,0.015307865,0.012285019,-0.045987297
heart_shape_Elongation_RV_ES,0.0251814,-0.020297198,0.016391271,-0.037335037,-0.005920557,-0.068623025,0.004525681,0.016585121,-0.041739745,0.167080404
heart_cmr_Ecc_AHA_7,0.028174348,-0.02002858,0.028418911,-0.094819678,-0.061267319,0.071841437,-0.017665469,0.017444135,0.070210484,-0.015327992
heart_shape_SurfaceAreatoVolumeRatio_MYO_ES,-0.077052928,-0.019418706,0.026164441,-0.133491102,-0.033822231,-0.036023638,-0.05306671,-0.057600956,-0.01110643,-0.009926381
heart_intensity_Kurtosis_MYO_ES,-0.002757539,-0.019187789,-0.07571614,-0.010051734,-0.107575831,-0.075403595,-0.036651355,0.017628467,0.009843407,0.020461974
heart_texture_SmallAreaEmphasis_glszm_MYO_ES,0.007482876,-0.019050571,-0.022393051,0.012930393,-0.028939638,0.000399482,-0.012218994,-0.02140786,-0.020535706,0.013574884
heart_cmr_Ecc_AHA_16,0.013468996,-0.018902626,0.02616637,-0.127377718,-0.041760611,0.033868414,0.085051177,0.0208709,0.054282507,0.047093513
heart_cmr_DAo.distensibility,-0.003881516,-0.01884612,0.01457466,-0.011075145,-0.005203397,-0.015705715,-0.005092185,-0.066627481,-0.018526607,-0.009156632
heart_texture_GrayLevelNonUniformity_glrlm_MYO_ED,0.102163293,-0.018791209,0.015554479,-0.000428909,0.003931665,-0.020136198,-0.013036724,0.031022881,-0.062336477,-0.038234258
heart_texture_RunPercentage_glrlm_MYO_ED,-0.087630123,-0.018402765,0.064535605,-0.040310143,0.061746441,-0.077086608,-0.051573243,0.025459236,0.025186323,-0.035895918
heart_cmr_AAo.distensibility,-0.002629254,-0.017773915,0.016755954,-0.011093432,-0.007092709,-0.012291223,-0.008243654,-0.070800043,-0.019748501,-0.017567676
heart_cmr_Ecc_AHA_11,0.02445018,-0.017734395,0.024339654,-0.084958213,-0.029317186,0.052124198,0.020554279,-0.028673322,0.049037242,0.030716995
heart_texture_InverseVariance_glcm_MYO_ES,-0.050117951,-0.017123012,0.114840032,-0.005867554,0.041242522,0.078713375,-0.014946109,0.089249751,-0.110879753,0.077860503
heart_cmr_LVCO,0.051726343,-0.017007144,0.021951556,0.069414883,0.057297489,-0.0963387,-0.028910747,0.019208373,0.040321561,-0.017916503
heart_texture_SizeZoneNonUniformityNormalized_glszm_MYO_ES,0.006333466,-0.016939422,-0.024855236,0.014897041,-0.026536733,0.001749124,-0.012485055,-0.023096049,-0.021487981,0.017797165
heart_cmr_Ecc_AHA_12,0.030193086,-0.016748127,0.025104437,-0.069046471,-0.035366807,0.03832674,0.015852683,0.003090908,0.041914985,0.03047318
heart_shape_Sphericity_LV_ED,-0.030827355,-0.016372934,-0.031432781,0.001824667,0.012259125,0.023835865,0.147808618,-0.093419862,0.06529796,0.141273787
heart_shape_Flatness_LV_ES,-0.020470427,-0.015118961,0.041446557,-0.106098637,-0.002301281,-0.098882729,0.179235553,0.004943277,0.033024875,-0.025237212
heart_cmr_Ell_Global,0.026041565,-0.015091947,-0.000802309,-0.087479402,-0.070573534,0.095341702,0.001965719,0.086061743,0.038359928,-0.002902465
heart_shape_Sphericity_LV_ES,-0.033558051,-0.014629773,-0.02664029,-0.036283949,-0.000932386,0.004273557,0.128212194,-0.083510847,0.082199661,0.121270967
heart_cmr_Ecc_AHA_3,0.016446721,-0.014149061,0.019536299,-0.045528537,-0.02570611,0.000338712,-0.019119199,0.056973719,0.0238623,0.056166804
heart_texture_DependenceNonUniformityNormalized_gldm_MYO_ED,-0.078729955,-0.013291017,0.065555118,-0.038256088,0.06912791,-0.06647787,-0.054964046,0.04848864,0.032392592,-0.037042905
heart_texture_GrayLevelNonUniformity_glszm_MYO_ED,0.036642828,-0.013126955,0.057699381,0.001267377,-0.106241278,-0.084406017,-0.006546461,-0.057267772,-0.153637884,-0.116892756
heart_texture_SizeZoneNonUniformity_glszm_MYO_ED,0.036642828,-0.013126955,0.057699381,0.001267377,-0.106241278,-0.084406017,-0.006546461,-0.057267772,-0.153637884,-0.116892756
heart_cmr_DAo.min.area,0.06562947,-0.012822735,0.018566765,0.019682612,0.014276445,-0.013330686,0.020091641,0.058953997,0.032597488,0.01341487
heart_cmr_Ecc_AHA_15,-0.008325667,-0.012730708,0.021192205,-0.120807427,-0.042975268,0.014070754,0.104671849,0.038392636,0.047942531,0.007558067
heart_cmr_Err_AHA_6,-0.000186177,-0.012386897,-0.001366457,0.054971513,0.055067829,-0.102068317,-0.032223112,0.006088029,-0.004677555,0.030810087
heart_shape_Flatness_MYO_ED,-0.01149214,-0.012306522,0.004523793,-0.045129849,0.014552334,-0.068015089,0.252206497,0.043106384,-0.042974416,-0.005394385
heart_cmr_Ecc_AHA_8,0.028085198,-0.012182679,0.029798311,-0.083354006,-0.062092825,0.073265776,-0.007805339,-0.03209197,0.066264974,-0.012099471
heart_cmr_AAo.min.area,0.050620955,-0.01151584,0.010021875,0.024883144,0.014396856,-0.016678346,-0.001947534,0.048703757,0.025607594,0.024598935
heart_shape_Elongation_MYO_ED,-0.01434114,-0.011266375,0.014426467,-0.05839349,0.019411778,-0.085218191,0.268686478,0.044118732,-0.030142562,-0.023984479
heart_texture_InverseVariance_glcm_MYO_ED,-0.054694185,-0.010916287,0.059966577,-0.026328849,0.142440624,-0.022846084,-0.053676673,0.082477398,0.099004404,0.029752413
heart_cmr_Ecc_AHA_5,0.027641131,-0.01086069,0.020969997,-0.066935971,-0.036561033,0.067299755,0.044015825,-0.004517893,0.045139622,0.021480602
heart_texture_GrayLevelNonUniformity_gldm_MYO_ED,0.103289451,-0.01077043,-0.012957815,0.01224721,-0.043078723,0.008041157,0.013857252,-0.002320133,-0.074350346,-0.028415258
heart_texture_DependenceNonUniformityNormalized_gldm_MYO_ES,-0.050142524,-0.010701969,0.092882315,-0.023441305,0.0220186,0.045345325,-0.014036927,0.045891348,-0.118621779,0.017394031
heart_shape_Elongation_LV_ED,-0.024416092,-0.010543906,0.035936884,-0.068088697,0.014123819,-0.110679913,0.231403118,0.027624022,-0.032973058,-0.049349059
heart_cmr_Ell_3,0.023424395,-0.010099902,-0.013327071,-0.045957034,-0.022996048,0.029687994,-0.026058959,0.032208004,0.024217048,0.055197884
heart_cmr_Ecc_AHA_10,0.007062163,-0.009787724,0.025459617,-0.056212888,-0.040869227,0.022454332,0.002227253,-0.011366041,0.032058624,-0.003795262
heart_shape_Elongation_LV_ES,-0.017274016,-0.009010472,0.041965687,-0.095787924,-0.001851758,-0.10118143,0.177963108,0.021018754,0.027708102,-0.046828365
heart_shape_Elongation_RV_ED,0.014021474,-0.008749102,0.003069301,-0.012886567,0.019891647,-0.079228564,0.030459979,0.026095504,-0.050453052,0.143660608
heart_shape_Flatness_LV_ED,-0.022242217,-0.008703089,0.032222389,-0.06546753,0.015768015,-0.107488053,0.244563782,0.026066663,-0.02187225,-0.029026822
heart_cmr_Ecc_AHA_1,0.014113499,-0.008629778,0.016035939,-0.080927154,-0.039941366,0.030665736,-0.013341372,0.070299995,0.025790663,0.010171305
heart_shape_Flatness_RV_ES,0.021132744,-0.008110511,0.022155771,-0.027208511,-0.002829399,-0.016040674,-0.003286743,-0.044413268,0.005369513,0.165504174
heart_cmr_Ell_4,0.035919199,-0.007634042,-0.00726453,-0.035710011,-0.037180932,0.048646739,-0.029083618,0.074929181,0.027177249,0.027235618
heart_shape_SurfaceAreatoVolumeRatio_MYO_ED,-0.092525448,-0.007289754,0.005940589,-0.072132487,0.013231669,-0.077424541,-0.044123209,-0.080746242,-0.017293675,-0.015721003
heart_cmr_Ecc_AHA_2,0.048070281,-0.006341894,0.020717454,-0.026101111,-0.018651919,0.035109083,-0.048928192,-0.011557688,0.099741151,-0.024501107
heart_shape_Flatness_MYO_ES,-0.01494835,-0.004583128,0.004483851,-0.051863333,0.005334992,-0.061851703,0.20725298,0.021944317,0.011585799,0.002931495
heart_cmr_Ell_6,0.021295496,-0.002424047,0.013487002,-0.07495425,-0.016869902,0.070977582,0.026611633,-0.005458839,0.051645409,0.009547993
heart_shape_Elongation_MYO_ES,-0.019579573,-0.00228346,0.015852398,-0.066102819,0.004634385,-0.079752777,0.240236502,0.042749488,0.019950371,-0.036853839
heart_texture_GrayLevelNonUniformity_glrlm_MYO_ES,0.094696036,-0.001973742,0.018307697,-0.01472024,-0.014837391,-0.036034056,-0.025980173,0.122911635,-0.038644215,-0.040617099
heart_cmr_WT_AHA_4,0.07709596,-0.001760811,-0.001592435,0.041385246,-0.013310144,0.027101354,0.06721459,0.121834868,-0.02675513,-0.008024026
heart_cmr_Err_AHA_4,-0.036787865,-0.001663012,-0.011433544,0.035022864,0.044397538,-0.083853037,0.026473831,0.000507077,-0.057769112,-0.013714866
heart_intensity_Skewness_MYO_ED,-0.009629397,-0.001571307,-0.024894321,0.020469865,-0.148034706,-0.099274442,-0.021482697,-0.019743367,-0.113112271,0.168375395
heart_cmr_WT_AHA_3,0.054428099,-0.001349766,-0.011517546,0.033811108,-0.007528068,0.010770268,0.07348448,0.120681062,-0.066020341,0.003458633
heart_cmr_Ecc_AHA_4,-0.001905235,-0.000801071,0.01115673,-0.063178218,-0.041758516,0.054431511,0.024144927,0.015532784,0.018465364,0.002616505
heart_cmr_WT_AHA_2,0.051412444,-0.000721736,0.003739186,0.053384176,-0.010220694,0.036969061,0.052769355,0.045818233,-0.056376521,-0.011905769
heart_cmr_Ell_5,0.003967762,-0.000195768,0.010334794,-0.058147368,-0.026290864,0.071576761,0.016550003,-0.016759514,0.050906516,-0.026353834
heart_cmr_Ecc_AHA_6,0.010686156,0.000668659,0.018131564,-0.064505473,-0.060773627,0.077773986,0.031825063,0.027886854,0.010251811,0.01251632
heart_cmr_Err_AHA_5,-0.023158468,0.001186419,-0.01181473,0.072458115,0.058702572,-0.105735281,0.000617439,-0.002131497,-0.029058002,0.027227376
heart_cmr_Err_AHA_1,-0.01197004,0.001326923,-0.013016355,0.058591428,0.042629492,-0.065552724,0.024878422,-0.004246417,-0.033040771,0.024755952
heart_texture_GrayLevelNonUniformity_glszm_MYO_ES,0.033930807,0.002227318,0.028639805,-0.049282734,-0.09209357,-0.080471009,-0.040198684,0.124438067,0.01539435,-0.121186739
heart_texture_SizeZoneNonUniformity_glszm_MYO_ES,0.033930807,0.002227318,0.028639805,-0.049282734,-0.09209357,-0.080471009,-0.040198684,0.124438067,0.01539435,-0.121186739
heart_cmr_Err_AHA_3,-0.0447229,0.003838121,-0.021552702,-0.003892448,0.01923021,-0.044027612,0.053368503,0.040794458,-0.07156509,-0.006556096
heart_cmr_WT_AHA_5,0.080629913,0.004411732,0.006713707,0.051127056,-0.026202235,0.042212724,0.046943689,0.1105554,-0.020389393,-0.027824668
heart_cmr_Err_AHA_16,-0.007339438,0.004877106,-0.033782676,0.122519749,0.064153255,-0.074728581,0.007796603,0.048852582,-0.078154274,9.50E-05
heart_cmr_LAEF,-0.012566435,0.005500171,-0.03317728,0.027904686,0.037478963,-0.016804847,-0.048702636,-0.02017142,0.017369515,0.023702005
heart_cmr_WT_AHA_8,0.080882602,0.006077518,0.002699862,0.043918193,-0.014923078,0.032569259,0.049987763,0.131815886,0.000841295,-0.007925196
heart_cmr_WT_AHA_13,0.07413408,0.006775304,0.017667751,0.044674356,-0.010316477,0.019688614,0.021406077,0.10274657,0.000789056,0.005508838
heart_texture_GrayLevelNonUniformity_gldm_MYO_ES,0.096248669,0.006891099,-0.043826495,0.009268597,-0.041259361,-0.053022902,-0.006738,0.06440352,0.030448443,-0.06211143
heart_texture_ZoneVariance_glszm_MYO_ED,0.097206528,0.007124952,-0.022866634,0.025423122,-0.003498488,0.050791251,0.017916975,0.030522868,-0.002434587,0.017243621
heart_texture_LargeAreaEmphasis_glszm_MYO_ED,0.096921563,0.007496941,-0.022729713,0.025694486,-0.002096268,0.05172868,0.017881567,0.031544767,-0.000754861,0.018302663
heart_cmr_WT_AHA_16,0.072172962,0.007760942,0.025778168,0.057685539,-0.011957638,0.030683148,0.012675079,0.074796479,0.010182369,-0.013463877
heart_texture_DependenceVariance_gldm_MYO_ED,0.069595711,0.008466442,-0.059971897,0.038224405,-0.107820891,0.055780754,0.063296915,-0.059391271,-0.058723998,0.00124611
heart_cmr_Err_AHA_11,-0.031044694,0.008491144,-0.034333166,0.107972117,0.061402001,-0.084255466,0.012846902,0.016211648,-0.070250127,-0.009763789
heart_cmr_WT_AHA_15,0.077495246,0.00859845,0.027689464,0.051537655,-0.005533602,0.049333731,0.028713535,0.054581791,0.017820911,-0.033240134
heart_texture_DependenceVariance_gldm_MYO_ES,0.048980283,0.009042085,-0.1007224,0.020157992,-0.051606867,-0.062332158,0.013163982,-0.038423833,0.122261936,-0.061520174
heart_cmr_WT_Global,0.092934408,0.009184894,0.010177358,0.06316961,-0.01811069,0.0480509,0.057977755,0.119459416,-0.018808524,-0.026505893
heart_cmr_WT_AHA_7,0.083690888,0.009591247,0.006569066,0.049278915,-0.018134066,0.042438398,0.040622032,0.127402864,0.006050644,-0.018672859
heart_cmr_WT_AHA_12,0.083410587,0.009822072,0.013523716,0.058168294,-0.014913055,0.04835523,0.033787827,0.107420935,-0.007361904,-0.03556001
heart_cmr_Ell_1,0.001879282,0.009922403,0.002546822,-0.00221136,-0.038096842,0.015291337,-0.012365059,0.106669869,-0.019356786,-0.001050074
heart_cmr_WT_AHA_14,0.080067831,0.010134832,0.018985837,0.040551467,-0.007282032,0.037866292,0.03071871,0.077046841,0.009135737,-0.013310414
heart_cmr_WT_AHA_10,0.090503685,0.010161297,0.015581336,0.053906473,-0.011775227,0.057063845,0.032254625,0.076626208,0.01520031,-0.032140936
heart_cmr_WT_AHA_1,0.073852166,0.011446972,0.004024678,0.068512847,-0.014841648,0.050728604,0.045704096,0.085491063,-0.024094476,-0.036318396
heart_cmr_WT_AHA_6,0.079447234,0.01182532,0.004736031,0.058100313,-0.023998285,0.047132282,0.041609844,0.125552017,-0.018928371,-0.031689708
heart_cmr_WT_AHA_9,0.087172229,0.012981687,0.011965068,0.05300066,-0.015732346,0.052907753,0.036647788,0.094392514,0.019865573,-0.028306808
heart_cmr_RAEF,-0.028687273,0.013566434,-0.012529189,0.043034817,0.019537077,-0.052409885,-0.034069455,-0.000488968,0.001742295,0.026346184
heart_cmr_WT_AHA_11,0.084926811,0.013784704,0.018900925,0.063549174,-0.017059416,0.053239811,0.027071246,0.080031045,-6.93E-05,-0.048438511
heart_cmr_Err_AHA_12,-0.026094758,0.01525083,-0.034297023,0.114624272,0.054577301,-0.061083283,0.004322767,0.02246567,-0.081413823,0.004396343
heart_cmr_Err_AHA_15,-0.01446232,0.015481377,-0.033649792,0.128138368,0.055265838,-0.085762736,0.010288855,0.057364621,-0.070487982,-0.009207707
heart_texture_LargeDependenceEmphasis_gldm_MYO_ED,0.083917041,0.015512227,-0.064586363,0.041359462,-0.078262917,0.07319745,0.055556748,-0.033712258,-0.035069475,0.023442686
heart_cmr_Err_AHA_13,0.002364628,0.016200848,-0.019929189,0.105044052,0.056087111,-0.065048554,0.026568772,0.051424094,-0.055376084,0.011956924
heart_cmr_Err_AHA_2,-0.040179994,0.016426329,-0.025184827,0.017761521,0.020728503,-0.005930844,0.059963684,-0.006670096,-0.053910196,0.00526439
heart_texture_RunVariance_glrlm_MYO_ED,0.085031848,0.018134325,-0.056670842,0.034049564,-0.085466244,0.049260864,0.051946945,-0.019004387,-0.057731851,-0.009937855
heart_texture_RunVariance_glrlm_MYO_ES,0.07124456,0.01911526,-0.095058137,0.047595783,-0.007550695,-0.053442723,0.034311975,-0.042252728,0.071032807,-0.08315175
heart_texture_LongRunEmphasis_glrlm_MYO_ED,0.087183888,0.019807274,-0.057436878,0.03593387,-0.078467031,0.056354162,0.051289591,-0.01284765,-0.049874019,-0.003229987
heart_intensity_Skewness_MYO_ES,0.000294573,0.020697156,-0.002381109,0.049637336,-0.172419566,-0.062298531,-0.034445778,0.009144786,-0.048766286,0.050795192
heart_shape_Sphericity_RV_ES,0.008590043,0.021536441,0.006890703,0.00161178,0.002143456,0.029350487,0.015896331,-0.067603417,0.082260128,0.192154007
heart_texture_LongRunEmphasis_glrlm_MYO_ES,0.070050191,0.021801093,-0.098373473,0.047525499,-0.005283444,-0.050150032,0.033554011,-0.04987543,0.075837117,-0.072504605
heart_texture_LargeDependenceEmphasis_gldm_MYO_ES,0.066975988,0.021915983,-0.109569636,0.048746984,-0.01187874,-0.032906563,0.026590929,-0.060565169,0.109720284,-0.024507729
heart_shape_Flatness_RV_ED,0.010310564,0.022714773,0.011563607,0.016876838,0.016162984,-0.007802832,0.017745754,-0.04151705,0.012680303,0.109529903
heart_texture_ZoneVariance_glszm_MYO_ES,0.08929719,0.023062996,-0.039748614,0.055362325,0.01209121,0.003350277,0.017992896,0.03790003,0.019515305,0.006902903
heart_cmr_Err_AHA_14,0.000525157,0.023433869,-0.016948554,0.114837485,0.055015351,-0.069797328,0.028218395,0.066176753,-0.050774777,0.005037445
heart_cmr_Err_AHA_10,-0.02749775,0.023698671,-0.032518923,0.108991653,0.053851839,-0.068320994,0.023022017,0.034511071,-0.057521961,-0.039633627
heart_texture_LargeAreaEmphasis_glszm_MYO_ES,0.088402784,0.023723795,-0.038926867,0.057021971,0.014848728,0.005909144,0.018798241,0.036428994,0.018512571,0.01029901
heart_texture_InformalMeasureofCorrelation1_glcm_MYO_ED,-0.038169716,0.023917692,0.012349852,-0.084919218,-0.006507899,-0.025869812,-0.042224935,-0.079077494,-0.131608048,-0.03664021
heart_cmr_RVEF,-0.040282442,0.024130959,-0.029881071,0.103216832,0.070794905,-0.05719144,-0.001145747,-0.029793406,-0.032981054,-0.115488234
heart_texture_Coarseness_ngtdm_MYO_ES,-0.071502202,0.025001782,-0.060682785,-0.026351839,-0.023287589,-0.043862536,0.009755722,-0.11541312,0.068156238,-0.053965403
heart_texture_MaximumProbability_glcm_MYO_ED,0.052128376,0.026272073,-0.063298367,-0.012199629,-0.126675181,0.015926433,0.041610091,-0.096311558,-0.119220774,-0.040268756
heart_cmr_Err_Global,-0.033970759,0.02642455,-0.043268817,0.148877091,0.082361332,-0.109086904,0.040271882,0.056978135,-0.095810842,-0.002889731
heart_cmr_LVEF,-0.036319174,0.028325,-0.036547152,0.131696899,0.091277294,-0.099672261,-0.011326172,-0.019924631,-0.037188705,-0.020748068
heart_cmr_Err_AHA_7,-0.015474111,0.028680969,-0.026851524,0.117518056,0.049926134,-0.03715802,-0.000343487,0.017634018,-0.056327389,0.003212341
heart_texture_Contrast_ngtdm_MYO_ES,-0.020572535,0.029722245,0.122331638,0.047160334,0.00839079,0.071599915,0.025784518,0.012134962,-0.039366509,0.011091786
heart_texture_JointEnergy_glcm_MYO_ED,0.060607567,0.029819007,-0.072646626,-0.017070379,-0.118895646,0.021910742,0.037403759,-0.083559424,-0.126736601,-0.033349165
heart_cmr_Err_AHA_8,-0.011296825,0.03033939,-0.025546455,0.108159299,0.056196518,-0.048309154,0.028715383,0.045488646,-0.047007758,-0.032287291
heart_cmr_Err_AHA_9,-0.022987993,0.030719469,-0.021810516,0.107037802,0.060608774,-0.04728253,0.047603475,0.019418826,-0.042662114,-0.030897806
heart_shape_SurfaceAreatoVolumeRatio_RV_ED,-0.075283739,0.032121535,-0.032137128,-0.012052212,-0.035575166,0.045742769,-0.021623365,0.063941609,-0.036641442,-0.130425245
heart_intensity_Uniformity_MYO_ED,0.067129363,0.033144561,-0.075948267,-0.030293995,-0.099759869,0.021633632,0.020610571,-0.072283554,-0.136529455,-0.038128062
heart_texture_Contrast_ngtdm_MYO_ED,-0.036504583,0.033936299,0.103747267,0.041159805,-0.008297391,0.026468715,0.017898913,-0.047411962,0.083732795,-0.118035915
heart_texture_InverseDifference_glcm_MYO_ED,0.083159674,0.034533474,-0.070831343,-0.002688399,-0.057864422,0.038846295,0.038159312,-0.042643887,-0.06717071,-0.003657551
heart_texture_MaximumProbability_glcm_MYO_ES,0.028278756,0.034913524,-0.107602894,-0.029003799,-0.080860939,-0.103267649,-0.015620864,-0.010207592,0.095892694,-0.098155597
heart_shape_Sphericity_RV_ED,0.007781755,0.035090426,0.000704839,0.027445886,0.007276042,0.051392617,0.030535851,-0.077072601,0.090599299,0.159646249
heart_texture_Coarseness_ngtdm_MYO_ED,-0.083447971,0.035314786,-0.047734765,-0.031825673,-0.031785023,-0.004574376,0.014501202,-0.038846359,0.028581457,-0.010074
heart_texture_InverseDifference_glcm_MYO_ES,0.058363693,0.035747198,-0.112472538,-0.003984522,-0.001183016,-0.073705046,0.008372215,-0.075917152,0.107968156,-0.048131699
heart_texture_InverseDifferenceMoment_glcm_MYO_ED,0.084664884,0.035999755,-0.070803261,-0.005451745,-0.047543425,0.039764627,0.035486104,-0.03660262,-0.061400115,-0.000602276
heart_shape_SurfaceAreatoVolumeRatio_RV_ES,-0.072413201,0.038162565,-0.037811334,0.039575722,0.002034962,0.019960608,-0.011967772,0.035603836,-0.037906729,-0.156700991
heart_texture_InverseDifferenceMoment_glcm_MYO_ES,0.059192427,0.038354121,-0.111034416,-0.005201544,0.005028015,-0.072183498,0.007259017,-0.072958625,0.106707285,-0.042897894
heart_texture_JointEnergy_glcm_MYO_ES,0.031550854,0.041603993,-0.115302303,-0.032668056,-0.075712795,-0.106291696,-0.015945779,-0.00736757,0.096447018,-0.094550374
heart_texture_InformalMeasureofCorrelation1_glcm_MYO_ES,-0.047861756,0.041864805,-0.002014485,-0.084878511,-0.06579984,-0.039410192,-0.064612208,0.168548456,-0.027794962,0.000205748
heart_texture_GrayLevelNonUniformityNormalized_glrlm_MYO_ED,0.072571164,0.042146228,-0.070669605,-0.046320293,-0.046182436,0.015542396,-0.002702588,-0.03470003,-0.120293222,-0.030288659
heart_shape_Sphericity_MYO_ED,0.047990765,0.043770053,-0.044689579,0.086346439,-0.036144051,0.13999663,0.08175339,0.112974726,0.030968061,0.035952454
heart_texture_LargeAreaLowGrayLevelEmphasis_glszm_MYO_ED,0.065121091,0.052776624,0.029237756,0.048874047,-0.068435465,0.00047976,0.024685776,-0.023159183,-0.028443734,0.032563217
heart_shape_Sphericity_MYO_ES,0.008627013,0.054517103,-0.066703573,0.162291389,0.040396902,0.04805956,0.072178594,0.05389464,0.014133423,0.025545889
heart_intensity_Uniformity_MYO_ES,0.026048138,0.054807166,-0.111611925,-0.046778271,-0.079082434,-0.10547893,-0.032430573,0.03948529,0.075135404,-0.079174662
heart_texture_LargeAreaLowGrayLevelEmphasis_glszm_MYO_ES,0.05305569,0.060959693,0.010382054,0.06899999,-0.075141544,-0.033670044,-0.0008772,0.017835523,-0.002475816,0.048805497
heart_shape_SurfaceAreatoVolumeRatio_LV_ES,-0.058293267,0.061936159,-0.040409527,0.082903354,0.017100029,0.005185285,-0.069657672,0.068800608,-0.068130849,-0.071433682
heart_texture_Busyness_ngtdm_MYO_ED,0.046180048,0.062332752,0.087239006,0.034875429,-0.018793662,0.009894748,0.018065769,-0.048929807,-0.000186746,-0.065336045
heart_shape_SurfaceAreatoVolumeRatio_LV_ED,-0.059125433,0.062977971,-0.031168889,0.006535409,-0.038255879,0.057430702,-0.080908069,0.09358711,-0.049027862,-0.07587214
heart_texture_SmallDependenceLowGrayLevelEmphasis_gldm_MYO_ED,-0.032545931,0.065685623,0.08359708,-0.00231281,-0.051026029,-0.045857568,0.007665604,-0.087325807,-0.002298584,-0.090517905
heart_texture_SmallDependenceLowGrayLevelEmphasis_gldm_MYO_ES,-0.020494327,0.06735033,0.072953453,-0.006504783,-0.100495863,-0.068769418,-0.032116491,0.011555073,0.027317869,-0.012274083
heart_texture_Busyness_ngtdm_MYO_ES,0.042657491,0.068460013,0.077296746,0.045107693,-0.033595731,0.005640214,-0.003834551,0.060258362,-0.035021599,0.032117277
heart_texture_GrayLevelNonUniformityNormalized_glrlm_MYO_ES,0.027405836,0.06937946,-0.101000209,-0.060416755,-0.042352732,-0.090261511,-0.041377637,0.065215813,0.044975064,-0.038723986
heart_texture_SmallAreaLowGrayLevelEmphasis_glszm_MYO_ED,0.019660775,0.072408108,0.053501297,0.009230577,-0.002800989,0.031822714,0.017400079,-0.038888186,0.032966145,-0.053997253
heart_texture_LongRunLowGrayLevelEmphasis_glrlm_MYO_ES,0.041289857,0.079142222,0.003097972,0.066469296,-0.104394981,-0.074349435,-0.001606404,-0.026579718,0.025790639,0.022906511
heart_texture_GrayLevelNonUniformityNormalized_glszm_MYO_ED,0.048743104,0.079294865,0.028394684,-0.009187371,-0.032461557,0.007800292,0.005489839,-0.03332723,-0.077318973,-0.021491134
heart_texture_LargeDependenceLowGrayLevelEmphasis_gldm_MYO_ED,0.044287516,0.079295146,0.035017225,0.052948373,-0.112010311,-0.0139508,0.040659543,-0.077020679,-0.034750089,0.03593604
heart_texture_SmallAreaLowGrayLevelEmphasis_glszm_MYO_ES,0.01229588,0.079544375,0.040694114,0.029352447,-0.048505447,-0.026656234,-0.010729467,0.003985257,0.029601266,0.019550974
heart_texture_LowGrayLevelZoneEmphasis_glszm_MYO_ED,0.016869156,0.080356047,0.066095055,0.008285527,-0.002739933,0.027722915,0.024954229,-0.046913161,0.043013672,-0.063965715
heart_texture_LargeDependenceLowGrayLevelEmphasis_gldm_MYO_ES,0.036896091,0.080763054,0.006164949,0.066114385,-0.110215791,-0.064970032,-0.008256087,-0.023775234,0.032034985,0.048323523
heart_texture_ShortRunLowGrayLevelEmphasis_glrlm_MYO_ES,0.005527367,0.0820624,0.068511056,0.033879745,-0.094850887,-0.067476945,-0.021930746,0.001800743,0.011100691,0.054235824
heart_texture_LongRunLowGrayLevelEmphasis_glrlm_MYO_ED,0.039622692,0.083202382,0.046367295,0.048842065,-0.108245402,-0.025129132,0.035902461,-0.072193185,-0.032586091,0.010663214
heart_texture_LowGrayLevelEmphasis_gldm_MYO_ES,0.014581931,0.084701074,0.055426175,0.047083291,-0.104233564,-0.066212341,-0.019693049,-0.00499991,0.006835654,0.064140655
heart_texture_LowGrayLevelZoneEmphasis_glszm_MYO_ES,0.010451101,0.084936034,0.048694297,0.028606367,-0.049260741,-0.032347994,-0.006368372,-0.003682842,0.037536449,0.013699704
heart_texture_LowGrayLevelRunEmphasis_glrlm_MYO_ES,0.014631481,0.085451139,0.054774076,0.045436575,-0.10033998,-0.068791378,-0.018873492,-0.007149873,0.015688268,0.060354422
heart_texture_ShortRunLowGrayLevelEmphasis_glrlm_MYO_ED,0.003239153,0.08820619,0.084865243,0.029720865,-0.070878332,-0.048430197,0.017630753,-0.081025919,0.003375355,-0.018894861
heart_texture_GrayLevelNonUniformityNormalized_glszm_MYO_ES,0.015246936,0.088412032,-0.012380615,-0.019861873,-0.011227605,-0.03790148,-0.023067285,0.105827936,0.030285307,-0.017033582
heart_texture_LowGrayLevelEmphasis_gldm_MYO_ED,0.010239273,0.089152964,0.079433009,0.036392487,-0.081230032,-0.047847263,0.020750242,-0.080018449,-0.008223352,0.00145855
heart_texture_LowGrayLevelRunEmphasis_glrlm_MYO_ED,0.011581848,0.089924818,0.078540065,0.035775477,-0.080019084,-0.043976968,0.021784936,-0.081052385,-0.003124025,-0.00712564