"","features","mediator","lhs","op","rhs","label","est.std","se","z","pvalue","ci.lower","ci.upper","pvalue_adj","Number","cluster","nickname","sig"
"1","Autocorrelation_glcm_MYO_ED","heart_texture_Autocorrelation_glcm_MYO_ED","de",":=","c","de",-0.0394958451886922,0.0121465035976064,-3.25162256540024,0.00114748289205102,-0.0633025547780869,-0.0156891355992974,0.0814712853356225,215,"#FFD92F","Global Intensity",FALSE
"2","Autocorrelation_glcm_MYO_ES","heart_texture_Autocorrelation_glcm_MYO_ES","de",":=","c","de",-0.0264681593141465,0.0122018137103279,-2.16919877179761,0.030067596355706,-0.0503832747324562,-0.00255304389583684,0.696013397020572,235,"#FFD92F","Global Intensity",FALSE
"3","Busyness_ngtdm_MYO_ED","heart_texture_Busyness_ngtdm_MYO_ED","de",":=","c","de",-0.0407477062987833,0.0116937585910751,-3.48456879637338,0.000492930723839935,-0.0636670519811962,-0.0178283606163703,0.0404203193548747,63,"#FC8D62","Local Dimness",TRUE
"4","Busyness_ngtdm_MYO_ES","heart_texture_Busyness_ngtdm_MYO_ES","de",":=","c","de",-0.043004730242505,0.0119575984293511,-3.59643539600275,0.000322607657491591,-0.0664411925056258,-0.0195682679793842,0.0290346891742432,57,"#FC8D62","Local Dimness",TRUE
"5","ClusterProminence_glcm_MYO_ED","heart_texture_ClusterProminence_glcm_MYO_ED","de",":=","c","de",-0.0427271573811232,0.0105877172586831,-4.03554008264457,5.44768379355798e-05,-0.0634787018866352,-0.0219756128756112,0.00691855841781863,111,"#E78AC3","Shape",TRUE
"6","ClusterProminence_glcm_MYO_ES","heart_texture_ClusterProminence_glcm_MYO_ES","de",":=","c","de",-0.0427617609983062,0.0105823324974852,-4.04086348718187,5.32547531733041e-05,-0.063502751565805,-0.0220207704308074,0.00684619656318475,110,"#E78AC3","Shape",TRUE
"7","ClusterShade_glcm_MYO_ED","heart_texture_ClusterShade_glcm_MYO_ED","de",":=","c","de",-0.0423795560794036,0.0105891846048089,-4.0021548080442,6.27682056904e-05,-0.0631339765304751,-0.0216251356283321,0.0076577210942288,115,"#E78AC3","Shape",TRUE
"8","ClusterShade_glcm_MYO_ES","heart_texture_ClusterShade_glcm_MYO_ES","de",":=","c","de",-0.0427934435760392,0.010581443746227,-4.04419704932022,5.25027487034979e-05,-0.0635326922230808,-0.0220541949289977,0.00682535733145473,109,"#E78AC3","Shape",TRUE
"9","ClusterTendency_glcm_MYO_ED","heart_texture_ClusterTendency_glcm_MYO_ED","de",":=","c","de",-0.0433820851094349,0.0107208169008418,-4.04652793818619,5.19829230294366e-05,-0.0643945001199331,-0.0223696700989367,0.0068097629168562,171,"#A6D854","Global Variance",TRUE
"10","ClusterTendency_glcm_MYO_ES","heart_texture_ClusterTendency_glcm_MYO_ES","de",":=","c","de",-0.0406282701070076,0.0106987266072595,-3.79748652325033,0.000146170720977779,-0.0615973889376766,-0.0196591512763386,0.0144709013768001,223,"#FFD92F","Global Intensity",TRUE
"11","Coarseness_ngtdm_MYO_ED","heart_texture_Coarseness_ngtdm_MYO_ED","de",":=","c","de",-0.0537461360591781,0.0106109876209376,-5.06513983233062,4.08100676363432e-07,-0.0745432896366161,-0.0329489824817401,9.34550548872259e-05,133,"#E78AC3","Shape",TRUE
"12","Coarseness_ngtdm_MYO_ES","heart_texture_Coarseness_ngtdm_MYO_ES","de",":=","c","de",-0.0539027884652074,0.0106958179087856,-5.03961351295365,4.6647289164703e-07,-0.0748662063516256,-0.0329393705787892,0.000106355819295523,131,"#E78AC3","Shape",TRUE
"13","Complexity_ngtdm_MYO_ED","heart_texture_Complexity_ngtdm_MYO_ED","de",":=","c","de",-0.0346942470586934,0.0111090999631167,-3.12304751724997,0.00178988848181549,-0.0564676828870575,-0.0129208112303294,0.118132639799823,204,"#FFD92F","Global Intensity",FALSE
"14","Complexity_ngtdm_MYO_ES","heart_texture_Complexity_ngtdm_MYO_ES","de",":=","c","de",-0.0344802155139388,0.0111352762804176,-3.09648495875897,0.00195829796791758,-0.0563049559814605,-0.0126554750464171,0.125649448869135,119,"#E78AC3","Shape",FALSE
"15","Contrast_glcm_MYO_ED","heart_texture_Contrast_glcm_MYO_ED","de",":=","c","de",-0.0462344634743886,0.011054452924833,-4.18242890794949,2.88411216864404e-05,-0.0679007930758548,-0.0245681338729223,0.00455689722645758,170,"#A6D854","Global Variance",TRUE
"16","Contrast_glcm_MYO_ES","heart_texture_Contrast_glcm_MYO_ES","de",":=","c","de",-0.0447380999936601,0.0107892079079544,-4.14656019008373,3.3750748508643e-05,-0.0658845589149653,-0.0235916410723548,0.00515677704685347,162,"#A6D854","Global Variance",TRUE
"17","Contrast_ngtdm_MYO_ED","heart_texture_Contrast_ngtdm_MYO_ED","de",":=","c","de",-0.0329782635916987,0.0107478306648354,-3.06836464214091,0.00215233809968152,-0.0540436246067112,-0.0119129025766862,0.134205746076586,152,"#A6D854","Global Variance",FALSE
"18","Contrast_ngtdm_MYO_ES","heart_texture_Contrast_ngtdm_MYO_ES","de",":=","c","de",-0.0354875590483899,0.0108092867623626,-3.28306203994474,0.00102686064299151,-0.0566733718011862,-0.0143017462955936,0.0749608269383804,178,"#A6D854","Global Variance",FALSE
"19","Correlation_glcm_MYO_ED","heart_texture_Correlation_glcm_MYO_ED","de",":=","c","de",-0.0437992078146697,0.010604747904907,-4.13015077844547,3.6252539412418e-05,-0.0645841317734141,-0.0230142838559254,0.00536537583303787,191,"#FFD92F","Global Intensity",TRUE
"20","Correlation_glcm_MYO_ES","heart_texture_Correlation_glcm_MYO_ES","de",":=","c","de",-0.0412480198593802,0.0105792905428618,-3.8989400746926,9.66146794734168e-05,-0.0619830483053745,-0.0205129914133859,0.0103377707036556,98,"#8DA0CB","Local Uniformity",TRUE
"21","DependenceEntropy_gldm_MYO_ED","heart_texture_DependenceEntropy_gldm_MYO_ED","de",":=","c","de",-0.0418788603342984,0.010575973363026,-3.9598114421041,7.50089646162078e-05,-0.0626073872272843,-0.0211503334413125,0.00862603093086389,189,"#FFD92F","Global Intensity",TRUE
"22","DependenceEntropy_gldm_MYO_ES","heart_texture_DependenceEntropy_gldm_MYO_ES","de",":=","c","de",-0.037766719495268,0.0106307627213185,-3.55258794550387,0.000381461482851009,-0.0586026315572433,-0.0169308074332927,0.0328056875251868,96,"#8DA0CB","Local Uniformity",TRUE
"23","DependenceNonUniformity_gldm_MYO_ED","heart_texture_DependenceNonUniformity_gldm_MYO_ED","de",":=","c","de",-0.0453857243765071,0.0105872402756342,-4.28683237509581,1.81238947341011e-05,-0.0661363340124221,-0.0246351147405921,0.00302669042059489,1,"#66C2A5","Size",TRUE
"24","DependenceNonUniformity_gldm_MYO_ES","heart_texture_DependenceNonUniformity_gldm_MYO_ES","de",":=","c","de",-0.055494237203453,0.0107074732981708,-5.18275746836869,2.1862925492222e-07,-0.0764804992332921,-0.034507975173614,5.1596504161644e-05,64,"#8DA0CB","Local Uniformity",TRUE
"25","DependenceNonUniformityNormalized_gldm_MYO_ED","heart_texture_DependenceNonUniformityNormalized_gldm_MYO_ED","de",":=","c","de",-0.0544002041658558,0.0106950911439357,-5.0864647560018,3.64799473073774e-07,-0.075362197619343,-0.0334382107123686,8.46334777531155e-05,150,"#A6D854","Global Variance",TRUE
"26","DependenceNonUniformityNormalized_gldm_MYO_ES","heart_texture_DependenceNonUniformityNormalized_gldm_MYO_ES","de",":=","c","de",-0.0471132668839738,0.0105959289911908,-4.44635547512095,8.73393789158072e-06,-0.0678809060894515,-0.0263456276784961,0.00155464094470137,177,"#A6D854","Global Variance",TRUE
"27","DependenceVariance_gldm_MYO_ED","heart_texture_DependenceVariance_gldm_MYO_ED","de",":=","c","de",-0.0508031411650944,0.0106558148615364,-4.76764487983692,1.86391951739751e-06,-0.0716881545196325,-0.0299181278105563,0.000387695259618681,72,"#8DA0CB","Local Uniformity",TRUE
"28","DependenceVariance_gldm_MYO_ES","heart_texture_DependenceVariance_gldm_MYO_ES","de",":=","c","de",-0.0459348081520441,0.0105954252358368,-4.33534352134157,1.45532669919568e-05,-0.066701460015171,-0.0251681562889171,0.00247405538863266,70,"#8DA0CB","Local Uniformity",TRUE
"29","DifferenceAverage_glcm_MYO_ED","heart_texture_DifferenceAverage_glcm_MYO_ED","de",":=","c","de",-0.0512575768740423,0.0110486732312073,-4.63925177271638,3.4967285025278e-06,-0.0729125784841604,-0.0296025752639243,0.000674868600987866,169,"#A6D854","Global Variance",TRUE
"30","DifferenceAverage_glcm_MYO_ES","heart_texture_DifferenceAverage_glcm_MYO_ES","de",":=","c","de",-0.0468317522933373,0.0107277105393114,-4.36549365512089,1.26835983997875e-05,-0.0678576785869584,-0.0258058259997163,0.00218157892476345,183,"#A6D854","Global Variance",TRUE
"31","DifferenceEntropy_glcm_MYO_ED","heart_texture_DifferenceEntropy_glcm_MYO_ED","de",":=","c","de",-0.0465141972316942,0.011204616102438,-4.15134234019614,3.30530921810457e-05,-0.0684748412530702,-0.0245535532103182,0.00509017619588104,168,"#A6D854","Global Variance",TRUE
"32","DifferenceEntropy_glcm_MYO_ES","heart_texture_DifferenceEntropy_glcm_MYO_ES","de",":=","c","de",-0.045362711816653,0.0108379205568336,-4.18555492991232,2.84470262930103e-05,-0.0666046457753532,-0.0241207778579529,0.00452307718058864,184,"#A6D854","Global Variance",TRUE
"33","DifferenceVariance_glcm_MYO_ED","heart_texture_DifferenceVariance_glcm_MYO_ED","de",":=","c","de",-0.0411344415980123,0.0110695623049484,-3.71599530901273,0.000202405337100142,-0.0628303850403332,-0.0194384981556913,0.0188236963503132,167,"#A6D854","Global Variance",TRUE
"34","DifferenceVariance_glcm_MYO_ES","heart_texture_DifferenceVariance_glcm_MYO_ES","de",":=","c","de",-0.0420108748181754,0.0108251763370786,-3.88084900513621,0.000104092454408899,-0.0632278305651445,-0.0207939190712062,0.0109297077129344,161,"#A6D854","Global Variance",TRUE
"35","Elongation_LV_ED","heart_shape_Elongation_LV_ED","de",":=","c","de",-0.0433630270135282,0.0105850198964811,-4.09664104910599,4.19188118592206e-05,-0.0641092847862711,-0.0226167692407853,0.00583649030295064,146,"#E78AC3","Shape",TRUE
"36","Elongation_LV_ES","heart_shape_Elongation_LV_ES","de",":=","c","de",-0.0427550179712845,0.010578545557383,-4.0416726230805,5.30712911874787e-05,-0.0634885862725713,-0.0220214496699977,0.00684619656318475,147,"#E78AC3","Shape",TRUE
"37","Elongation_RV_ED","heart_shape_Elongation_RV_ED","de",":=","c","de",-0.0431072935174036,0.0105788357715659,-4.07486177574179,4.60416859542345e-05,-0.0638414306280367,-0.0223731564067705,0.00626905057867644,134,"#E78AC3","Shape",TRUE
"38","Elongation_RV_ES","heart_shape_Elongation_RV_ES","de",":=","c","de",-0.0433975105115921,0.0105700818563965,-4.10569294554044,4.03104650086306e-05,-0.0641144902637694,-0.0226805307594147,0.00572408603122554,135,"#E78AC3","Shape",TRUE
"39","Energy_MYO_ED","heart_intensity_Energy_MYO_ED","de",":=","c","de",-0.0102636161170423,0.0116456302039613,-0.88132766860063,0.378140494578784,-0.0330886318940784,0.0125613996599937,1,187,"#FFD92F","Global Intensity",FALSE
"40","Energy_MYO_ES","heart_intensity_Energy_MYO_ES","de",":=","c","de",-0.00133486517826616,0.0117191204888809,-0.11390489410299,0.909313185887463,-0.0243039192669581,0.0216341889104257,1,186,"#FFD92F","Global Intensity",FALSE
"41","Entropy_MYO_ED","heart_intensity_Entropy_MYO_ED","de",":=","c","de",-0.0466074580946644,0.0110670885728155,-4.21135674373727,2.53841508273123e-05,-0.0682985531110976,-0.0249163630782311,0.00408684828319728,175,"#A6D854","Global Variance",TRUE
"42","Entropy_MYO_ES","heart_intensity_Entropy_MYO_ES","de",":=","c","de",-0.0400320352035552,0.0108528343374809,-3.68862492126155,0.000225469317617799,-0.0613031996351974,-0.018760870771913,0.0207431772208375,227,"#FFD92F","Global Intensity",TRUE
"43","Flatness_LV_ED","heart_shape_Flatness_LV_ED","de",":=","c","de",-0.0431487690551037,0.0105852981069314,-4.07629228947735,4.57594932750105e-05,-0.0638955721103092,-0.0224019659998981,0.00626905057867644,129,"#E78AC3","Shape",TRUE
"44","Flatness_LV_ES","heart_shape_Flatness_LV_ES","de",":=","c","de",-0.0437809898870928,0.0105937377504903,-4.13272358805244,3.58489752168012e-05,-0.0645443343397162,-0.0230176454344695,0.00534149730730338,145,"#E78AC3","Shape",TRUE
"45","Flatness_RV_ED","heart_shape_Flatness_RV_ED","de",":=","c","de",-0.0405415369400571,0.0107784999249508,-3.76133387969959,0.000169009651049823,-0.0616670086003285,-0.0194160652797858,0.0163939361518328,140,"#E78AC3","Shape",TRUE
"46","Flatness_RV_ES","heart_shape_Flatness_RV_ES","de",":=","c","de",-0.0445453310159221,0.0105942964444138,-4.20465212103915,2.61484024544067e-05,-0.0653097704885139,-0.0237808915433302,0.00418374439270508,122,"#E78AC3","Shape",TRUE
"47","GrayLevelNonUniformity_gldm_MYO_ED","heart_texture_GrayLevelNonUniformity_gldm_MYO_ED","de",":=","c","de",-0.0640946032774574,0.0108075568917625,-5.93053582038603,3.01947689074211e-09,-0.0852770255461796,-0.0429121810087353,7.69966607139239e-07,66,"#8DA0CB","Local Uniformity",TRUE
"48","GrayLevelNonUniformity_gldm_MYO_ES","heart_texture_GrayLevelNonUniformity_gldm_MYO_ES","de",":=","c","de",-0.063961500821847,0.0109379137980831,-5.84768741120053,4.98454100217316e-09,-0.0853994179320935,-0.0425235837116004,1.25610433254764e-06,65,"#8DA0CB","Local Uniformity",TRUE
"49","GrayLevelNonUniformity_glrlm_MYO_ED","heart_texture_GrayLevelNonUniformity_glrlm_MYO_ED","de",":=","c","de",-0.0644852044032683,0.0108321690651133,-5.95312019371568,2.63077937212586e-09,-0.0857158656453393,-0.0432545431611973,6.7347951926422e-07,67,"#8DA0CB","Local Uniformity",TRUE
"50","GrayLevelNonUniformity_glrlm_MYO_ES","heart_texture_GrayLevelNonUniformity_glrlm_MYO_ES","de",":=","c","de",-0.065113227017094,0.0110750543125591,-5.87926931818798,4.12081435641198e-09,-0.0868199345965347,-0.0434065194376532,1.04668684652864e-06,68,"#8DA0CB","Local Uniformity",TRUE
"51","GrayLevelNonUniformity_glszm_MYO_ED","heart_texture_GrayLevelNonUniformity_glszm_MYO_ED","de",":=","c","de",-0.0479263882351141,0.0106696548941916,-4.491840524402,7.06102899283856e-06,-0.0688385275552012,-0.027014248915027,0.00129922933468229,5,"#66C2A5","Size",TRUE
"52","GrayLevelNonUniformity_glszm_MYO_ES","heart_texture_GrayLevelNonUniformity_glszm_MYO_ES","de",":=","c","de",-0.0454523621631141,0.0107251847012505,-4.23790950265078,2.25610667459186e-05,-0.066473337905105,-0.0244313864211232,0.00372257601307657,42,"#66C2A5","Size",TRUE
"53","GrayLevelNonUniformityNormalized_glrlm_MYO_ED","heart_texture_GrayLevelNonUniformityNormalized_glrlm_MYO_ED","de",":=","c","de",-0.0444530922640725,0.0108477397739598,-4.09791285469283,4.16892164496474e-05,-0.0657142715346964,-0.0231919129934486,0.00583649030295064,78,"#8DA0CB","Local Uniformity",TRUE
"54","GrayLevelNonUniformityNormalized_glrlm_MYO_ES","heart_texture_GrayLevelNonUniformityNormalized_glrlm_MYO_ES","de",":=","c","de",-0.0385581268206794,0.0108050199691503,-3.56853822859815,0.000358978481247441,-0.0597355768124501,-0.0173806768289086,0.0315901063497748,75,"#8DA0CB","Local Uniformity",TRUE
"55","GrayLevelNonUniformityNormalized_glszm_MYO_ED","heart_texture_GrayLevelNonUniformityNormalized_glszm_MYO_ED","de",":=","c","de",-0.0393884557756443,0.0117372013956107,-3.3558643536929,0.000791173636863762,-0.0623929477903345,-0.0163839637609542,0.0601291964016459,84,"#8DA0CB","Local Uniformity",FALSE
"56","GrayLevelNonUniformityNormalized_glszm_MYO_ES","heart_texture_GrayLevelNonUniformityNormalized_glszm_MYO_ES","de",":=","c","de",-0.027967742168959,0.0113663964950442,-2.4605636607128,0.0138718959543147,-0.0502454699332478,-0.00569001440467016,0.463327550488181,69,"#8DA0CB","Local Uniformity",FALSE
"57","GrayLevelVariance_gldm_MYO_ED","heart_texture_GrayLevelVariance_gldm_MYO_ED","de",":=","c","de",-0.0431959658837218,0.0107948477139953,-4.00153545730146,6.29327621406439e-05,-0.0643534786217471,-0.0220384531456964,0.0076577210942288,149,"#A6D854","Global Variance",TRUE
"58","GrayLevelVariance_gldm_MYO_ES","heart_texture_GrayLevelVariance_gldm_MYO_ES","de",":=","c","de",-0.0409114919306812,0.0107639665172141,-3.80078216197106,0.000144240066363599,-0.0620084786352159,-0.0198145052261465,0.0144240066363599,217,"#FFD92F","Global Intensity",TRUE
"59","GrayLevelVariance_glrlm_MYO_ED","heart_texture_GrayLevelVariance_glrlm_MYO_ED","de",":=","c","de",-0.041325056025916,0.0108595464952191,-3.80541268865228,0.000141567947987475,-0.0626093760449836,-0.0200407360068485,0.014298362746735,153,"#A6D854","Global Variance",TRUE
"60","GrayLevelVariance_glrlm_MYO_ES","heart_texture_GrayLevelVariance_glrlm_MYO_ES","de",":=","c","de",-0.0388936707914567,0.010821424032305,-3.59413610217548,0.0003254696806958,-0.0601032721562107,-0.0176840694267027,0.0290346891742432,218,"#FFD92F","Global Intensity",TRUE
"61","GrayLevelVariance_glszm_MYO_ED","heart_texture_GrayLevelVariance_glszm_MYO_ED","de",":=","c","de",-0.032800808452831,0.0115143996541167,-2.84867725961761,0.00439013899061003,-0.0553686170785,-0.0102329998271618,0.215116810539891,159,"#A6D854","Global Variance",FALSE
"62","GrayLevelVariance_glszm_MYO_ES","heart_texture_GrayLevelVariance_glszm_MYO_ES","de",":=","c","de",-0.0280721663045787,0.0114018554700561,-2.46207000065057,0.0138137703093362,-0.0504193923828197,-0.0057249402263378,0.463327550488181,121,"#E78AC3","Shape",FALSE
"63","HighGrayLevelEmphasis_gldm_MYO_ED","heart_texture_HighGrayLevelEmphasis_gldm_MYO_ED","de",":=","c","de",-0.0372563522353497,0.0121299079847661,-3.07144557750477,0.00213024993772359,-0.0610305350212761,-0.0134821694494232,0.134205746076586,209,"#FFD92F","Global Intensity",FALSE
"64","HighGrayLevelEmphasis_gldm_MYO_ES","heart_texture_HighGrayLevelEmphasis_gldm_MYO_ES","de",":=","c","de",-0.0267707869611303,0.0122120901611521,-2.19215438208037,0.0283683611084229,-0.0507060438529444,-0.00283553006931613,0.696013397020572,229,"#FFD92F","Global Intensity",FALSE
"65","HighGrayLevelRunEmphasis_glrlm_MYO_ED","heart_texture_HighGrayLevelRunEmphasis_glrlm_MYO_ED","de",":=","c","de",-0.0342436233700158,0.0121338493320617,-2.82215663248204,0.00477018730807899,-0.0580255310546922,-0.0104617156853394,0.228968990787791,211,"#FFD92F","Global Intensity",FALSE
"66","HighGrayLevelRunEmphasis_glrlm_MYO_ES","heart_texture_HighGrayLevelRunEmphasis_glrlm_MYO_ES","de",":=","c","de",-0.0271653277641231,0.0121842974570407,-2.22953583166386,0.0257782739637249,-0.0510461119568457,-0.0032845435714004,0.696013397020572,231,"#FFD92F","Global Intensity",FALSE
"67","HighGrayLevelZoneEmphasis_glszm_MYO_ED","heart_texture_HighGrayLevelZoneEmphasis_glszm_MYO_ED","de",":=","c","de",-0.0209435599156988,0.0118440084435165,-1.76828309567471,0.0770135884734751,-0.0441573898975795,0.00227027006618189,0.924163061681701,213,"#FFD92F","Global Intensity",FALSE
"68","HighGrayLevelZoneEmphasis_glszm_MYO_ES","heart_texture_HighGrayLevelZoneEmphasis_glszm_MYO_ES","de",":=","c","de",-0.0234289134677342,0.0117081020520702,-2.00108551868931,0.0453831746615017,-0.0463763718171112,-0.000481455118357201,0.726130794584027,233,"#FFD92F","Global Intensity",FALSE
"69","InformalMeasureofCorrelation1_glcm_MYO_ED","heart_texture_InformalMeasureofCorrelation1_glcm_MYO_ED","de",":=","c","de",-0.0429721546234195,0.0106011436966109,-4.05353949094731,5.04484790058157e-05,-0.0637500144637106,-0.0221942947831283,0.00665919922876768,144,"#E78AC3","Shape",TRUE
"70","InformalMeasureofCorrelation1_glcm_MYO_ES","heart_texture_InformalMeasureofCorrelation1_glcm_MYO_ES","de",":=","c","de",-0.039660960895943,0.010597434728815,-3.74250579605859,0.000182194329095164,-0.0604315512929344,-0.0188903704989515,0.0173084612640406,130,"#E78AC3","Shape",TRUE
"71","InformalMeasureofCorrelation2_glcm_MYO_ED","heart_texture_InformalMeasureofCorrelation2_glcm_MYO_ED","de",":=","c","de",-0.0425089417943695,0.0106220254346377,-4.00196196628854,6.28193984555381e-05,-0.0633277290891278,-0.0216901544996112,0.0076577210942288,192,"#FFD92F","Global Intensity",TRUE
"72","InformalMeasureofCorrelation2_glcm_MYO_ES","heart_texture_InformalMeasureofCorrelation2_glcm_MYO_ES","de",":=","c","de",-0.0373357777923021,0.0106352255214556,-3.510576970557,0.000447135338309979,-0.0581804367818163,-0.0164911188027879,0.0371122330797282,99,"#8DA0CB","Local Uniformity",TRUE
"73","InterquartileRange_MYO_ED","heart_intensity_InterquartileRange_MYO_ED","de",":=","c","de",-0.0446162859795679,0.0106796456409051,-4.1776934815776,2.94480135158981e-05,-0.065548006803392,-0.0236845651557437,0.0045938901084801,176,"#A6D854","Global Variance",TRUE
"74","InterquartileRange_MYO_ES","heart_intensity_InterquartileRange_MYO_ES","de",":=","c","de",-0.0382129989356028,0.0107925157936961,-3.54069427981963,0.000399075703074736,-0.0593659411938268,-0.0170600566773787,0.0339214347613526,228,"#FFD92F","Global Intensity",TRUE
"75","InverseDifference_glcm_MYO_ED","heart_texture_InverseDifference_glcm_MYO_ED","de",":=","c","de",-0.0518502420199709,0.0109065090382481,-4.75406400326053,1.99367877407042e-06,-0.0732266069319978,-0.0304738771079441,0.000410697827458506,91,"#8DA0CB","Local Uniformity",TRUE
"76","InverseDifference_glcm_MYO_ES","heart_texture_InverseDifference_glcm_MYO_ES","de",":=","c","de",-0.0466703328905782,0.0106693544632018,-4.37424148307589,1.21855431305384e-05,-0.0675818833767454,-0.025758782404411,0.00210809896158315,87,"#8DA0CB","Local Uniformity",TRUE
"77","InverseDifferenceMoment_glcm_MYO_ED","heart_texture_InverseDifferenceMoment_glcm_MYO_ED","de",":=","c","de",-0.0520503812859896,0.0109386423806905,-4.75839500684944,1.95138347947044e-06,-0.0734897263919065,-0.0306110361800727,0.00040393638025038,92,"#8DA0CB","Local Uniformity",TRUE
"78","InverseDifferenceMoment_glcm_MYO_ES","heart_texture_InverseDifferenceMoment_glcm_MYO_ES","de",":=","c","de",-0.0468551183415396,0.0106863090179991,-4.38459324567733,1.16202700446433e-05,-0.0677998991444835,-0.0259103375385958,0.00203064713784062,88,"#8DA0CB","Local Uniformity",TRUE
"79","InverseDifferenceMomentNormalized_glcm_MYO_ED","heart_texture_InverseDifferenceMomentNormalized_glcm_MYO_ED","de",":=","c","de",-0.0276424267830361,0.0109171472140026,-2.53201923920025,0.0113407768530873,-0.049039642136403,-0.0062452114296691,0.430949520417318,103,"#8DA0CB","Local Uniformity",FALSE
"80","InverseDifferenceMomentNormalized_glcm_MYO_ES","heart_texture_InverseDifferenceMomentNormalized_glcm_MYO_ES","de",":=","c","de",-0.025136464366953,0.0111138518181181,-2.26172390799514,0.0237144666503182,-0.0469192136599794,-0.00335371507392652,0.664005066208909,107,"#8DA0CB","Local Uniformity",FALSE
"81","InverseDifferenceNormalized_glcm_MYO_ED","heart_texture_InverseDifferenceNormalized_glcm_MYO_ED","de",":=","c","de",-0.0316472552501187,0.0107330554367619,-2.94857838353497,0.00319239171878194,-0.0526836573502438,-0.0106108531499935,0.175581544533007,104,"#8DA0CB","Local Uniformity",FALSE
"82","InverseDifferenceNormalized_glcm_MYO_ES","heart_texture_InverseDifferenceNormalized_glcm_MYO_ES","de",":=","c","de",-0.0312807208559107,0.0108103218996259,-2.89359754005041,0.00380855978264827,-0.0524685624404621,-0.0100928792713593,0.191596898195624,108,"#8DA0CB","Local Uniformity",FALSE
"83","InverseVariance_glcm_MYO_ED","heart_texture_InverseVariance_glcm_MYO_ED","de",":=","c","de",-0.0466120740886839,0.0106301243688277,-4.38490392693536,1.16036979305179e-05,-0.0674467350027678,-0.0257774131746,0.00203064713784062,165,"#A6D854","Global Variance",TRUE
"84","InverseVariance_glcm_MYO_ES","heart_texture_InverseVariance_glcm_MYO_ES","de",":=","c","de",-0.0447000853505101,0.0105924040130274,-4.220013256248,2.44287953572453e-05,-0.0654608157257413,-0.0239393549752789,0.00395746484787374,182,"#A6D854","Global Variance",TRUE
"85","JointAverage_glcm_MYO_ED","heart_texture_JointAverage_glcm_MYO_ED","de",":=","c","de",-0.039627815840099,0.0122935964269998,-3.22345182513609,0.00126655600880921,-0.063722822077489,-0.0155328096027091,0.0886589206166444,216,"#FFD92F","Global Intensity",FALSE
"86","JointAverage_glcm_MYO_ES","heart_texture_JointAverage_glcm_MYO_ES","de",":=","c","de",-0.0263413186304779,0.0123208426380268,-2.137947817723,0.0325209786666516,-0.050489726460196,-0.00219291080075987,0.696013397020572,236,"#FFD92F","Global Intensity",FALSE
"87","JointEnergy_glcm_MYO_ED","heart_texture_JointEnergy_glcm_MYO_ED","de",":=","c","de",-0.0472226104865141,0.0107060490079171,-4.41083451529066,1.0297299371631e-05,-0.0682060809587524,-0.0262391400142758,0.00181232468940706,93,"#8DA0CB","Local Uniformity",TRUE
"88","JointEnergy_glcm_MYO_ES","heart_texture_JointEnergy_glcm_MYO_ES","de",":=","c","de",-0.043373166672152,0.0106509638657977,-4.07222925724418,4.65653122019294e-05,-0.0642486722497529,-0.022497661094551,0.00626905057867644,89,"#8DA0CB","Local Uniformity",TRUE
"89","JointEntropy_glcm_MYO_ED","heart_texture_JointEntropy_glcm_MYO_ED","de",":=","c","de",-0.0488185178689092,0.011001936114904,-4.43726607381187,9.11086478216916e-06,-0.0703819164143317,-0.0272551193234868,0.00161262306644394,166,"#A6D854","Global Variance",TRUE
"90","JointEntropy_glcm_MYO_ES","heart_texture_JointEntropy_glcm_MYO_ES","de",":=","c","de",-0.0425869428813263,0.0107647429185053,-3.95615048159829,7.61671923432683e-05,-0.0636854513044292,-0.0214884344582234,0.00868305992713259,222,"#FFD92F","Global Intensity",TRUE
"91","Kurtosis_MYO_ED","heart_intensity_Kurtosis_MYO_ED","de",":=","c","de",-0.0397982597753841,0.0106343504669914,-3.74242506854708,0.000182252887205747,-0.060641203689664,-0.0189553158611042,0.0173084612640406,114,"#E78AC3","Shape",TRUE
"92","Kurtosis_MYO_ES","heart_intensity_Kurtosis_MYO_ES","de",":=","c","de",-0.0405453706513169,0.0106447163485713,-3.80896675154326,0.000139548719156446,-0.0614086313201613,-0.0196821099824725,0.0142339693539575,124,"#E78AC3","Shape",TRUE
"93","LargeAreaEmphasis_glszm_MYO_ED","heart_texture_LargeAreaEmphasis_glszm_MYO_ED","de",":=","c","de",-0.0595145277665304,0.0108951145039414,-5.46249676816159,4.69484082721294e-08,-0.0808685598016955,-0.0381604957313653,1.1596256843216e-05,85,"#8DA0CB","Local Uniformity",TRUE
"94","LargeAreaEmphasis_glszm_MYO_ES","heart_texture_LargeAreaEmphasis_glszm_MYO_ES","de",":=","c","de",-0.0585280634672132,0.0110148472338145,-5.31356107123645,1.07503383972585e-07,-0.0801167673407003,-0.0369393595937262,2.61233223053381e-05,81,"#8DA0CB","Local Uniformity",TRUE
"95","LargeAreaHighGrayLevelEmphasis_glszm_MYO_ED","heart_texture_LargeAreaHighGrayLevelEmphasis_glszm_MYO_ED","de",":=","c","de",-0.0378783978016993,0.0106207881356598,-3.56643945043219,0.000361864370594489,-0.0586947600350228,-0.0170620355683758,0.0315901063497748,82,"#8DA0CB","Local Uniformity",TRUE
"96","LargeAreaHighGrayLevelEmphasis_glszm_MYO_ES","heart_texture_LargeAreaHighGrayLevelEmphasis_glszm_MYO_ES","de",":=","c","de",-0.0363287357222849,0.0106464701380261,-3.41227986847294,0.000644219351684905,-0.0571954337552973,-0.0154620376892725,0.05075815018092,102,"#8DA0CB","Local Uniformity",FALSE
"97","LargeAreaLowGrayLevelEmphasis_glszm_MYO_ED","heart_texture_LargeAreaLowGrayLevelEmphasis_glszm_MYO_ED","de",":=","c","de",-0.0577288174075792,0.0114673598567427,-5.0341855604745,4.79884661119812e-07,-0.0802044297245553,-0.0352532050906031,0.000108933818074197,60,"#FC8D62","Local Dimness",TRUE
"98","LargeAreaLowGrayLevelEmphasis_glszm_MYO_ES","heart_texture_LargeAreaLowGrayLevelEmphasis_glszm_MYO_ES","de",":=","c","de",-0.0513717256614241,0.011350223142428,-4.52605424728548,6.00951599372124e-06,-0.0736177542370759,-0.0291256970857722,0.00111776997483215,58,"#FC8D62","Local Dimness",TRUE
"99","LargeDependenceEmphasis_gldm_MYO_ED","heart_texture_LargeDependenceEmphasis_gldm_MYO_ED","de",":=","c","de",-0.054671876852313,0.0107487315258086,-5.08635616407769,3.65008305136527e-07,-0.0757390035223882,-0.0336047501822378,8.46334777531155e-05,73,"#8DA0CB","Local Uniformity",TRUE
"100","LargeDependenceEmphasis_gldm_MYO_ES","heart_texture_LargeDependenceEmphasis_gldm_MYO_ES","de",":=","c","de",-0.0494941394833952,0.0106464147813653,-4.64890204822999,3.33706630750719e-06,-0.0703607290193461,-0.0286275499474443,0.000648740761594047,71,"#8DA0CB","Local Uniformity",TRUE
"101","LargeDependenceHighGrayLevelEmphasis_gldm_MYO_ED","heart_texture_LargeDependenceHighGrayLevelEmphasis_gldm_MYO_ED","de",":=","c","de",-0.0308623729217917,0.0111129398571647,-2.77715647870571,0.00548367719018161,-0.0526433348041941,-0.0090814110393893,0.252768643476798,100,"#8DA0CB","Local Uniformity",FALSE
"102","LargeDependenceHighGrayLevelEmphasis_gldm_MYO_ES","heart_texture_LargeDependenceHighGrayLevelEmphasis_gldm_MYO_ES","de",":=","c","de",-0.021732273735764,0.0114072934684197,-1.90512094704395,0.0567643511044331,-0.0440901580949456,0.000625610623417604,0.794700915462064,105,"#8DA0CB","Local Uniformity",FALSE
"103","LargeDependenceLowGrayLevelEmphasis_gldm_MYO_ED","heart_texture_LargeDependenceLowGrayLevelEmphasis_gldm_MYO_ED","de",":=","c","de",-0.0558580659986654,0.011835614862123,-4.71949000110045,2.36436666889439e-06,-0.0790554448633135,-0.0326606871340173,0.000479966433785561,61,"#FC8D62","Local Dimness",TRUE
"104","LargeDependenceLowGrayLevelEmphasis_gldm_MYO_ES","heart_texture_LargeDependenceLowGrayLevelEmphasis_gldm_MYO_ES","de",":=","c","de",-0.0471006298070073,0.0117603316660781,-4.00504264202566,6.20062946639077e-05,-0.0701504563187662,-0.0240508032952483,0.00762677424366065,56,"#FC8D62","Local Dimness",TRUE
"105","LeastAxis_LV_ED","heart_shape_LeastAxis_LV_ED","de",":=","c","de",-0.0511832195599146,0.0106042713062917,-4.82666069940576,1.38841367958165e-06,-0.0719672094025379,-0.0303992297172913,0.000300500375605361,33,"#66C2A5","Size",TRUE
"106","LeastAxis_LV_ES","heart_shape_LeastAxis_LV_ES","de",":=","c","de",-0.0471862181845101,0.0105752247706335,-4.4619588905138,8.12138087091796e-06,-0.0679132778633677,-0.0264591585056526,0.00145372717589431,24,"#66C2A5","Size",TRUE
"107","LeastAxis_RV_ED","heart_shape_LeastAxis_RV_ED","de",":=","c","de",-0.0552741032046784,0.0106433437286832,-5.19330246337133,2.06596131313574e-07,-0.0761346735879778,-0.034413532821379,4.89632831213171e-05,15,"#66C2A5","Size",TRUE
"108","LeastAxis_RV_ES","heart_shape_LeastAxis_RV_ES","de",":=","c","de",-0.0478561666076727,0.0105499727694111,-4.53614124449955,5.72928175990306e-06,-0.0685337332735967,-0.0271785999417487,0.00107137568910187,6,"#66C2A5","Size",TRUE
"109","LongRunEmphasis_glrlm_MYO_ED","heart_texture_LongRunEmphasis_glrlm_MYO_ED","de",":=","c","de",-0.0549358107516682,0.010837550591034,-5.06902461863636,3.99859512612011e-07,-0.0761770195907255,-0.0336946019126109,9.19676879007625e-05,79,"#8DA0CB","Local Uniformity",TRUE
"110","LongRunEmphasis_glrlm_MYO_ES","heart_texture_LongRunEmphasis_glrlm_MYO_ES","de",":=","c","de",-0.0478939465751035,0.0106714350079232,-4.48805118894918,7.18776603836346e-06,-0.0688095748539927,-0.0269783182962142,0.00130817341898215,76,"#8DA0CB","Local Uniformity",TRUE
"111","LongRunHighGrayLevelEmphasis_glrlm_MYO_ED","heart_texture_LongRunHighGrayLevelEmphasis_glrlm_MYO_ED","de",":=","c","de",-0.0304964569515818,0.0113471431912199,-2.68758897615562,0.00719699252339323,-0.0527364489337917,-0.00825646496937197,0.316667671029302,101,"#8DA0CB","Local Uniformity",FALSE
"112","LongRunHighGrayLevelEmphasis_glrlm_MYO_ES","heart_texture_LongRunHighGrayLevelEmphasis_glrlm_MYO_ES","de",":=","c","de",-0.0271174585184236,0.0112619359992242,-2.4078860437754,0.0160451884793735,-0.049190447473098,-0.00504446956374913,0.497400842860579,106,"#8DA0CB","Local Uniformity",FALSE
"113","LongRunLowGrayLevelEmphasis_glrlm_MYO_ED","heart_texture_LongRunLowGrayLevelEmphasis_glrlm_MYO_ED","de",":=","c","de",-0.0506003358821715,0.0119114384914271,-4.24804576866091,2.15643346024308e-05,-0.0739463263294327,-0.0272543454349103,0.00357967954400351,62,"#FC8D62","Local Dimness",TRUE
"114","LongRunLowGrayLevelEmphasis_glrlm_MYO_ES","heart_texture_LongRunLowGrayLevelEmphasis_glrlm_MYO_ES","de",":=","c","de",-0.0473962383556842,0.0115906911816645,-4.08916410702591,4.32930489808747e-05,-0.0701135756276726,-0.0246789010836958,0.00597444075936071,59,"#FC8D62","Local Dimness",TRUE
"115","LowGrayLevelEmphasis_gldm_MYO_ED","heart_texture_LowGrayLevelEmphasis_gldm_MYO_ED","de",":=","c","de",-0.0376370985097376,0.0120285401881254,-3.12898306204214,0.00175412419485821,-0.0612126040650561,-0.0140615929544191,0.1175263210555,46,"#FC8D62","Local Dimness",FALSE
"116","LowGrayLevelEmphasis_gldm_MYO_ES","heart_texture_LowGrayLevelEmphasis_gldm_MYO_ES","de",":=","c","de",-0.0349988349882838,0.0119631452290578,-2.92555463618997,0.00343842792275861,-0.0584461687790592,-0.0115515011975084,0.182236679906207,44,"#FC8D62","Local Dimness",FALSE
"117","LowGrayLevelRunEmphasis_glrlm_MYO_ED","heart_texture_LowGrayLevelRunEmphasis_glrlm_MYO_ED","de",":=","c","de",-0.0361397975725535,0.0120489933528391,-2.99940389327526,0.00270508449952911,-0.0597553905940807,-0.0125242045510263,0.159599985472217,49,"#FC8D62","Local Dimness",FALSE
"118","LowGrayLevelRunEmphasis_glrlm_MYO_ES","heart_texture_LowGrayLevelRunEmphasis_glrlm_MYO_ES","de",":=","c","de",-0.0352675492672658,0.0119700454589426,-2.94631707024289,0.00321582570239776,-0.0587284072601004,-0.0118066912744312,0.175581544533007,47,"#FC8D62","Local Dimness",FALSE
"119","LowGrayLevelZoneEmphasis_glszm_MYO_ED","heart_texture_LowGrayLevelZoneEmphasis_glszm_MYO_ED","de",":=","c","de",-0.0255938139001956,0.0115141145427356,-2.22282085219858,0.0262278824283639,-0.0481610637178262,-0.00302656408256499,0.696013397020572,50,"#FC8D62","Local Dimness",FALSE
"120","LowGrayLevelZoneEmphasis_glszm_MYO_ES","heart_texture_LowGrayLevelZoneEmphasis_glszm_MYO_ES","de",":=","c","de",-0.0251692030983976,0.0115121826741832,-2.18631026024641,0.0287929139964676,-0.0477326665232426,-0.00260573967355261,0.696013397020572,54,"#FC8D62","Local Dimness",FALSE
"121","MajorAxis_LV_ED","heart_shape_MajorAxis_LV_ED","de",":=","c","de",-0.0545632718723413,0.0106337083398531,-5.13116122132563,2.87960128853015e-07,-0.0754049572405567,-0.033721586504126,6.73826701516056e-05,35,"#66C2A5","Size",TRUE
"122","MajorAxis_LV_ES","heart_shape_MajorAxis_LV_ES","de",":=","c","de",-0.0532382214309203,0.0106096448738179,-5.01790795677805,5.22371917499598e-07,-0.0740327432723634,-0.0324436995894772,0.000118056053354909,26,"#66C2A5","Size",TRUE
"123","MajorAxis_RV_ED","heart_shape_MajorAxis_RV_ED","de",":=","c","de",-0.0322941399176099,0.0105972537359606,-3.04740650004665,0.00230825323931083,-0.0530643755751252,-0.0115239042600947,0.140803447597961,17,"#66C2A5","Size",FALSE
"124","MajorAxis_RV_ES","heart_shape_MajorAxis_RV_ES","de",":=","c","de",-0.0418523755711027,0.0105630871143592,-3.9621348492156,7.4282562987138e-05,-0.0625556458808058,-0.0211491052613996,0.008616777306508,8,"#66C2A5","Size",TRUE
"125","Max2DdiameterColumn_LV_ED","heart_shape_Max2DdiameterColumn_LV_ED","de",":=","c","de",-0.0521327752200617,0.0105835461535129,-4.92583246332401,8.40019500403244e-07,-0.0728761445096644,-0.031389405930459,0.000185644309589117,37,"#66C2A5","Size",TRUE
"126","Max2DdiameterColumn_LV_ES","heart_shape_Max2DdiameterColumn_LV_ES","de",":=","c","de",-0.0498647694295582,0.0105696920228146,-4.71771261848741,2.38511082728543e-06,-0.0705809851219552,-0.0291485537371612,0.000481792387111657,28,"#66C2A5","Size",TRUE
"127","Max2DdiameterColumn_RV_ED","heart_shape_Max2DdiameterColumn_RV_ED","de",":=","c","de",-0.0516484366897137,0.0105703328717832,-4.88616936819331,1.02816760083613e-06,-0.0723659084230085,-0.0309309649564189,0.000225168704583112,19,"#66C2A5","Size",TRUE
"128","Max2DdiameterColumn_RV_ES","heart_shape_Max2DdiameterColumn_RV_ES","de",":=","c","de",-0.0509520223691287,0.0105875108188858,-4.81246472761486,1.49080190459117e-06,-0.071703162260073,-0.0302008824781843,0.00031903160758251,10,"#66C2A5","Size",TRUE
"129","Max2DdiameterRow_LV_ED","heart_shape_Max2DdiameterRow_LV_ED","de",":=","c","de",-0.0498718759601397,0.0105815013734273,-4.71311907451811,2.43953543521691e-06,-0.0706112375544183,-0.0291325143658611,0.000487907087043382,36,"#66C2A5","Size",TRUE
"130","Max2DdiameterRow_LV_ES","heart_shape_Max2DdiameterRow_LV_ES","de",":=","c","de",-0.0506734072444245,0.0105766267209669,-4.79107456292946,1.65890459036255e-06,-0.0714032146954436,-0.0299435997934055,0.000351687773156861,27,"#66C2A5","Size",TRUE
"131","Max2DdiameterRow_RV_ED","heart_shape_Max2DdiameterRow_RV_ED","de",":=","c","de",-0.0437628585185745,0.0105625866493926,-4.143195220187,3.42500151282454e-05,-0.0644651479349677,-0.0230605691021814,0.00517175228436506,18,"#66C2A5","Size",TRUE
"132","Max2DdiameterRow_RV_ES","heart_shape_Max2DdiameterRow_RV_ES","de",":=","c","de",-0.0413194903540072,0.0105729881672236,-3.90802389073868,9.30541065897739e-05,-0.0620421663707336,-0.0205968143372808,0.0100498435116956,9,"#66C2A5","Size",TRUE
"133","Max2DdiameterSlice_LV_ED","heart_shape_Max2DdiameterSlice_LV_ED","de",":=","c","de",-0.0484683293926399,0.0106544842404236,-4.54910142048443,5.38754743573122e-06,-0.0693507347777197,-0.02758592400756,0.00101285891791747,38,"#66C2A5","Size",TRUE
"134","Max2DdiameterSlice_LV_ES","heart_shape_Max2DdiameterSlice_LV_ES","de",":=","c","de",-0.0511782446910573,0.010690235411947,-4.78738238391481,1.68970702651983e-06,-0.072130721084728,-0.0302257682973865,0.000354838475569164,29,"#66C2A5","Size",TRUE
"135","Max2DdiameterSlice_RV_ED","heart_shape_Max2DdiameterSlice_RV_ED","de",":=","c","de",-0.028000918228707,0.010728360641002,-2.60999039514874,0.00905447648459679,-0.049028118698228,-0.00697371775918604,0.371233535868468,20,"#66C2A5","Size",FALSE
"136","Max2DdiameterSlice_RV_ES","heart_shape_Max2DdiameterSlice_RV_ES","de",":=","c","de",-0.0420083432709335,0.010572924890206,-3.97319982002774,7.09135108898362e-05,-0.0627308952669844,-0.0212857912748825,0.00829688077411084,11,"#66C2A5","Size",TRUE
"137","Max3Ddiameter_LV_ED","heart_shape_Max3Ddiameter_LV_ED","de",":=","c","de",-0.0501521810822768,0.0105955659123716,-4.73331783286043,2.20879203638447e-06,-0.0709191086663455,-0.0293852534982081,0.000452802367458816,39,"#66C2A5","Size",TRUE
"138","Max3Ddiameter_LV_ES","heart_shape_Max3Ddiameter_LV_ES","de",":=","c","de",-0.0507376837830661,0.0105921681748029,-4.79011312374769,1.66687313107872e-06,-0.0714979519238712,-0.029977415642261,0.000351710230657609,30,"#66C2A5","Size",TRUE
"139","Max3Ddiameter_RV_ED","heart_shape_Max3Ddiameter_RV_ED","de",":=","c","de",-0.0435215962380747,0.010548648872307,-4.12579817234512,3.69451168129586e-05,-0.0641965681133556,-0.0228466243627939,0.00540590635432503,21,"#66C2A5","Size",TRUE
"140","Max3Ddiameter_RV_ES","heart_shape_Max3Ddiameter_RV_ES","de",":=","c","de",-0.0481892257335096,0.0105755898651223,-4.55664661244429,5.19767629558743e-06,-0.0689170009844161,-0.0274614504826031,0.000982360819866024,12,"#66C2A5","Size",TRUE
"141","Maximum_MYO_ED","heart_intensity_Maximum_MYO_ED","de",":=","c","de",-0.0253786964103722,0.0113974594882837,-2.22669766332233,0.0259674867113244,-0.0477173065226626,-0.00304008629808185,0.696013397020572,205,"#FFD92F","Global Intensity",FALSE
"142","Maximum_MYO_ES","heart_intensity_Maximum_MYO_ES","de",":=","c","de",-0.0171604818344963,0.0117977056586462,-1.45456094015363,0.145790851078527,-0.0402835600256472,0.00596259635665469,1,123,"#E78AC3","Shape",FALSE
"143","MaximumProbability_glcm_MYO_ED","heart_texture_MaximumProbability_glcm_MYO_ED","de",":=","c","de",-0.0466292497404589,0.0106858660789879,-4.36363785544235,1.279172690416e-05,-0.0675731623988933,-0.0256853370820244,0.00218738530061136,90,"#8DA0CB","Local Uniformity",TRUE
"144","MaximumProbability_glcm_MYO_ES","heart_texture_MaximumProbability_glcm_MYO_ES","de",":=","c","de",-0.0438915050099396,0.0106355669401476,-4.12686086759101,3.67748731586737e-05,-0.0647368331677937,-0.0230461768520855,0.00540590635432503,86,"#8DA0CB","Local Uniformity",TRUE
"145","Mean_MYO_ED","heart_intensity_Mean_MYO_ED","de",":=","c","de",-0.0267048811619703,0.0124744360811278,-2.14076860775865,0.0322927026876516,-0.0511543266084278,-0.00225543571551274,0.696013397020572,200,"#FFD92F","Global Intensity",FALSE
"146","Mean_MYO_ES","heart_intensity_Mean_MYO_ES","de",":=","c","de",-0.00679777017242626,0.0128561155620597,-0.528757705981386,0.596973540659156,-0.0319952936551481,0.0183997533102956,1,195,"#FFD92F","Global Intensity",FALSE
"147","MeanAbsoluteDeviation_MYO_ED","heart_intensity_MeanAbsoluteDeviation_MYO_ED","de",":=","c","de",-0.0439635242343155,0.0109142063895226,-4.02810086828847,5.62292202359593e-05,-0.0653549756776167,-0.0225720727910143,0.00708488174973088,174,"#A6D854","Global Variance",TRUE
"148","MeanAbsoluteDeviation_MYO_ES","heart_intensity_MeanAbsoluteDeviation_MYO_ES","de",":=","c","de",-0.0375407392962739,0.0108921286606514,-3.44659344980862,0.000567702186286212,-0.0588889191861272,-0.0161925594064206,0.045416174902897,226,"#FFD92F","Global Intensity",TRUE
"149","Median_MYO_ED","heart_intensity_Median_MYO_ED","de",":=","c","de",-0.0304945406842649,0.0123335479144135,-2.47248730826493,0.01341764778543,-0.0546678503981145,-0.0063212309704153,0.463327550488181,199,"#FFD92F","Global Intensity",FALSE
"150","Median_MYO_ES","heart_intensity_Median_MYO_ES","de",":=","c","de",-0.00590960739092188,0.0127914986682569,-0.461994918983734,0.644084964146668,-0.0309804840889974,0.0191612693071537,1,194,"#FFD92F","Global Intensity",FALSE
"151","Minimum_MYO_ED","heart_intensity_Minimum_MYO_ED","de",":=","c","de",-0.0286906084393077,0.0112368214124007,-2.55326727962814,0.0106717568018964,-0.0507143737083216,-0.00666684317029373,0.426870272075854,116,"#E78AC3","Shape",FALSE
"152","Minimum_MYO_ES","heart_intensity_Minimum_MYO_ES","de",":=","c","de",-0.0281841756162514,0.0111547568703139,-2.5266508220594,0.0115155931454658,-0.0500470973383674,-0.00632125389413534,0.430949520417318,117,"#E78AC3","Shape",FALSE
"153","MinorAxis_LV_ED","heart_shape_MinorAxis_LV_ED","de",":=","c","de",-0.0497087550858635,0.0106061779095637,-4.68677364359884,2.77545642757282e-06,-0.0704964818022327,-0.0289210283694943,0.000549540372659418,34,"#66C2A5","Size",TRUE
"154","MinorAxis_LV_ES","heart_shape_MinorAxis_LV_ES","de",":=","c","de",-0.0501429007369557,0.0106300049477798,-4.71710982104749,2.39218578279576e-06,-0.0709773275900868,-0.0293084738838247,0.000481792387111657,25,"#66C2A5","Size",TRUE
"155","MinorAxis_RV_ED","heart_shape_MinorAxis_RV_ED","de",":=","c","de",-0.0355414247128793,0.0105634910928351,-3.36455291158299,0.000766677822920281,-0.0562454868058458,-0.0148373626199129,0.0590341923648616,16,"#66C2A5","Size",FALSE
"156","MinorAxis_RV_ES","heart_shape_MinorAxis_RV_ES","de",":=","c","de",-0.0420839830260815,0.0105379780750416,-3.99355386075001,6.50902844840928e-05,-0.0627380405230358,-0.0214299255291271,0.00768065356912295,7,"#66C2A5","Size",TRUE
"157","Percentile10_MYO_ED","heart_intensity_Percentile10_MYO_ED","de",":=","c","de",-0.0228164311914011,0.0121765231475408,-1.8738051014184,0.0609572930229951,-0.0466819780174993,0.00104911563469714,0.794700915462064,201,"#FFD92F","Global Intensity",FALSE
"158","Percentile10_MYO_ES","heart_intensity_Percentile10_MYO_ES","de",":=","c","de",-0.0133921160648713,0.0126186377598101,-1.0612964980677,0.288555176726079,-0.0381241916080564,0.0113399594783137,1,197,"#FFD92F","Global Intensity",FALSE
"159","Percentile90_MYO_ED","heart_intensity_Percentile90_MYO_ED","de",":=","c","de",-0.028935021009849,0.0124423961138245,-2.32551839253051,0.0200442576006483,-0.0533216692743262,-0.00454837274537188,0.60132772801945,202,"#FFD92F","Global Intensity",FALSE
"160","Percentile90_MYO_ES","heart_intensity_Percentile90_MYO_ES","de",":=","c","de",-0.0127800785807493,0.012643686468718,-1.01078736904531,0.312118209798271,-0.0375612486912531,0.0120010915297545,1,196,"#FFD92F","Global Intensity",FALSE
"161","Range_MYO_ED","heart_intensity_Range_MYO_ED","de",":=","c","de",-0.0281548844160214,0.0112732464516785,-2.4974956891703,0.0125073985843254,-0.0502500414501553,-0.0060597273818876,0.450266349035713,206,"#FFD92F","Global Intensity",FALSE
"162","Range_MYO_ES","heart_intensity_Range_MYO_ES","de",":=","c","de",-0.0228627664270153,0.0115875806084208,-1.97304055088089,0.0484909424907241,-0.0455740070874748,-0.000151525766555829,0.727364137360861,120,"#E78AC3","Shape",FALSE
"163","RobustMeanAbsoluteDeviation_MYO_ED","heart_intensity_RobustMeanAbsoluteDeviation_MYO_ED","de",":=","c","de",-0.0445346150379185,0.0106970247551516,-4.16327119524248,3.1372038233668e-05,-0.0655003982997491,-0.0235688317760879,0.00486266592621853,173,"#A6D854","Global Variance",TRUE
"164","RobustMeanAbsoluteDeviation_MYO_ES","heart_intensity_RobustMeanAbsoluteDeviation_MYO_ES","de",":=","c","de",-0.038060199782988,0.0107984450302158,-3.52460003977328,0.000424122633607027,-0.0592247631312464,-0.0168956364347296,0.0356263012229903,225,"#FFD92F","Global Intensity",TRUE
"165","RootMeanSquared_MYO_ED","heart_intensity_RootMeanSquared_MYO_ED","de",":=","c","de",-0.0269613108382842,0.0124833766551618,-2.15977708460282,0.0307899304313275,-0.0514282794878494,-0.002494342188719,0.696013397020572,198,"#FFD92F","Global Intensity",FALSE
"166","RootMeanSquared_MYO_ES","heart_intensity_RootMeanSquared_MYO_ES","de",":=","c","de",-0.00666335995229941,0.0128529395424059,-0.518430817348428,0.604157717791272,-0.0318546585508856,0.0185279386462868,1,193,"#FFD92F","Global Intensity",FALSE
"167","RunEntropy_glrlm_MYO_ED","heart_texture_RunEntropy_glrlm_MYO_ED","de",":=","c","de",-0.0317622369724766,0.010707110932725,-2.96646193095835,0.00301247652959735,-0.0527477887790926,-0.0107766851658606,0.171711162187049,190,"#FFD92F","Global Intensity",FALSE
"168","RunEntropy_glrlm_MYO_ES","heart_texture_RunEntropy_glrlm_MYO_ES","de",":=","c","de",-0.031979119370272,0.0106402282352186,-3.00549186195299,0.00265151691332477,-0.0528335834985867,-0.0111246552419573,0.159091014799486,97,"#8DA0CB","Local Uniformity",FALSE
"169","RunLengthNonUniformity_glrlm_MYO_ED","heart_texture_RunLengthNonUniformity_glrlm_MYO_ED","de",":=","c","de",-0.0447660654071804,0.0105746855054592,-4.23332357109532,2.30262835703154e-05,-0.0654920681457182,-0.0240400626686427,0.00375328422196142,3,"#66C2A5","Size",TRUE
"170","RunLengthNonUniformity_glrlm_MYO_ES","heart_texture_RunLengthNonUniformity_glrlm_MYO_ES","de",":=","c","de",-0.0442968242515106,0.0105984016618074,-4.17957590823715,2.92053224260069e-05,-0.0650693098023425,-0.0235243387006788,0.00458523562088309,2,"#66C2A5","Size",TRUE
"171","RunLengthNonUniformityNormalized_glrlm_MYO_ED","heart_texture_RunLengthNonUniformityNormalized_glrlm_MYO_ED","de",":=","c","de",-0.056852926409979,0.0108282759317248,-5.25041352551892,1.51758135169544e-07,-0.0780759572508215,-0.0356298955691364,3.63988798035564e-05,155,"#A6D854","Global Variance",TRUE
"172","RunLengthNonUniformityNormalized_glrlm_MYO_ES","heart_texture_RunLengthNonUniformityNormalized_glrlm_MYO_ES","de",":=","c","de",-0.049701508538649,0.0106336883261773,-4.67396702010695,2.9543679402888e-06,-0.0705431546807805,-0.0288598623965175,0.000579056116296606,180,"#A6D854","Global Variance",TRUE
"173","RunPercentage_glrlm_MYO_ED","heart_texture_RunPercentage_glrlm_MYO_ED","de",":=","c","de",-0.0566910657411843,0.0107972077294744,-5.25053024463242,1.51661999181485e-07,-0.0778532040245516,-0.0355289274578169,3.63988798035564e-05,154,"#A6D854","Global Variance",TRUE
"174","RunPercentage_glrlm_MYO_ES","heart_texture_RunPercentage_glrlm_MYO_ES","de",":=","c","de",-0.0503858310684405,0.0106583387877645,-4.72736249726664,2.27454990331388e-06,-0.0712757912274853,-0.0294958709093957,0.000464008180276032,179,"#A6D854","Global Variance",TRUE
"175","RunVariance_glrlm_MYO_ED","heart_texture_RunVariance_glrlm_MYO_ED","de",":=","c","de",-0.0541873341427986,0.0108003335365809,-5.01719080797508,5.24324878847793e-07,-0.0753555988955173,-0.03301906939008,0.000118056053354909,77,"#8DA0CB","Local Uniformity",TRUE
"176","RunVariance_glrlm_MYO_ES","heart_texture_RunVariance_glrlm_MYO_ES","de",":=","c","de",-0.0480078615174273,0.0106689608675345,-4.49976920090825,6.80272814790328e-06,-0.0689186405702622,-0.0270970824645924,0.00125850470736211,74,"#8DA0CB","Local Uniformity",TRUE
"177","ShortRunEmphasis_glrlm_MYO_ED","heart_texture_ShortRunEmphasis_glrlm_MYO_ED","de",":=","c","de",-0.0566649250348551,0.0108730428751047,-5.21150571056767,1.87314075805745e-07,-0.0779756974724201,-0.0353541525972901,4.45807500417672e-05,156,"#A6D854","Global Variance",TRUE
"178","ShortRunEmphasis_glrlm_MYO_ES","heart_texture_ShortRunEmphasis_glrlm_MYO_ES","de",":=","c","de",-0.0491207485824045,0.0106386111481327,-4.61721439936511,3.88925397265538e-06,-0.0699720432782709,-0.0282694538865381,0.000746736762749833,181,"#A6D854","Global Variance",TRUE
"179","ShortRunHighGrayLevelEmphasis_glrlm_MYO_ED","heart_texture_ShortRunHighGrayLevelEmphasis_glrlm_MYO_ED","de",":=","c","de",-0.0364289206833637,0.0121611901330586,-2.99550621976846,0.00273989713506895,-0.0602644153533024,-0.0125934260134251,0.159599985472217,210,"#FFD92F","Global Intensity",FALSE
"180","ShortRunHighGrayLevelEmphasis_glrlm_MYO_ES","heart_texture_ShortRunHighGrayLevelEmphasis_glrlm_MYO_ES","de",":=","c","de",-0.0351736556475767,0.0120579996833577,-2.91703902564561,0.00353371556370918,-0.0588069007525532,-0.0115404105426003,0.183753209312878,230,"#FFD92F","Global Intensity",FALSE
"181","ShortRunLowGrayLevelEmphasis_glrlm_MYO_ED","heart_texture_ShortRunLowGrayLevelEmphasis_glrlm_MYO_ED","de",":=","c","de",-0.0320434041249691,0.0119288327430074,-2.68621455387181,0.00722666670477645,-0.0554234866788657,-0.00866332157107244,0.316667671029302,48,"#FC8D62","Local Dimness",FALSE
"182","ShortRunLowGrayLevelEmphasis_glrlm_MYO_ES","heart_texture_ShortRunLowGrayLevelEmphasis_glrlm_MYO_ES","de",":=","c","de",-0.0314606628502815,0.0118501937037768,-2.65486486016298,0.00793401864179288,-0.0546866157195073,-0.00823470998105573,0.333228782955301,53,"#FC8D62","Local Dimness",FALSE
"183","SizeZoneNonUniformity_glszm_MYO_ED","heart_texture_SizeZoneNonUniformity_glszm_MYO_ED","de",":=","c","de",-0.0479263882351141,0.0106696548941916,-4.491840524402,7.06102899283856e-06,-0.0688385275552012,-0.027014248915027,0.00129922933468229,4,"#66C2A5","Size",TRUE
"184","SizeZoneNonUniformity_glszm_MYO_ES","heart_texture_SizeZoneNonUniformity_glszm_MYO_ES","de",":=","c","de",-0.0454523621631141,0.0107251847012505,-4.23790950265078,2.25610667459186e-05,-0.066473337905105,-0.0244313864211232,0.00372257601307657,43,"#66C2A5","Size",TRUE
"185","SizeZoneNonUniformityNormalized_glszm_MYO_ED","heart_texture_SizeZoneNonUniformityNormalized_glszm_MYO_ED","de",":=","c","de",-0.0314080183643661,0.0108382302441849,-2.89789178276754,0.0037568019254044,-0.0526505592991212,-0.0101654774296109,0.191596898195624,138,"#E78AC3","Shape",FALSE
"186","SizeZoneNonUniformityNormalized_glszm_MYO_ES","heart_texture_SizeZoneNonUniformityNormalized_glszm_MYO_ES","de",":=","c","de",-0.0418069233185747,0.0106064026104351,-3.94166852363712,8.09167520405829e-05,-0.0625950904405591,-0.0210187561965903,0.00906267622854529,136,"#E78AC3","Shape",TRUE
"187","Skewness_MYO_ED","heart_intensity_Skewness_MYO_ED","de",":=","c","de",-0.0434769956499095,0.010575195659715,-4.11122375877453,3.93567553420571e-05,-0.0642039982724151,-0.0227499930274039,0.00566737276925622,113,"#E78AC3","Shape",TRUE
"188","Skewness_MYO_ES","heart_intensity_Skewness_MYO_ES","de",":=","c","de",-0.0439375732316997,0.0107145020987639,-4.10075734986964,4.1180018926168e-05,-0.0649376114575557,-0.0229375350058437,0.00580638266858968,112,"#E78AC3","Shape",TRUE
"189","SmallAreaEmphasis_glszm_MYO_ED","heart_texture_SmallAreaEmphasis_glszm_MYO_ED","de",":=","c","de",-0.0320193042986399,0.0108251320573067,-2.95786731553338,0.00309775432599735,-0.053236173258851,-0.0108024353384289,0.173474242255852,125,"#E78AC3","Shape",FALSE
"190","SmallAreaEmphasis_glszm_MYO_ES","heart_texture_SmallAreaEmphasis_glszm_MYO_ES","de",":=","c","de",-0.0415357470356576,0.0106067693239624,-3.9159659050774,9.00429736023778e-05,-0.0623246329029481,-0.020746861168367,0.00999477006986393,137,"#E78AC3","Shape",TRUE
"191","SmallAreaHighGrayLevelEmphasis_glszm_MYO_ED","heart_texture_SmallAreaHighGrayLevelEmphasis_glszm_MYO_ED","de",":=","c","de",-0.01879319444246,0.0118641523226141,-1.58403179017169,0.11318648494911,-0.0420465057018808,0.00446011681696083,1,212,"#FFD92F","Global Intensity",FALSE
"192","SmallAreaHighGrayLevelEmphasis_glszm_MYO_ES","heart_texture_SmallAreaHighGrayLevelEmphasis_glszm_MYO_ES","de",":=","c","de",-0.0239219787087978,0.011663974012972,-2.05092866995358,0.040273893669617,-0.0467829476908341,-0.00106100972676153,0.696013397020572,232,"#FFD92F","Global Intensity",FALSE
"193","SmallAreaLowGrayLevelEmphasis_glszm_MYO_ED","heart_texture_SmallAreaLowGrayLevelEmphasis_glszm_MYO_ED","de",":=","c","de",-0.0315288162216731,0.0113271555079984,-2.78347164911879,0.00537805624418719,-0.0537296330646344,-0.00932799937871186,0.252768643476798,51,"#FC8D62","Local Dimness",FALSE
"194","SmallAreaLowGrayLevelEmphasis_glszm_MYO_ES","heart_texture_SmallAreaLowGrayLevelEmphasis_glszm_MYO_ES","de",":=","c","de",-0.0281850645143301,0.0113773161525504,-2.47730344629756,0.013237930013948,-0.0504841944140547,-0.00588593461460545,0.463327550488181,55,"#FC8D62","Local Dimness",FALSE
"195","SmallDependenceEmphasis_gldm_MYO_ED","heart_texture_SmallDependenceEmphasis_gldm_MYO_ED","de",":=","c","de",-0.0544605322032068,0.0112820578203958,-4.82718073867273,1.38479435762839e-06,-0.076572959202681,-0.0323481052037325,0.000300500375605361,151,"#A6D854","Global Variance",TRUE
"196","SmallDependenceEmphasis_gldm_MYO_ES","heart_texture_SmallDependenceEmphasis_gldm_MYO_ES","de",":=","c","de",-0.052373328494113,0.0109679280627895,-4.77513420896678,1.79587445248153e-06,-0.0738700724822066,-0.0308765845060194,0.000375337760568639,148,"#A6D854","Global Variance",TRUE
"197","SmallDependenceHighGrayLevelEmphasis_gldm_MYO_ED","heart_texture_SmallDependenceHighGrayLevelEmphasis_gldm_MYO_ED","de",":=","c","de",-0.0382207827688665,0.0116627680914983,-3.2771622027474,0.00104856113802443,-0.061079388188246,-0.015362177349487,0.0754964019377589,208,"#FFD92F","Global Intensity",FALSE
"198","SmallDependenceHighGrayLevelEmphasis_gldm_MYO_ES","heart_texture_SmallDependenceHighGrayLevelEmphasis_gldm_MYO_ES","de",":=","c","de",-0.0386264517567728,0.0115336660330803,-3.34901770573089,0.000810986129494928,-0.0612320217913231,-0.0160208817222226,0.0608239597121196,207,"#FFD92F","Global Intensity",FALSE
"199","SmallDependenceLowGrayLevelEmphasis_gldm_MYO_ED","heart_texture_SmallDependenceLowGrayLevelEmphasis_gldm_MYO_ED","de",":=","c","de",-0.0280336720803257,0.0110190608288589,-2.54410720802137,0.010955745318473,-0.0496306344483452,-0.0064367097123063,0.427274067420446,45,"#FC8D62","Local Dimness",FALSE
"200","SmallDependenceLowGrayLevelEmphasis_gldm_MYO_ES","heart_texture_SmallDependenceLowGrayLevelEmphasis_gldm_MYO_ES","de",":=","c","de",-0.0256694962309198,0.0111560632466623,-2.30094574254048,0.0213946981138224,-0.0475349784036288,-0.0038040140582108,0.620446245300851,52,"#FC8D62","Local Dimness",FALSE
"201","Sphericity_LV_ED","heart_shape_Sphericity_LV_ED","de",":=","c","de",-0.0336581667870358,0.0108563266134109,-3.10032739301134,0.00193306844414054,-0.0549361759537249,-0.0123801576203468,0.125649448869135,142,"#E78AC3","Shape",FALSE
"202","Sphericity_LV_ES","heart_shape_Sphericity_LV_ES","de",":=","c","de",-0.0358989135007283,0.0108896399962477,-3.29661159717843,0.000978587286130539,-0.0572422156979807,-0.0145556113034759,0.0724154591736599,143,"#E78AC3","Shape",FALSE
"203","Sphericity_RV_ED","heart_shape_Sphericity_RV_ED","de",":=","c","de",-0.0437289066983132,0.0108635652699449,-4.02528135208923,5.69072348932664e-05,-0.0650211033711053,-0.0224367100255212,0.0071134043616583,141,"#E78AC3","Shape",TRUE
"204","Sphericity_RV_ES","heart_shape_Sphericity_RV_ES","de",":=","c","de",-0.0440341497565264,0.0106983378453356,-4.11598048155909,3.85536933154018e-05,-0.065002506627826,-0.0230657928852267,0.00559028553073326,139,"#E78AC3","Shape",TRUE
"205","Strength_ngtdm_MYO_ED","heart_texture_Strength_ngtdm_MYO_ED","de",":=","c","de",-0.0407461946101114,0.0108415080208374,-3.75835119356064,0.000171036708336958,-0.0619951598690548,-0.019497229351168,0.016419524000348,203,"#FFD92F","Global Intensity",TRUE
"206","Strength_ngtdm_MYO_ES","heart_texture_Strength_ngtdm_MYO_ES","de",":=","c","de",-0.0383790139605311,0.0110905366614072,-3.46051910130573,0.0005391349832502,-0.0601160663861102,-0.0166419615349519,0.0436699336432662,118,"#E78AC3","Shape",TRUE
"207","SumAverage_glcm_MYO_ED","heart_texture_SumAverage_glcm_MYO_ED","de",":=","c","de",-0.0396278135556781,0.0122935964216361,-3.22345164072046,0.00126655682433685,-0.0637228197825554,-0.0155328073288008,0.0886589206166444,214,"#FFD92F","Global Intensity",FALSE
"208","SumAverage_glcm_MYO_ES","heart_texture_SumAverage_glcm_MYO_ES","de",":=","c","de",-0.0263413167933709,0.0123208426468988,-2.13794766707787,0.0325209908946131,-0.0504897246404778,-0.00219290894626407,0.696013397020572,234,"#FFD92F","Global Intensity",FALSE
"209","SumEntropy_glcm_MYO_ED","heart_texture_SumEntropy_glcm_MYO_ED","de",":=","c","de",-0.0469399959582532,0.0109445696909445,-4.28888455953561,1.79572670404582e-05,-0.0683909583787931,-0.0254890335377134,0.00301682086279698,164,"#A6D854","Global Variance",TRUE
"210","SumEntropy_glcm_MYO_ES","heart_texture_SumEntropy_glcm_MYO_ES","de",":=","c","de",-0.0407053394451233,0.0107383294273476,-3.79065847444183,0.000150248432122524,-0.0617520783768512,-0.0196586005133954,0.0147243463480073,221,"#FFD92F","Global Intensity",TRUE
"211","SumofSquares_glcm_MYO_ED","heart_texture_SumofSquares_glcm_MYO_ED","de",":=","c","de",-0.0440191541624799,0.0108066747797484,-4.07333014638057,4.63456543973173e-05,-0.0651998475234242,-0.0228384608015357,0.00626905057867644,163,"#A6D854","Global Variance",TRUE
"212","SumofSquares_glcm_MYO_ES","heart_texture_SumofSquares_glcm_MYO_ES","de",":=","c","de",-0.0411739318233449,0.0107288948558138,-3.83766756750659,0.000124208474292509,-0.062202179334657,-0.0201456843120328,0.0127934728521284,220,"#FFD92F","Global Intensity",TRUE
"213","SurfaceArea_LV_ED","heart_shape_SurfaceArea_LV_ED","de",":=","c","de",-0.0573696977912884,0.0106889636743654,-5.36718989221324,7.99728461231553e-08,-0.0783196816251015,-0.0364197139574753,1.96733201462962e-05,41,"#66C2A5","Size",TRUE
"214","SurfaceArea_LV_ES","heart_shape_SurfaceArea_LV_ES","de",":=","c","de",-0.0525329646865795,0.010614002346298,-4.94940202315881,7.44418400255853e-07,-0.0733360270171471,-0.0317299023560119,0.000165260884856799,31,"#66C2A5","Size",TRUE
"215","SurfaceArea_RV_ED","heart_shape_SurfaceArea_RV_ED","de",":=","c","de",-0.0415317486086032,0.0105245502089398,-3.94617801084982,7.9408586050489e-05,-0.0621594879716088,-0.0209040092455976,0.00897317022370525,22,"#66C2A5","Size",TRUE
"216","SurfaceArea_RV_ES","heart_shape_SurfaceArea_RV_ES","de",":=","c","de",-0.0436278325415881,0.0105206534331002,-4.14687479432844,3.37044251428331e-05,-0.0642479343642922,-0.0230077307188841,0.00515677704685347,13,"#66C2A5","Size",TRUE
"217","SurfaceAreatoVolumeRatio_LV_ED","heart_shape_SurfaceAreatoVolumeRatio_LV_ED","de",":=","c","de",-0.036040368033861,0.0105597181096596,-3.41300474686845,0.000642508230138228,-0.0567370352156893,-0.0153437008520328,0.05075815018092,128,"#E78AC3","Shape",FALSE
"218","SurfaceAreatoVolumeRatio_LV_ES","heart_shape_SurfaceAreatoVolumeRatio_LV_ES","de",":=","c","de",-0.0335913056931962,0.0105898467043082,-3.17202945719038,0.00151377651437334,-0.0543470238354406,-0.0128355875509519,0.102936802977387,132,"#E78AC3","Shape",FALSE
"219","SurfaceAreatoVolumeRatio_RV_ED","heart_shape_SurfaceAreatoVolumeRatio_RV_ED","de",":=","c","de",-0.0639447400133062,0.0107162022889057,-5.96710833645862,2.4149506838711e-09,-0.0849481105506071,-0.0429413694760053,6.20642325754872e-07,127,"#E78AC3","Shape",TRUE
"220","SurfaceAreatoVolumeRatio_RV_ES","heart_shape_SurfaceAreatoVolumeRatio_RV_ES","de",":=","c","de",-0.054672209097386,0.0105924431777284,-5.16143520244122,2.45063717985161e-07,-0.0754330162340208,-0.0339114019607512,5.75899737265129e-05,126,"#E78AC3","Shape",TRUE
"221","TotalEnergy_MYO_ED","heart_intensity_TotalEnergy_MYO_ED","de",":=","c","de",-0.0158313448183086,0.0114245256981626,-1.38573322311795,0.165828379464072,-0.0382230037271596,0.00656031409054233,1,188,"#FFD92F","Global Intensity",FALSE
"222","TotalEnergy_MYO_ES","heart_intensity_TotalEnergy_MYO_ES","de",":=","c","de",-0.00630485780565212,0.0115342380841304,-0.546621091021762,0.584639076106138,-0.028911549039658,0.0163018334283537,1,185,"#FFD92F","Global Intensity",FALSE
"223","Uniformity_MYO_ED","heart_intensity_Uniformity_MYO_ED","de",":=","c","de",-0.0464599383768004,0.0107387539032535,-4.3263807696277,1.51579307106076e-05,-0.0675075092660162,-0.0254123674875846,0.00256169029009268,94,"#8DA0CB","Local Uniformity",TRUE
"224","Uniformity_MYO_ES","heart_intensity_Uniformity_MYO_ES","de",":=","c","de",-0.0417193707899347,0.0107110970635229,-3.89496711144666,9.82120547481369e-05,-0.0627127352693524,-0.020726006310517,0.0104104778033025,95,"#8DA0CB","Local Uniformity",TRUE
"225","Variance_MYO_ED","heart_intensity_Variance_MYO_ED","de",":=","c","de",-0.0424206304582207,0.0108417759943502,-3.91270124750101,9.12694207519937e-05,-0.063670120935598,-0.0211711399808433,0.0100396362827193,172,"#A6D854","Global Variance",TRUE
"226","Variance_MYO_ES","heart_intensity_Variance_MYO_ES","de",":=","c","de",-0.0396362673416036,0.0108214882023969,-3.66273719476258,0.00024953451227927,-0.0608459944774267,-0.0184265402057806,0.0227076406174136,224,"#FFD92F","Global Intensity",TRUE
"227","Volume_LV_ED","heart_shape_Volume_LV_ED","de",":=","c","de",-0.052426792323774,0.0105788814947954,-4.95579729762236,7.20342846483035e-07,-0.0731610190502901,-0.0316925655972579,0.000160636454765717,40,"#66C2A5","Size",TRUE
"228","Volume_LV_ES","heart_shape_Volume_LV_ES","de",":=","c","de",-0.047203894337849,0.0105554664065495,-4.47198565366657,7.74966276217981e-06,-0.0678922283347085,-0.0265155603409895,0.00140268895995455,32,"#66C2A5","Size",TRUE
"229","Volume_RV_ED","heart_shape_Volume_RV_ED","de",":=","c","de",-0.0516542780641094,0.0105394528984564,-4.90103979416948,9.53307418782856e-07,-0.0723112261618401,-0.0309973299663787,0.000209727632132228,23,"#66C2A5","Size",TRUE
"230","Volume_RV_ES","heart_shape_Volume_RV_ES","de",":=","c","de",-0.0480807234402304,0.0105323014111207,-4.56507287091722,4.99320863345254e-06,-0.0687236548803474,-0.0274377920001134,0.000948709640355982,14,"#66C2A5","Size",TRUE
"231","ZoneEntropy_glszm_MYO_ED","heart_texture_ZoneEntropy_glszm_MYO_ED","de",":=","c","de",-0.0455677215612865,0.0110073561681122,-4.13975171379428,3.47681917740594e-05,-0.0671417432157912,-0.0239936999067818,0.00521522876610891,158,"#A6D854","Global Variance",TRUE
"232","ZoneEntropy_glszm_MYO_ES","heart_texture_ZoneEntropy_glszm_MYO_ES","de",":=","c","de",-0.0306215775378608,0.0110879021816212,-2.76171064970413,0.00574994113536342,-0.0523534664779414,-0.00888968859778028,0.258747351091354,219,"#FFD92F","Global Intensity",FALSE
"233","ZonePercentage_glszm_MYO_ED","heart_texture_ZonePercentage_glszm_MYO_ED","de",":=","c","de",-0.0519315035921745,0.0111691871865896,-4.64953292702683,3.32687570048229e-06,-0.0738227082144764,-0.0300402989698727,0.000648740761594047,160,"#A6D854","Global Variance",TRUE
"234","ZonePercentage_glszm_MYO_ES","heart_texture_ZonePercentage_glszm_MYO_ES","de",":=","c","de",-0.0491698593688892,0.0110079377230235,-4.46676394853222,7.94116686031465e-06,-0.0707450208500751,-0.0275946978877033,0.00142941003485664,157,"#A6D854","Global Variance",TRUE
"235","ZoneVariance_glszm_MYO_ED","heart_texture_ZoneVariance_glszm_MYO_ED","de",":=","c","de",-0.0596718453459485,0.0108922931095421,-5.47835471794948,4.29298858684035e-08,-0.0810203475497049,-0.0383233431421922,1.06466116953641e-05,83,"#8DA0CB","Local Uniformity",TRUE
"236","ZoneVariance_glszm_MYO_ES","heart_texture_ZoneVariance_glszm_MYO_ES","de",":=","c","de",-0.0590107837184089,0.0110156658450395,-5.35698745300834,8.46209944338483e-08,-0.0806010920404142,-0.0374204753964035,2.07321436362928e-05,80,"#8DA0CB","Local Uniformity",TRUE
