"","mediator","lhs","op","rhs","label","est.std","se","z","pvalue","ci.lower","ci.upper","pvalue_adj","feature","sig"
"8","brain_bio.volume_of_peripheral_cortical_grey_matter.0.imaging","de",":=","c","de",-0.0353045637270408,0.0104668563101324,-3.37298637537083,0.000743576319135908,-0.0558192251262561,-0.0147899023278255,0.000765339528476471,"volume",TRUE
"18","brain_bio.volume_of_ventricular_cerebrospinal_fluid.0.imaging","de",":=","c","de",-0.0426335945781277,0.0105935070503337,-4.0245024027982,5.70959112118352e-05,-0.0633964868667529,-0.0218707022895025,0.000138774513205807,"volume",TRUE
"28","brain_bio.volume_of_grey_matter.0.imaging","de",":=","c","de",-0.0301368461651861,0.0104703000125233,-2.87831734803588,0.00399802726029996,-0.0506582570970611,-0.00961543523331118,0.00403628589436982,"volume",TRUE
"38","brain_bio.volume_of_white_matter.0.imaging","de",":=","c","de",-0.0440974635087625,0.0104716787359458,-4.21111692028813,2.5411117699603e-05,-0.0646215766888901,-0.023573350328635,0.000138774513205807,"volume",TRUE
"48","brain_bio.volume_of_brain._grey.white_matter.0.imaging","de",":=","c","de",-0.037170913632969,0.0104482832537282,-3.55760967905475,0.000374244856523598,-0.0576491725105493,-0.0166926547553888,0.000396812385560197,"volume",TRUE
"58","brain_bio.volume_of_thalamus_.left..0.imaging","de",":=","c","de",-0.029071648208906,0.0104983540216183,-2.76916249433401,0.00562005980459035,-0.0496480439882291,-0.00849525242958296,0.00562005980459035,"volume",TRUE
"68","brain_bio.volume_of_thalamus_.right..0.imaging","de",":=","c","de",-0.0298199351364405,0.0104918466492209,-2.84220081873336,0.00448032603449411,-0.0503835767002307,-0.0092562935726503,0.00450166092037265,"volume",TRUE
"78","brain_bio.volume_of_caudate_.left..0.imaging","de",":=","c","de",-0.0393502096275748,0.0105493201844357,-3.73011804927784,0.000191390077251885,-0.0600264972504503,-0.0186739220046993,0.00022067380491884,"volume",TRUE
"88","brain_bio.volume_of_caudate_.right..0.imaging","de",":=","c","de",-0.0386104600225835,0.0105468179795592,-3.66086340898406,0.000251366746084614,-0.0592818434140191,-0.017939076631148,0.000279149386441334,"volume",TRUE
"98","brain_bio.volume_of_putamen_.left..0.imaging","de",":=","c","de",-0.0365876722174154,0.01053450673457,-3.47312628291836,0.000514433242197576,-0.0572349260120672,-0.0159404184227637,0.000540026935839247,"volume",TRUE
"108","brain_bio.volume_of_pallidum_.left..0.imaging","de",":=","c","de",-0.0374073616745608,0.0105471929235018,-3.54666515971352,0.000390140110927417,-0.05807947994262,-0.0167352434065016,0.000411597817028425,"volume",TRUE
"118","brain_bio.volume_of_pallidum_.right..0.imaging","de",":=","c","de",-0.034910387181576,0.0105651769698411,-3.30428797181815,0.000952179702972344,-0.0556177535327565,-0.0142030208303955,0.000975290860811479,"volume",TRUE
"128","brain_bio.volume_of_hippocampus_.left..0.imaging","de",":=","c","de",-0.038293536857503,0.0105352589880608,-3.63479786314693,0.000278198672487795,-0.0589422650419041,-0.0176448086731019,0.00030257690667487,"volume",TRUE
"138","brain_bio.volume_of_hippocampus_.right..0.imaging","de",":=","c","de",-0.039454701819337,0.0105175206221454,-3.75133106335557,0.000175898255041496,-0.0600686634453994,-0.0188407401932747,0.000209686620416698,"volume",TRUE
"148","brain_bio.volume_of_amygdala_.left..0.imaging","de",":=","c","de",-0.0417900092853268,0.0105552255649883,-3.95917728408801,7.52083948614146e-05,-0.0624778712414003,-0.0211021473292532,0.000139862642866187,"volume",TRUE
"158","brain_bio.volume_of_amygdala_.right..0.imaging","de",":=","c","de",-0.0422363995725049,0.0105624936325744,-3.9987147961206,6.36873675547989e-05,-0.0629385066792844,-0.0215342924657254,0.000138774513205807,"volume",TRUE
"168","brain_bio.volume_of_accumbens_.left..0.imaging","de",":=","c","de",-0.0364348966584247,0.0105580579322524,-3.4509089542997,0.00055870200980368,-0.0571283099523267,-0.0157414833645226,0.000583594673606814,"volume",TRUE
"178","brain_bio.volume_of_accumbens_.right..0.imaging","de",":=","c","de",-0.0360721090206945,0.0105556769069288,-3.41731840968121,0.000632412674666405,-0.0567608555907161,-0.015383362450673,0.000654113109581429,"volume",TRUE
"188","brain_bio.volume_of_brain_stem_._4th_ventricle.0.imaging","de",":=","c","de",-0.0347808445773859,0.0105312390449549,-3.30263556158171,0.000957807793382726,-0.0554216938180794,-0.0141399953366923,0.00097631615653988,"volume",TRUE
"198","brain_bio.weighted.mean_fa_in_tract_acoustic_radiation_.left..0.imaging","de",":=","c","de",-0.0427442157593435,0.0105798556534846,-4.04015112864654,5.3416769310477e-05,-0.0634803518018059,-0.0220080797168811,0.000138774513205807,"fa",TRUE
"208","brain_bio.weighted.mean_fa_in_tract_acoustic_radiation_.right..0.imaging","de",":=","c","de",-0.0444915864832952,0.0105935762583979,-4.19986465364097,2.67074580269089e-05,-0.0652546144172336,-0.0237285585493569,0.000138774513205807,"fa",TRUE
"218","brain_bio.weighted.mean_fa_in_tract_anterior_thalamic_radiation_.left..0.imaging","de",":=","c","de",-0.0403051199937913,0.010584652306957,-3.80788322799229,0.000140161426675833,-0.0610506573043058,-0.0195595826832769,0.000179236733506672,"fa",TRUE
"228","brain_bio.weighted.mean_fa_in_tract_anterior_thalamic_radiation_.right..0.imaging","de",":=","c","de",-0.0413061480857383,0.0105761209371495,-3.90560474215524,9.39900352772138e-05,-0.0620349642186913,-0.0205773319527853,0.000146059800942954,"fa",TRUE
"238","brain_bio.weighted.mean_fa_in_tract_cingulate_gyrus_part_of_cingulum_.left..0.imaging","de",":=","c","de",-0.0418085341786927,0.0105756538038087,-3.95328127738409,7.70867291730593e-05,-0.0625364347471217,-0.0210806336102636,0.000139862642866187,"fa",TRUE
"248","brain_bio.weighted.mean_fa_in_tract_cingulate_gyrus_part_of_cingulum_.right..0.imaging","de",":=","c","de",-0.0415997577998165,0.010582614801997,-3.93095265944729,8.46099325617633e-05,-0.0623413016739911,-0.0208582139256418,0.000142679755005898,"fa",TRUE
"258","brain_bio.weighted.mean_fa_in_tract_corticospinal_tract_.left..0.imaging","de",":=","c","de",-0.0434989228537757,0.0105871485265288,-4.10865331158603,3.97972974737204e-05,-0.0642493526647484,-0.022748493042803,0.000138774513205807,"fa",TRUE
"268","brain_bio.weighted.mean_fa_in_tract_corticospinal_tract_.right..0.imaging","de",":=","c","de",-0.0452326054091375,0.0106009298490616,-4.26685263020973,1.98250024197044e-05,-0.066010046115934,-0.0244551647023411,0.000138774513205807,"fa",TRUE
"278","brain_bio.weighted.mean_fa_in_tract_forceps_major.0.imaging","de",":=","c","de",-0.042543687056886,0.010578838680773,-4.02158387519503,5.78081162103672e-05,-0.0632778298694602,-0.0218095442443118,0.000138774513205807,"fa",TRUE
"288","brain_bio.weighted.mean_fa_in_tract_forceps_minor.0.imaging","de",":=","c","de",-0.0400647069203963,0.0105962873668693,-3.78101362611814,0.000156191124082161,-0.0608330485292968,-0.0192963653114957,0.000192727059539977,"fa",TRUE
"298","brain_bio.weighted.mean_fa_in_tract_inferior_fronto.occipital_fasciculus_.right..0.imaging","de",":=","c","de",-0.0414698891590696,0.0105749471110613,-3.92152213373177,8.79913640612351e-05,-0.0621964046351656,-0.0207433736829736,0.000143923859045896,"fa",TRUE
"308","brain_bio.weighted.mean_fa_in_tract_inferior_longitudinal_fasciculus_.left..0.imaging","de",":=","c","de",-0.0401810971232941,0.0105891157172245,-3.7945658727607,0.000147902012381795,-0.0609353825571812,-0.019426811689407,0.000185757884598564,"fa",TRUE
"318","brain_bio.weighted.mean_fa_in_tract_inferior_longitudinal_fasciculus_.right..0.imaging","de",":=","c","de",-0.041062362000462,0.0105722453040263,-3.8839774163038,0.000102761456780787,-0.0617835820320762,-0.0203411419688478,0.000149138242566855,"fa",TRUE
"328","brain_bio.weighted.mean_fa_in_tract_posterior_thalamic_radiation_.left..0.imaging","de",":=","c","de",-0.0339853179195136,0.0106277523056727,-3.19778979995361,0.00138485184687598,-0.0548153296752446,-0.0131553061637826,0.00140482567159054,"fa",TRUE
"338","brain_bio.weighted.mean_fa_in_tract_posterior_thalamic_radiation_.right..0.imaging","de",":=","c","de",-0.0376645576922546,0.0105783986132281,-3.56051601658834,0.000370126733165055,-0.0583978379882901,-0.016931277396219,0.000394427983322356,"fa",TRUE
"348","brain_bio.weighted.mean_fa_in_tract_superior_longitudinal_fasciculus_.left..0.imaging","de",":=","c","de",-0.0405196577843844,0.0105993279160073,-3.82285160959979,0.000131917174126528,-0.0612939587600887,-0.0197453568086802,0.000172865742325226,"fa",TRUE
"358","brain_bio.weighted.mean_fa_in_tract_superior_longitudinal_fasciculus_.right..0.imaging","de",":=","c","de",-0.0412544028499473,0.0105826955774022,-3.89828872504281,9.68748698686461e-05,-0.0619961050410069,-0.0205127006588878,0.000146059800942954,"fa",TRUE
"368","brain_bio.weighted.mean_fa_in_tract_superior_thalamic_radiation_.left..0.imaging","de",":=","c","de",-0.0427909807245848,0.0105784536582731,-4.04510735755025,5.22991518174809e-05,-0.063524368906926,-0.0220575925422436,0.000138774513205807,"fa",TRUE
"378","brain_bio.weighted.mean_fa_in_tract_superior_thalamic_radiation_.right..0.imaging","de",":=","c","de",-0.0431335089728453,0.010578056819345,-4.07764012894726,4.54951108670443e-05,-0.0638661193651798,-0.0224008985805109,0.000138774513205807,"fa",TRUE
"388","brain_bio.weighted.mean_fa_in_tract_uncinate_fasciculus_.left..0.imaging","de",":=","c","de",-0.0425301900560044,0.0105705199507588,-4.02347190621889,5.73464276074631e-05,-0.0632480284573538,-0.021812351654655,0.000138774513205807,"fa",TRUE
"398","brain_bio.weighted.mean_fa_in_tract_uncinate_fasciculus_.right..0.imaging","de",":=","c","de",-0.0415952683744284,0.0105611949254201,-3.93850020458494,8.19925242983022e-05,-0.062294830061959,-0.0208957066868979,0.000142679755005898,"fa",TRUE
"408","brain_bio.weighted.mean_md_in_tract_acoustic_radiation_.left..0.imaging","de",":=","c","de",-0.0429086034995447,0.0105798558940079,-4.05568884202352,4.9986767555632e-05,-0.0636447400134241,-0.0221724669856653,0.000138774513205807,"md",TRUE
"418","brain_bio.weighted.mean_md_in_tract_acoustic_radiation_.right..0.imaging","de",":=","c","de",-0.0432173935549623,0.010600650454954,-4.07686242826406,4.56474816710184e-05,-0.0639942866593702,-0.0224405004505543,0.000138774513205807,"md",TRUE
"428","brain_bio.weighted.mean_md_in_tract_anterior_thalamic_radiation_.left..0.imaging","de",":=","c","de",-0.0398331165300318,0.0105912545224311,-3.76094413043042,0.000169273238274092,-0.0605915939450938,-0.0190746391149699,0.000204159197053915,"md",TRUE
"438","brain_bio.weighted.mean_md_in_tract_anterior_thalamic_radiation_.right..0.imaging","de",":=","c","de",-0.0389460015397296,0.0106008829945501,-3.67384505231797,0.000238927653720467,-0.0597233504133709,-0.0181686526660883,0.00026815816454797,"md",TRUE
"448","brain_bio.weighted.mean_md_in_tract_cingulate_gyrus_part_of_cingulum_.left..0.imaging","de",":=","c","de",-0.0410390235774317,0.010586981156086,-3.87636692390258,0.000106027756260119,-0.0617891253483645,-0.0202889218064989,0.000151777407764891,"md",TRUE
"458","brain_bio.weighted.mean_md_in_tract_corticospinal_tract_.left..0.imaging","de",":=","c","de",-0.0430567656747769,0.0105795511362575,-4.06981025189393,4.70514433914548e-05,-0.0637923048744415,-0.0223212264751124,0.000138774513205807,"md",TRUE
"468","brain_bio.weighted.mean_md_in_tract_corticospinal_tract_.right..0.imaging","de",":=","c","de",-0.0447567973063589,0.0105787157659219,-4.23083465863952,2.32825768988754e-05,-0.0654906992102519,-0.0240228954024658,0.000138774513205807,"md",TRUE
"478","brain_bio.weighted.mean_md_in_tract_forceps_major.0.imaging","de",":=","c","de",-0.0423713846091981,0.0105884856371858,-4.00164726676244,6.29030251009244e-05,-0.063124435108902,-0.0216183341094942,0.000138774513205807,"md",TRUE
"488","brain_bio.weighted.mean_md_in_tract_forceps_minor.0.imaging","de",":=","c","de",-0.041092342702543,0.0105827534511814,-3.8829537976202,0.000103195182060478,-0.0618341583241255,-0.0203505270809606,0.000149138242566855,"md",TRUE
"498","brain_bio.weighted.mean_md_in_tract_inferior_fronto.occipital_fasciculus_.left..0.imaging","de",":=","c","de",-0.0422130839619927,0.0105853601610973,-3.98787413177795,6.66680165333222e-05,-0.0629600086411284,-0.0214661592828569,0.000138774513205807,"md",TRUE
"508","brain_bio.weighted.mean_md_in_tract_inferior_fronto.occipital_fasciculus_.right..0.imaging","de",":=","c","de",-0.0419061543314924,0.0105856407834721,-3.95877351108708,7.53356346960832e-05,-0.062653629020376,-0.0211586796426088,0.000139862642866187,"md",TRUE
"518","brain_bio.weighted.mean_md_in_tract_inferior_longitudinal_fasciculus_.left..0.imaging","de",":=","c","de",-0.0426380751595665,0.0105828493381784,-4.0289787558202,5.6019679870678e-05,-0.0633800787162096,-0.0218960716029233,0.000138774513205807,"md",TRUE
"528","brain_bio.weighted.mean_md_in_tract_inferior_longitudinal_fasciculus_.right..0.imaging","de",":=","c","de",-0.0425672482887932,0.0105800357546027,-4.02335580673958,5.73747168555183e-05,-0.0633037373229606,-0.0218307592546259,0.000138774513205807,"md",TRUE
"538","brain_bio.weighted.mean_md_in_tract_posterior_thalamic_radiation_.left..0.imaging","de",":=","c","de",-0.0407727302258516,0.0105862193628897,-3.85149115356341,0.000117400771834308,-0.061521338909556,-0.0200241215421471,0.000161905639588491,"md",TRUE
"548","brain_bio.weighted.mean_md_in_tract_posterior_thalamic_radiation_.right..0.imaging","de",":=","c","de",-0.0402056075007337,0.010580516099424,-3.79996657279528,0.000144715607029111,-0.060943037993451,-0.0194681770080163,0.000183051055474774,"md",TRUE
"558","brain_bio.weighted.mean_md_in_tract_superior_longitudinal_fasciculus_.left..0.imaging","de",":=","c","de",-0.0406839985697407,0.0105977335127556,-3.83893391174376,0.000123569682840552,-0.0614551745724948,-0.0199128225669866,0.000168665739011323,"md",TRUE
"568","brain_bio.weighted.mean_md_in_tract_superior_longitudinal_fasciculus_.right..0.imaging","de",":=","c","de",-0.0404088314227125,0.0105930259256915,-3.81466369535714,0.000136368518062424,-0.061170780724367,-0.019646882121058,0.000175449739702265,"md",TRUE
"578","brain_bio.weighted.mean_md_in_tract_superior_thalamic_radiation_.left..0.imaging","de",":=","c","de",-0.038656355075284,0.0105836914618647,-3.65244538869742,0.000259754849460725,-0.0594000091640228,-0.0179127009865451,0.000285459756438609,"md",TRUE
"588","brain_bio.weighted.mean_md_in_tract_superior_thalamic_radiation_.right..0.imaging","de",":=","c","de",-0.0395989304914071,0.0105750578284562,-3.74455923870708,0.000180710737229584,-0.0603256629696095,-0.0188721980132047,0.000212543488310647,"md",TRUE
"598","brain_bio.weighted.mean_md_in_tract_uncinate_fasciculus_.right..0.imaging","de",":=","c","de",-0.0419617550537054,0.0105680909362456,-3.97060881732087,7.16892035044214e-05,-0.0626748326740909,-0.0212486774333199,0.000138774513205807,"md",TRUE
"608","brain_bio.weighted.mean_mo_in_tract_acoustic_radiation_.left..0.imaging","de",":=","c","de",-0.0417152325808482,0.0105973700671251,-3.93637594201378,8.27213520024905e-05,-0.0624856962432562,-0.0209447689184402,0.000142679755005898,"mo",TRUE
"618","brain_bio.weighted.mean_mo_in_tract_acoustic_radiation_.right..0.imaging","de",":=","c","de",-0.0426269796112132,0.0105900376181574,-4.02519624086378,5.69278216746572e-05,-0.063383071937726,-0.0218708872847004,0.000138774513205807,"mo",TRUE
"628","brain_bio.weighted.mean_mo_in_tract_anterior_thalamic_radiation_.left..0.imaging","de",":=","c","de",-0.0422229901206709,0.0105805481446493,-3.99062407196961,6.58996638358555e-05,-0.0629604834208756,-0.0214854968204662,0.000138774513205807,"mo",TRUE
"638","brain_bio.weighted.mean_mo_in_tract_anterior_thalamic_radiation_.right..0.imaging","de",":=","c","de",-0.04239113167952,0.0105840870108058,-4.00517603797482,6.19713126062127e-05,-0.0631355610299375,-0.0216467023291024,0.000138774513205807,"mo",TRUE
"648","brain_bio.weighted.mean_mo_in_tract_cingulate_gyrus_part_of_cingulum_.left..0.imaging","de",":=","c","de",-0.0427685061765764,0.0105740694123051,-4.04465910984153,5.23993119136978e-05,-0.063493301394721,-0.0220437109584318,0.000138774513205807,"mo",TRUE
"658","brain_bio.weighted.mean_mo_in_tract_cingulate_gyrus_part_of_cingulum_.right..0.imaging","de",":=","c","de",-0.0427681142995803,0.0105750013838453,-4.04426559838699,5.24873911071921e-05,-0.0634947361483783,-0.0220414924507823,0.000138774513205807,"mo",TRUE
"668","brain_bio.weighted.mean_mo_in_tract_corticospinal_tract_.left..0.imaging","de",":=","c","de",-0.0424901870542726,0.0105845519583604,-4.01435858800909,5.96076676624424e-05,-0.063235527685152,-0.0217448464233933,0.000138774513205807,"mo",TRUE
"678","brain_bio.weighted.mean_mo_in_tract_corticospinal_tract_.right..0.imaging","de",":=","c","de",-0.0426369432465416,0.0105826108579522,-4.02896258955819,5.60235318534108e-05,-0.0633784793905303,-0.0218954071025528,0.000138774513205807,"mo",TRUE
"688","brain_bio.weighted.mean_mo_in_tract_forceps_major.0.imaging","de",":=","c","de",-0.0427120938180485,0.0105808577632737,-4.03673263299149,5.42007785728771e-05,-0.063450193959606,-0.0219739936764909,0.000138774513205807,"mo",TRUE
"698","brain_bio.weighted.mean_mo_in_tract_forceps_minor.0.imaging","de",":=","c","de",-0.0427051052947088,0.0105825564993017,-4.03542426610496,5.45037187584807e-05,-0.0634465348977004,-0.0219636756917172,0.000138774513205807,"mo",TRUE
"708","brain_bio.weighted.mean_mo_in_tract_inferior_fronto.occipital_fasciculus_.left..0.imaging","de",":=","c","de",-0.0423967836511688,0.0105763806475598,-4.00862876100724,6.10723364886656e-05,-0.0631261088071725,-0.0216674584951651,0.000138774513205807,"mo",TRUE
"718","brain_bio.weighted.mean_mo_in_tract_inferior_fronto.occipital_fasciculus_.right..0.imaging","de",":=","c","de",-0.0434483860348525,0.010587175121679,-4.10386959084909,4.06296544581686e-05,-0.0641988679713619,-0.0226979040983432,0.000138774513205807,"mo",TRUE
"728","brain_bio.weighted.mean_mo_in_tract_inferior_longitudinal_fasciculus_.left..0.imaging","de",":=","c","de",-0.0428098828439935,0.010579423277038,-4.04652330499997,5.19839514498965e-05,-0.0635451714441927,-0.0220745942437943,0.000138774513205807,"mo",TRUE
"738","brain_bio.weighted.mean_mo_in_tract_inferior_longitudinal_fasciculus_.right..0.imaging","de",":=","c","de",-0.0430605263945086,0.0105815466800178,-4.06939814156129,4.71347406791889e-05,-0.063799976788073,-0.0223210760009443,0.000138774513205807,"mo",TRUE
"748","brain_bio.weighted.mean_mo_in_tract_posterior_thalamic_radiation_.left..0.imaging","de",":=","c","de",-0.0402349675300482,0.0105890230576137,-3.79968645937726,0.000144879271394727,-0.0609890713544352,-0.0194808637056613,0.000183051055474774,"mo",TRUE
"758","brain_bio.weighted.mean_mo_in_tract_posterior_thalamic_radiation_.right..0.imaging","de",":=","c","de",-0.0428958992599474,0.0105819088948932,-4.05370143383573,5.04135510250858e-05,-0.063636059581622,-0.0221557389382728,0.000138774513205807,"mo",TRUE
"768","brain_bio.weighted.mean_mo_in_tract_superior_longitudinal_fasciculus_.left..0.imaging","de",":=","c","de",-0.0429806366312127,0.0105887409289483,-4.05908850916439,4.92646393117635e-05,-0.0637341874935766,-0.0222270857688489,0.000138774513205807,"mo",TRUE
"778","brain_bio.weighted.mean_mo_in_tract_superior_longitudinal_fasciculus_.right..0.imaging","de",":=","c","de",-0.0418901886113926,0.010590654373178,-3.95539190831157,7.64092899114832e-05,-0.062647489755533,-0.0211328874672522,0.000139862642866187,"mo",TRUE
"788","brain_bio.weighted.mean_mo_in_tract_superior_thalamic_radiation_.left..0.imaging","de",":=","c","de",-0.0430784343976854,0.0105834153071554,-4.07037172287477,4.69381813710257e-05,-0.0638215472331399,-0.0223353215622309,0.000138774513205807,"mo",TRUE
"798","brain_bio.weighted.mean_mo_in_tract_superior_thalamic_radiation_.right..0.imaging","de",":=","c","de",-0.0427872680657291,0.0105806695678623,-4.04390930000227,5.25672619526851e-05,-0.0635249993510581,-0.0220495367804001,0.000138774513205807,"mo",TRUE
"808","brain_bio.weighted.mean_mo_in_tract_uncinate_fasciculus_.left..0.imaging","de",":=","c","de",-0.0421906097133532,0.0105852236837247,-3.98580237640356,6.72524707749922e-05,-0.062937266901754,-0.0214439525249523,0.000138774513205807,"mo",TRUE
"818","brain_bio.weighted.mean_mo_in_tract_uncinate_fasciculus_.right..0.imaging","de",":=","c","de",-0.042236000245096,0.010584577300326,-3.99033414813789,6.59802736537873e-05,-0.0629813905453151,-0.0214906099448768,0.000138774513205807,"mo",TRUE
"828","brain_bio.weighted.mean_l1_in_tract_acoustic_radiation_.left..0.imaging","de",":=","c","de",-0.0432287221786446,0.0105789977181431,-4.08627767302632,4.38349131999249e-05,-0.0639631766987366,-0.0224942676585527,0.000138774513205807,"l1",TRUE
"838","brain_bio.weighted.mean_l1_in_tract_acoustic_radiation_.right..0.imaging","de",":=","c","de",-0.0425136689473564,0.0105895947035847,-4.01466440759675,5.95304361128424e-05,-0.0632688931772584,-0.0217584447174544,0.000138774513205807,"l1",TRUE
"848","brain_bio.weighted.mean_l1_in_tract_anterior_thalamic_radiation_.left..0.imaging","de",":=","c","de",-0.0414417610570703,0.0105888087564371,-3.91373213081001,9.08804502823823e-05,-0.0621954448588694,-0.0206880772552712,0.000146059800942954,"l1",TRUE
"858","brain_bio.weighted.mean_l1_in_tract_anterior_thalamic_radiation_.right..0.imaging","de",":=","c","de",-0.0405166147611631,0.0106034681040406,-3.82107197037956,0.000132872866138056,-0.0612990303563018,-0.0197341991660244,0.000172865742325226,"l1",TRUE
"868","brain_bio.weighted.mean_l1_in_tract_cingulate_gyrus_part_of_cingulum_.left..0.imaging","de",":=","c","de",-0.0428880176085521,0.0105831571899998,-4.05247855990248,5.06778694884247e-05,-0.0636306245436779,-0.0221454106734263,0.000138774513205807,"l1",TRUE
"878","brain_bio.weighted.mean_l1_in_tract_cingulate_gyrus_part_of_cingulum_.right..0.imaging","de",":=","c","de",-0.0426303861656273,0.0105826510430285,-4.02832768389454,5.61750112759718e-05,-0.0633720010709185,-0.0218887712603361,0.000138774513205807,"l1",TRUE
"888","brain_bio.weighted.mean_l1_in_tract_corticospinal_tract_.left..0.imaging","de",":=","c","de",-0.0427265603951341,0.0105816842326245,-4.03778448268221,5.39583900747154e-05,-0.0634662803868535,-0.0219868404034148,0.000138774513205807,"l1",TRUE
"898","brain_bio.weighted.mean_l1_in_tract_corticospinal_tract_.right..0.imaging","de",":=","c","de",-0.0428329022875193,0.0105802050977555,-4.04839999714238,5.15689594333679e-05,-0.0635697232281672,-0.0220960813468714,0.000138774513205807,"l1",TRUE
"908","brain_bio.weighted.mean_l1_in_tract_forceps_major.0.imaging","de",":=","c","de",-0.0412849309151872,0.0105905874199691,-3.89826638297156,9.6883806435466e-05,-0.0620421008334497,-0.0205277609969247,0.000146059800942954,"l1",TRUE
"918","brain_bio.weighted.mean_l1_in_tract_inferior_fronto.occipital_fasciculus_.left..0.imaging","de",":=","c","de",-0.0427291074452426,0.0105798436978912,-4.038727666058,5.37419163542108e-05,-0.0634652200551725,-0.0219929948353128,0.000138774513205807,"l1",TRUE
"928","brain_bio.weighted.mean_l1_in_tract_inferior_fronto.occipital_fasciculus_.right..0.imaging","de",":=","c","de",-0.0430388660357432,0.0105839159515085,-4.0664406475761,4.77366357052311e-05,-0.0637829601160989,-0.0222947719553876,0.000138774513205807,"l1",TRUE
"938","brain_bio.weighted.mean_l1_in_tract_inferior_longitudinal_fasciculus_.left..0.imaging","de",":=","c","de",-0.042524253612071,0.0105795745625036,-4.01946726315313,5.83298856620118e-05,-0.0632598387263342,-0.0217886684978077,0.000138774513205807,"l1",TRUE
"948","brain_bio.weighted.mean_l1_in_tract_inferior_longitudinal_fasciculus_.right..0.imaging","de",":=","c","de",-0.0426960714786882,0.0105803802661209,-4.03540046811019,5.45092437889139e-05,-0.0634332357430236,-0.0219589072143529,0.000138774513205807,"l1",TRUE
"958","brain_bio.weighted.mean_l1_in_tract_posterior_thalamic_radiation_.left..0.imaging","de",":=","c","de",-0.0427925750501989,0.0105813373013882,-4.04415565172321,5.25120254006861e-05,-0.0635316150691901,-0.0220535350312077,0.000138774513205807,"l1",TRUE
"968","brain_bio.weighted.mean_l1_in_tract_posterior_thalamic_radiation_.right..0.imaging","de",":=","c","de",-0.042505202426996,0.010581999546312,-4.01674581830894,5.90073092252563e-05,-0.0632455404221868,-0.0217648644318052,0.000138774513205807,"l1",TRUE
"978","brain_bio.weighted.mean_l1_in_tract_superior_longitudinal_fasciculus_.left..0.imaging","de",":=","c","de",-0.0419736109109601,0.0105916712753384,-3.96288836953347,7.40484108345818e-05,-0.0627329051467107,-0.0212143166752095,0.000139862642866187,"l1",TRUE
"988","brain_bio.weighted.mean_l1_in_tract_superior_longitudinal_fasciculus_.right..0.imaging","de",":=","c","de",-0.0412278489356791,0.0105964187861703,-3.89073419686722,9.99413641986635e-05,-0.0619964481216766,-0.0204592497496817,0.000148504421450127,"l1",TRUE
"998","brain_bio.weighted.mean_l1_in_tract_superior_thalamic_radiation_.left..0.imaging","de",":=","c","de",-0.0387728095011283,0.0105986065099689,-3.65829314114633,0.000253900547909414,-0.0595456965469791,-0.0179999224552774,0.000280486992716682,"l1",TRUE
"1008","brain_bio.weighted.mean_l1_in_tract_superior_thalamic_radiation_.right..0.imaging","de",":=","c","de",-0.0394617677068717,0.0105879406128844,-3.72704845537677,0.000193735223416036,-0.0602137499785739,-0.0187097854351694,0.000222163761634694,"l1",TRUE
"1018","brain_bio.weighted.mean_l1_in_tract_uncinate_fasciculus_.left..0.imaging","de",":=","c","de",-0.0428086892493114,0.0105813431600801,-4.04567630041661,5.21722838870975e-05,-0.0635477407511275,-0.0220696377474952,0.000138774513205807,"l1",TRUE
"1028","brain_bio.weighted.mean_l1_in_tract_uncinate_fasciculus_.right..0.imaging","de",":=","c","de",-0.0427007580151306,0.0105794682301603,-4.03619133647925,5.43259167629095e-05,-0.0634361347218305,-0.0219653813084306,0.000138774513205807,"l1",TRUE
"1038","brain_bio.weighted.mean_l2_in_tract_acoustic_radiation_.left..0.imaging","de",":=","c","de",-0.0425871046730617,0.0105805035853846,-4.02505460438475,5.69620964738782e-05,-0.0633245106387124,-0.0218496987074109,0.000138774513205807,"l2",TRUE
"1048","brain_bio.weighted.mean_l2_in_tract_acoustic_radiation_.right..0.imaging","de",":=","c","de",-0.0433046165802448,0.0106085762402109,-4.0820384941103,4.46424001701029e-05,-0.0640970439383055,-0.0225121892221841,0.000138774513205807,"l2",TRUE
"1058","brain_bio.weighted.mean_l2_in_tract_anterior_thalamic_radiation_.left..0.imaging","de",":=","c","de",-0.03954438960538,0.010590098284714,-3.73409089719775,0.000188394449747609,-0.0603006008361588,-0.0187881783746012,0.000218413345586513,"l2",TRUE
"1068","brain_bio.weighted.mean_l2_in_tract_anterior_thalamic_radiation_.right..0.imaging","de",":=","c","de",-0.0390290032066929,0.0105975653080471,-3.68282733554442,0.000230661398613607,-0.0597998495342763,-0.0182581568791096,0.000260265000574712,"l2",TRUE
"1078","brain_bio.weighted.mean_l2_in_tract_cingulate_gyrus_part_of_cingulum_.right..0.imaging","de",":=","c","de",-0.0405483236373548,0.0105778507056903,-3.83332349505955,0.000126423522089247,-0.0612805300543494,-0.0198161172203602,0.000168990102438532,"l2",TRUE
"1088","brain_bio.weighted.mean_l2_in_tract_corticospinal_tract_.left..0.imaging","de",":=","c","de",-0.0434049940294855,0.0105836194968637,-4.10114838712293,4.11104818804908e-05,-0.0641485070694143,-0.0226614809895566,0.000138774513205807,"l2",TRUE
"1098","brain_bio.weighted.mean_l2_in_tract_corticospinal_tract_.right..0.imaging","de",":=","c","de",-0.0455239942352522,0.0105860493046101,-4.30037617673166,1.70508422894233e-05,-0.0662722696108533,-0.024775718859651,0.000138774513205807,"l2",TRUE
"1108","brain_bio.weighted.mean_l2_in_tract_forceps_major.0.imaging","de",":=","c","de",-0.0427830989774646,0.0105852199795877,-4.04177703061124,5.30476616869002e-05,-0.0635297489058902,-0.0220364490490389,0.000138774513205807,"l2",TRUE
"1118","brain_bio.weighted.mean_l2_in_tract_forceps_minor.0.imaging","de",":=","c","de",-0.0401235241025785,0.010589327985925,-3.78905291779698,0.00015122270171819,-0.0608782255754736,-0.0193688226296833,0.000188694671797647,"l2",TRUE
"1128","brain_bio.weighted.mean_l2_in_tract_inferior_fronto.occipital_fasciculus_.left..0.imaging","de",":=","c","de",-0.0411282285571557,0.0105870639488516,-3.88476245688655,0.000102429987612007,-0.0618784925989272,-0.0203779645153842,0.000149138242566855,"l2",TRUE
"1138","brain_bio.weighted.mean_l2_in_tract_inferior_fronto.occipital_fasciculus_.right..0.imaging","de",":=","c","de",-0.0415609254967294,0.010580352873741,-3.92812281335891,8.56114914340456e-05,-0.0622980360729865,-0.0208238149204723,0.000142679755005898,"l2",TRUE
"1148","brain_bio.weighted.mean_l2_in_tract_inferior_longitudinal_fasciculus_.left..0.imaging","de",":=","c","de",-0.0421834743211512,0.0105834758476458,-3.98578642105886,6.72569906272624e-05,-0.0629267058137865,-0.0214402428285159,0.000138774513205807,"l2",TRUE
"1158","brain_bio.weighted.mean_l2_in_tract_inferior_longitudinal_fasciculus_.right..0.imaging","de",":=","c","de",-0.042394135623216,0.0105771317173431,-4.00809375888771,6.12108204920414e-05,-0.0631249328489447,-0.0216633383974873,0.000138774513205807,"l2",TRUE
"1168","brain_bio.weighted.mean_l2_in_tract_posterior_thalamic_radiation_.left..0.imaging","de",":=","c","de",-0.0385069842091416,0.0105921018972963,-3.63544314268452,0.00027750319599118,-0.0592671224484207,-0.0177468459698625,0.00030257690667487,"l2",TRUE
"1178","brain_bio.weighted.mean_l2_in_tract_posterior_thalamic_radiation_.right..0.imaging","de",":=","c","de",-0.0391905462428184,0.0105777030465941,-3.70501479103608,0.000211378397637629,-0.0599224632533024,-0.0184586292323344,0.000241085631900215,"l2",TRUE
"1188","brain_bio.weighted.mean_l2_in_tract_superior_longitudinal_fasciculus_.left..0.imaging","de",":=","c","de",-0.0408669122323471,0.0105905977047549,-3.85879186157727,0.000113948929765018,-0.0616241023084193,-0.0201097221562749,0.000160288161202791,"l2",TRUE
"1198","brain_bio.weighted.mean_l2_in_tract_superior_longitudinal_fasciculus_.right..0.imaging","de",":=","c","de",-0.0410259845052866,0.0105863223750298,-3.87537645765023,0.000106459982697649,-0.0617747950890756,-0.0202771739214975,0.000151777407764891,"l2",TRUE
"1208","brain_bio.weighted.mean_l2_in_tract_superior_thalamic_radiation_.left..0.imaging","de",":=","c","de",-0.040392250060857,0.0105743434696353,-3.81983526228792,0.00013354083411854,-0.0611175824214985,-0.0196669177002154,0.000172865742325226,"l2",TRUE
"1218","brain_bio.weighted.mean_l2_in_tract_uncinate_fasciculus_.left..0.imaging","de",":=","c","de",-0.0422287465711848,0.0105760611418855,-3.99286142588016,6.52807221190876e-05,-0.062957445507574,-0.0215000476347956,0.000138774513205807,"l2",TRUE
"1228","brain_bio.weighted.mean_l2_in_tract_uncinate_fasciculus_.right..0.imaging","de",":=","c","de",-0.0412477519548824,0.0105659952507674,-3.90382079264009,9.46859032386893e-05,-0.0619567221072078,-0.0205387818025569,0.000146059800942954,"l2",TRUE
"1238","brain_bio.weighted.mean_l3_in_tract_acoustic_radiation_.left..0.imaging","de",":=","c","de",-0.0428296140014376,0.0105816861612374,-4.04752261112508,5.17625830418478e-05,-0.0635693377731687,-0.0220898902297065,0.000138774513205807,"l3",TRUE
"1248","brain_bio.weighted.mean_l3_in_tract_acoustic_radiation_.right..0.imaging","de",":=","c","de",-0.044258949501008,0.01060005840078,-4.17534959031461,2.97528786148415e-05,-0.0650346822005581,-0.0234832168014578,0.000138774513205807,"l3",TRUE
"1258","brain_bio.weighted.mean_l3_in_tract_anterior_thalamic_radiation_.left..0.imaging","de",":=","c","de",-0.0388493825127428,0.0105914206100133,-3.66800488274577,0.000244450516968531,-0.059608185453484,-0.0180905795720016,0.000272905074499259,"l3",TRUE
"1268","brain_bio.weighted.mean_l3_in_tract_anterior_thalamic_radiation_.right..0.imaging","de",":=","c","de",-0.0383051101016764,0.0105925154198242,-3.61624303420767,0.000298909754974819,-0.059066058830217,-0.0175441613731359,0.000323435683588137,"l3",TRUE
"1278","brain_bio.weighted.mean_l3_in_tract_cingulate_gyrus_part_of_cingulum_.left..0.imaging","de",":=","c","de",-0.0405284790377399,0.0105829284357632,-3.82960909957408,0.000128346972648075,-0.0612706376228006,-0.0197863204526793,0.000170197784049277,"l3",TRUE
"1288","brain_bio.weighted.mean_l3_in_tract_cingulate_gyrus_part_of_cingulum_.right..0.imaging","de",":=","c","de",-0.0401213310431989,0.0105924426834871,-3.78773171043401,0.000152028882490995,-0.0608821372111385,-0.0193605248752593,0.000188694671797647,"l3",TRUE
"1298","brain_bio.weighted.mean_l3_in_tract_corticospinal_tract_.left..0.imaging","de",":=","c","de",-0.0435769929893527,0.0105761318964418,-4.12031481982684,3.78355058627822e-05,-0.064305830602124,-0.0228481553765814,0.000138774513205807,"l3",TRUE
"1308","brain_bio.weighted.mean_l3_in_tract_corticospinal_tract_.right..0.imaging","de",":=","c","de",-0.0472613733098084,0.0105761152464999,-4.46868932573792,7.87003371693906e-06,-0.0679901782892932,-0.0265325683303235,0.000138774513205807,"l3",TRUE
"1318","brain_bio.weighted.mean_l3_in_tract_forceps_major.0.imaging","de",":=","c","de",-0.0428852453339027,0.0105848368537708,-4.05157357891869,5.0874322003791e-05,-0.0636311443495258,-0.0221393463182797,0.000138774513205807,"l3",TRUE
"1328","brain_bio.weighted.mean_l3_in_tract_forceps_minor.0.imaging","de",":=","c","de",-0.0399579688552805,0.0105893826664896,-3.77339927300281,0.000161038253850387,-0.0607127775001128,-0.0192031602104481,0.000197552741642045,"l3",TRUE
"1338","brain_bio.weighted.mean_l3_in_tract_inferior_fronto.occipital_fasciculus_.left..0.imaging","de",":=","c","de",-0.040639095219388,0.0105892503316912,-3.83776886431371,0.000124157262067603,-0.0613936444927815,-0.0198845459459945,0.000168665739011323,"l3",TRUE
"1348","brain_bio.weighted.mean_l3_in_tract_inferior_fronto.occipital_fasciculus_.right..0.imaging","de",":=","c","de",-0.0407816126504907,0.0105836882000509,-3.85325152060836,0.000116559545399353,-0.061525260346192,-0.0200379649547895,0.000161905639588491,"l3",TRUE
"1358","brain_bio.weighted.mean_l3_in_tract_inferior_longitudinal_fasciculus_.left..0.imaging","de",":=","c","de",-0.0415751030338566,0.010585979735263,-3.92737413764035,8.5878335951417e-05,-0.0623232420560428,-0.0208269640116703,0.000142679755005898,"l3",TRUE
"1368","brain_bio.weighted.mean_l3_in_tract_inferior_longitudinal_fasciculus_.right..0.imaging","de",":=","c","de",-0.04159906096746,0.0105760113641892,-3.9333411751349,8.37731995182445e-05,-0.0623276623413572,-0.0208704595935629,0.000142679755005898,"l3",TRUE
"1378","brain_bio.weighted.mean_l3_in_tract_posterior_thalamic_radiation_.left..0.imaging","de",":=","c","de",-0.0379999940765628,0.0105946803053284,-3.58670511817629,0.00033488265979642,-0.0587651859027223,-0.0172348022504034,0.00036051143478084,"l3",TRUE
"1388","brain_bio.weighted.mean_l3_in_tract_posterior_thalamic_radiation_.right..0.imaging","de",":=","c","de",-0.0376935112957657,0.0105786634348734,-3.56316386543748,0.000366411791360877,-0.0584273106326884,-0.016959711958843,0.000392451208005812,"l3",TRUE
"1398","brain_bio.weighted.mean_l3_in_tract_superior_longitudinal_fasciculus_.left..0.imaging","de",":=","c","de",-0.0397238078704078,0.0106055548220544,-3.74556621854444,0.000179987362109335,-0.0605103133576995,-0.0189373023831162,0.000212543488310647,"l3",TRUE
"1408","brain_bio.weighted.mean_l3_in_tract_superior_longitudinal_fasciculus_.right..0.imaging","de",":=","c","de",-0.039889181620479,0.0105906046790582,-3.76646875502357,0.000165572794047053,-0.0606463853659343,-0.0191319778750236,0.000201941384646984,"l3",TRUE
"1418","brain_bio.weighted.mean_l3_in_tract_superior_thalamic_radiation_.left..0.imaging","de",":=","c","de",-0.0395880734006876,0.0105745323694852,-3.74371858891145,0.00018131671988586,-0.0603137759982317,-0.0188623708031436,0.000212543488310647,"l3",TRUE
"1428","brain_bio.weighted.mean_l3_in_tract_superior_thalamic_radiation_.right..0.imaging","de",":=","c","de",-0.0407104047663298,0.0105671541878554,-3.85254194673503,0.00011689794322689,-0.0614216463936081,-0.0199991631390515,0.000161905639588491,"l3",TRUE
"1438","brain_bio.weighted.mean_l3_in_tract_uncinate_fasciculus_.left..0.imaging","de",":=","c","de",-0.0426814056199387,0.0105726174978735,-4.03697623871509,5.41445503887683e-05,-0.0634033551380888,-0.0219594561017887,0.000138774513205807,"l3",TRUE
"1448","brain_bio.weighted.mean_l3_in_tract_uncinate_fasciculus_.right..0.imaging","de",":=","c","de",-0.0418425531130319,0.0105573498637098,-3.96335762792733,7.39029443559414e-05,-0.062534578618092,-0.0211505276079717,0.000139862642866187,"l3",TRUE
"1458","brain_bio.weighted.mean_icvf_in_tract_acoustic_radiation_.left..0.imaging","de",":=","c","de",-0.0430835204393909,0.01058063957726,-4.07192023930069,4.66271470418445e-05,-0.0638211929442196,-0.0223458479345622,0.000138774513205807,"icvf",TRUE
"1468","brain_bio.weighted.mean_icvf_in_tract_acoustic_radiation_.right..0.imaging","de",":=","c","de",-0.0441343193903202,0.0105878579244619,-4.16838983911499,3.06758955495035e-05,-0.0648861395956925,-0.0233824991849478,0.000138774513205807,"icvf",TRUE
"1478","brain_bio.weighted.mean_icvf_in_tract_anterior_thalamic_radiation_.left..0.imaging","de",":=","c","de",-0.0429200159612009,0.0105735096758966,-4.05920241024996,4.92406174721349e-05,-0.0636437141161441,-0.0221963178062577,0.000138774513205807,"icvf",TRUE
"1488","brain_bio.weighted.mean_icvf_in_tract_anterior_thalamic_radiation_.right..0.imaging","de",":=","c","de",-0.0426531632438405,0.0105713656332945,-4.03478270673984,5.46528513574174e-05,-0.0633726591525022,-0.0219336673351788,0.000138774513205807,"icvf",TRUE
"1498","brain_bio.weighted.mean_icvf_in_tract_cingulate_gyrus_part_of_cingulum_.left..0.imaging","de",":=","c","de",-0.0419865936556965,0.0105740872276277,-3.97070619447841,7.16599062127177e-05,-0.0627114237912319,-0.0212617635201612,0.000138774513205807,"icvf",TRUE
"1508","brain_bio.weighted.mean_icvf_in_tract_cingulate_gyrus_part_of_cingulum_.right..0.imaging","de",":=","c","de",-0.0421059797207204,0.0105760661470601,-3.98125154809333,6.8553352766898e-05,-0.0628346884670714,-0.0213772709743694,0.000138774513205807,"icvf",TRUE
"1518","brain_bio.weighted.mean_icvf_in_tract_corticospinal_tract_.left..0.imaging","de",":=","c","de",-0.0440395783707158,0.0105806192446268,-4.16228741933803,3.15075416612576e-05,-0.0647772110243157,-0.023301945717116,0.000138774513205807,"icvf",TRUE
"1528","brain_bio.weighted.mean_icvf_in_tract_corticospinal_tract_.right..0.imaging","de",":=","c","de",-0.045139963281199,0.010583779330539,-4.26501364696351,1.99889983631962e-05,-0.0658837895893749,-0.0243961369730232,0.000138774513205807,"icvf",TRUE
"1538","brain_bio.weighted.mean_icvf_in_tract_forceps_minor.0.imaging","de",":=","c","de",-0.0426937603382501,0.0105792111514122,-4.03562796197246,5.44564496738342e-05,-0.0634286331798626,-0.0219588874966376,0.000138774513205807,"icvf",TRUE
"1548","brain_bio.weighted.mean_icvf_in_tract_inferior_fronto.occipital_fasciculus_.left..0.imaging","de",":=","c","de",-0.0416256340188596,0.0105824639842613,-3.93345388000064,8.37339111510182e-05,-0.062366882295704,-0.0208843857420152,0.000142679755005898,"icvf",TRUE
"1558","brain_bio.weighted.mean_icvf_in_tract_inferior_fronto.occipital_fasciculus_.right..0.imaging","de",":=","c","de",-0.0422106579729898,0.0105796471772064,-3.98979826699057,6.61295146362484e-05,-0.0629463854094552,-0.0214749305365244,0.000138774513205807,"icvf",TRUE
"1568","brain_bio.weighted.mean_icvf_in_tract_inferior_longitudinal_fasciculus_.left..0.imaging","de",":=","c","de",-0.042047556807889,0.0105815178284962,-3.97367915353829,7.07708814395858e-05,-0.06278695065351,-0.0213081629622681,0.000138774513205807,"icvf",TRUE
"1578","brain_bio.weighted.mean_icvf_in_tract_inferior_longitudinal_fasciculus_.right..0.imaging","de",":=","c","de",-0.0426005843606603,0.0105788201896103,-4.02696932144657,5.65004011372494e-05,-0.0633346909312217,-0.0218664777900989,0.000138774513205807,"icvf",TRUE
"1588","brain_bio.weighted.mean_icvf_in_tract_posterior_thalamic_radiation_.left..0.imaging","de",":=","c","de",-0.0413137736336707,0.0105906760036811,-3.90095718340461,9.58130976016491e-05,-0.0620711171728183,-0.0205564300945231,0.000146059800942954,"icvf",TRUE
"1598","brain_bio.weighted.mean_icvf_in_tract_posterior_thalamic_radiation_.right..0.imaging","de",":=","c","de",-0.0420471194138215,0.0105796606682044,-3.97433535275739,7.05760642172315e-05,-0.062782873292157,-0.021311365535486,0.000138774513205807,"icvf",TRUE
"1608","brain_bio.weighted.mean_icvf_in_tract_superior_longitudinal_fasciculus_.left..0.imaging","de",":=","c","de",-0.0414913566371795,0.0105855898268606,-3.91960743953033,8.86933161845516e-05,-0.0622387314529399,-0.0207439818214191,0.000143956074730311,"icvf",TRUE
"1618","brain_bio.weighted.mean_icvf_in_tract_superior_longitudinal_fasciculus_.right..0.imaging","de",":=","c","de",-0.0420814537002257,0.0105756323705079,-3.9790957387643,6.91778813981525e-05,-0.0628093122601572,-0.0213535951402943,0.000138774513205807,"icvf",TRUE
"1628","brain_bio.weighted.mean_icvf_in_tract_superior_thalamic_radiation_.left..0.imaging","de",":=","c","de",-0.041201931765683,0.0105741624768473,-3.89647235475119,9.76039428102204e-05,-0.0619269093869785,-0.0204769541443874,0.000146059800942954,"icvf",TRUE
"1638","brain_bio.weighted.mean_icvf_in_tract_superior_thalamic_radiation_.right..0.imaging","de",":=","c","de",-0.0409019744199955,0.0105709854103711,-3.86926789056648,0.000109162647907501,-0.0616207251054211,-0.0201832237345699,0.000154586031600556,"icvf",TRUE
"1648","brain_bio.weighted.mean_icvf_in_tract_uncinate_fasciculus_.left..0.imaging","de",":=","c","de",-0.0432053942244888,0.0105762508866049,-4.08513325636116,4.40515279722664e-05,-0.0639344650536942,-0.0224763233952834,0.000138774513205807,"icvf",TRUE
"1658","brain_bio.weighted.mean_icvf_in_tract_uncinate_fasciculus_.right..0.imaging","de",":=","c","de",-0.0422776332207374,0.0105732206327486,-3.99855774216893,6.37296345835647e-05,-0.0630007648615206,-0.0215545015799543,0.000138774513205807,"icvf",TRUE
"1668","brain_bio.weighted.mean_od_in_tract_acoustic_radiation_.left..0.imaging","de",":=","c","de",-0.043458622361901,0.0105913813442741,-4.10320627208799,4.07463663110175e-05,-0.0642173483432076,-0.0226998963805945,0.000138774513205807,"od",TRUE
"1678","brain_bio.weighted.mean_od_in_tract_acoustic_radiation_.right..0.imaging","de",":=","c","de",-0.043589686445587,0.0105876229142705,-4.11704183257554,3.83766436051758e-05,-0.0643410460394482,-0.0228383268517258,0.000138774513205807,"od",TRUE
"1688","brain_bio.weighted.mean_od_in_tract_anterior_thalamic_radiation_.left..0.imaging","de",":=","c","de",-0.0412757466432971,0.0105856256753475,-3.89922597956802,9.6500679421796e-05,-0.0620231917208006,-0.0205283015657936,0.000146059800942954,"od",TRUE
"1698","brain_bio.weighted.mean_od_in_tract_cingulate_gyrus_part_of_cingulum_.left..0.imaging","de",":=","c","de",-0.0432650577991233,0.0105780209628368,-4.09009000370902,4.31205825839331e-05,-0.0639975979139931,-0.0225325176842534,0.000138774513205807,"od",TRUE
"1708","brain_bio.weighted.mean_od_in_tract_cingulate_gyrus_part_of_cingulum_.right..0.imaging","de",":=","c","de",-0.0422455707805432,0.0105802433354292,-3.99287326777057,6.52774608631557e-05,-0.0629824666656544,-0.0215086748954319,0.000138774513205807,"od",TRUE
"1718","brain_bio.weighted.mean_od_in_tract_corticospinal_tract_.left..0.imaging","de",":=","c","de",-0.0419241343968067,0.0106087761836332,-3.95183512887054,7.75541668973645e-05,-0.062716953636774,-0.0211313151568394,0.000139862642866187,"od",TRUE
"1728","brain_bio.weighted.mean_od_in_tract_corticospinal_tract_.right..0.imaging","de",":=","c","de",-0.0429201045659824,0.0106057678665763,-4.0468644143385,5.19082875265475e-05,-0.0637070276128641,-0.0221331815191006,0.000138774513205807,"od",TRUE
"1738","brain_bio.weighted.mean_od_in_tract_forceps_major.0.imaging","de",":=","c","de",-0.0436745622454951,0.0105813369830328,-4.12750886920314,3.66714292083792e-05,-0.0644136016405211,-0.0229355228504691,0.000138774513205807,"od",TRUE
"1748","brain_bio.weighted.mean_od_in_tract_forceps_minor.0.imaging","de",":=","c","de",-0.0422027475649398,0.0105859169067026,-3.98668796825893,6.70020493220846e-05,-0.0629507634454105,-0.0214547316844692,0.000138774513205807,"od",TRUE
"1758","brain_bio.weighted.mean_od_in_tract_inferior_fronto.occipital_fasciculus_.left..0.imaging","de",":=","c","de",-0.0422329685415116,0.0105730819587048,-3.99438580978191,6.48621721925924e-05,-0.0629558283861632,-0.02151010869686,0.000138774513205807,"od",TRUE
"1768","brain_bio.weighted.mean_od_in_tract_inferior_fronto.occipital_fasciculus_.right..0.imaging","de",":=","c","de",-0.0431940481231741,0.010575368610846,-4.08440118851977,4.41906255710389e-05,-0.0639213897236676,-0.0224667065226806,0.000138774513205807,"od",TRUE
"1778","brain_bio.weighted.mean_od_in_tract_inferior_longitudinal_fasciculus_.left..0.imaging","de",":=","c","de",-0.0415342031776676,0.0105720893981654,-3.92866552801521,8.54185460024137e-05,-0.0622551176394095,-0.0208132887159256,0.000142679755005898,"od",TRUE
"1788","brain_bio.weighted.mean_od_in_tract_inferior_longitudinal_fasciculus_.right..0.imaging","de",":=","c","de",-0.0415871002385895,0.0105637097268875,-3.93678937738503,8.25790255021275e-05,-0.0622915908464243,-0.0208826096307546,0.000142679755005898,"od",TRUE
"1798","brain_bio.weighted.mean_od_in_tract_posterior_thalamic_radiation_.left..0.imaging","de",":=","c","de",-0.0364024232172275,0.0105909118711961,-3.43713777056632,0.000587896487227457,-0.0571602290482096,-0.0156446173862453,0.000611064821699475,"od",TRUE
"1808","brain_bio.weighted.mean_od_in_tract_posterior_thalamic_radiation_.right..0.imaging","de",":=","c","de",-0.0404943845817331,0.0105777916769792,-3.82824561291584,0.000129059931032627,-0.0612264753045798,-0.0197622938588864,0.000170197784049277,"od",TRUE
"1818","brain_bio.weighted.mean_od_in_tract_superior_longitudinal_fasciculus_.left..0.imaging","de",":=","c","de",-0.0429954270345921,0.0105796855582234,-4.06396076688429,4.82469389972984e-05,-0.0637312296964684,-0.0222596243727158,0.000138774513205807,"od",TRUE
"1828","brain_bio.weighted.mean_od_in_tract_superior_longitudinal_fasciculus_.right..0.imaging","de",":=","c","de",-0.0431858547890013,0.0105851357030323,-4.07985839771802,4.50631427884041e-05,-0.0639323395384138,-0.0224393700395889,0.000138774513205807,"od",TRUE
"1838","brain_bio.weighted.mean_od_in_tract_superior_thalamic_radiation_.right..0.imaging","de",":=","c","de",-0.0425164622066967,0.0105893786895888,-4.01501008255543,5.94432535923062e-05,-0.0632712630569468,-0.0217616613564467,0.000138774513205807,"od",TRUE
"1848","brain_bio.weighted.mean_od_in_tract_uncinate_fasciculus_.left..0.imaging","de",":=","c","de",-0.041820575380963,0.0105726614911755,-3.95553904907184,7.6362273343733e-05,-0.0625426111244006,-0.0210985396375254,0.000139862642866187,"od",TRUE
"1858","brain_bio.weighted.mean_od_in_tract_uncinate_fasciculus_.right..0.imaging","de",":=","c","de",-0.041304900509819,0.0105659121712047,-3.90926025510483,9.2579183061714e-05,-0.0620137078291937,-0.0205960931904444,0.000146059800942954,"od",TRUE
"1868","brain_bio.weighted.mean_isovf_in_tract_acoustic_radiation_.left..0.imaging","de",":=","c","de",-0.0438382338703246,0.0105787268870155,-4.14399902167172,3.41301199147104e-05,-0.0645721575711606,-0.0231043101694887,0.000138774513205807,"isovf",TRUE
"1878","brain_bio.weighted.mean_isovf_in_tract_acoustic_radiation_.right..0.imaging","de",":=","c","de",-0.0425408977779852,0.0105849940250512,-4.01898174692446,5.84501983367236e-05,-0.0632871048436572,-0.0217946907123132,0.000138774513205807,"isovf",TRUE
"1888","brain_bio.weighted.mean_isovf_in_tract_anterior_thalamic_radiation_.left..0.imaging","de",":=","c","de",-0.0393325327262895,0.01064139869404,-3.6961807237162,0.000218867199778927,-0.0601892909117396,-0.0184757745408395,0.000248284834157815,"isovf",TRUE
"1898","brain_bio.weighted.mean_isovf_in_tract_anterior_thalamic_radiation_.right..0.imaging","de",":=","c","de",-0.0398454773494901,0.0106663273876365,-3.73563232230012,0.000187244087413552,-0.0607510948765709,-0.0189398598224093,0.000218279019029058,"isovf",TRUE
"1908","brain_bio.weighted.mean_isovf_in_tract_cingulate_gyrus_part_of_cingulum_.left..0.imaging","de",":=","c","de",-0.0430259452667797,0.0105968819417214,-4.06024578771427,4.90210843671068e-05,-0.0637954522209765,-0.0222564383125829,0.000138774513205807,"isovf",TRUE
"1918","brain_bio.weighted.mean_isovf_in_tract_cingulate_gyrus_part_of_cingulum_.right..0.imaging","de",":=","c","de",-0.0421388838882956,0.0106029861075194,-3.97424682641162,7.06023169292358e-05,-0.0629203547876122,-0.021357412988979,0.000138774513205807,"isovf",TRUE
"1928","brain_bio.weighted.mean_isovf_in_tract_corticospinal_tract_.left..0.imaging","de",":=","c","de",-0.0428487124724763,0.0105816889681926,-4.04932639782503,5.13652642404328e-05,-0.0635884417457386,-0.022108983199214,0.000138774513205807,"isovf",TRUE
"1938","brain_bio.weighted.mean_isovf_in_tract_corticospinal_tract_.right..0.imaging","de",":=","c","de",-0.0432709364674931,0.0105813245063678,-4.08936862690986,4.32548969326874e-05,-0.0640099514087051,-0.0225319215262811,0.000138774513205807,"isovf",TRUE
"1948","brain_bio.weighted.mean_isovf_in_tract_forceps_major.0.imaging","de",":=","c","de",-0.041559478639502,0.0105936874948779,-3.92304177932341,8.7437981330929e-05,-0.062322724592935,-0.0207962326860689,0.000143923859045896,"isovf",TRUE
"1958","brain_bio.weighted.mean_isovf_in_tract_forceps_minor.0.imaging","de",":=","c","de",-0.0406389573331926,0.0106021332664063,-3.83309248356277,0.000126542351589043,-0.0614187566946428,-0.0198591579717423,0.000168990102438532,"isovf",TRUE
"1968","brain_bio.weighted.mean_isovf_in_tract_inferior_fronto.occipital_fasciculus_.left..0.imaging","de",":=","c","de",-0.0430701717906257,0.0105829155295781,-4.06978319634595,4.70569076767013e-05,-0.0638123050800285,-0.022328038501223,0.000138774513205807,"isovf",TRUE
"1978","brain_bio.weighted.mean_isovf_in_tract_inferior_fronto.occipital_fasciculus_.right..0.imaging","de",":=","c","de",-0.0430482795033203,0.0105875643499029,-4.0659284874821,4.78416055258446e-05,-0.0637995243131303,-0.0222970346935103,0.000138774513205807,"isovf",TRUE
"1988","brain_bio.weighted.mean_isovf_in_tract_inferior_longitudinal_fasciculus_.left..0.imaging","de",":=","c","de",-0.0430184123488126,0.0105776213388825,-4.06692686102122,4.7637185863314e-05,-0.0637501692151247,-0.0222866554825005,0.000138774513205807,"isovf",TRUE
"1998","brain_bio.weighted.mean_isovf_in_tract_inferior_longitudinal_fasciculus_.right..0.imaging","de",":=","c","de",-0.0431128012719598,0.0105821996296647,-4.07408693662357,4.6195224107981e-05,-0.0638535314233157,-0.0223720711206039,0.000138774513205807,"isovf",TRUE
"2008","brain_bio.weighted.mean_isovf_in_tract_posterior_thalamic_radiation_.left..0.imaging","de",":=","c","de",-0.042333535013522,0.0105794975878156,-4.00146931951453,6.29503585258817e-05,-0.0630689692601689,-0.0215981007668751,0.000138774513205807,"isovf",TRUE
"2018","brain_bio.weighted.mean_isovf_in_tract_posterior_thalamic_radiation_.right..0.imaging","de",":=","c","de",-0.0411415881641322,0.0105835672481215,-3.88730823923611,0.000101362006152517,-0.061884998798408,-0.0203981775298563,0.000149138242566855,"isovf",TRUE
"2028","brain_bio.weighted.mean_isovf_in_tract_superior_longitudinal_fasciculus_.left..0.imaging","de",":=","c","de",-0.0430417111622082,0.0106094787658866,-4.05691100495937,4.97260186702597e-05,-0.0638359074380884,-0.0222475148863279,0.000138774513205807,"isovf",TRUE
"2038","brain_bio.weighted.mean_isovf_in_tract_superior_longitudinal_fasciculus_.right..0.imaging","de",":=","c","de",-0.0429139537961214,0.0106261009423566,-4.0385418912277,5.37844890822203e-05,-0.0637407289392276,-0.0220871786530153,0.000138774513205807,"isovf",TRUE
"2048","brain_bio.weighted.mean_isovf_in_tract_superior_thalamic_radiation_.left..0.imaging","de",":=","c","de",-0.0398714248998888,0.0106056811754482,-3.75944026982348,0.000170293927400422,-0.0606581780352817,-0.0190846717644959,0.000204159197053915,"isovf",TRUE
"2058","brain_bio.weighted.mean_isovf_in_tract_superior_thalamic_radiation_.right..0.imaging","de",":=","c","de",-0.0412633301965829,0.0105885418542498,-3.89697946748178,9.73998732345382e-05,-0.0620164908797075,-0.0205101695134583,0.000146059800942954,"isovf",TRUE
"2068","brain_bio.weighted.mean_isovf_in_tract_uncinate_fasciculus_.left..0.imaging","de",":=","c","de",-0.0416913161856702,0.0105924411316577,-3.93594976525921,8.28683074125536e-05,-0.06245211931208,-0.0209305130592604,0.000142679755005898,"isovf",TRUE
"2078","brain_bio.weighted.mean_isovf_in_tract_uncinate_fasciculus_.right..0.imaging","de",":=","c","de",-0.0413213266204727,0.0105839280596784,-3.90415792581722,9.4554025460214e-05,-0.0620654444324052,-0.0205772088085401,0.000146059800942954,"isovf",TRUE
"2088","brain_bio.weighted.mean_md_in_tract_cingulate_gyrus_part_of_cingulum_.right..0.imaging","de",":=","c","de",-0.0406171236257925,0.0105864850457557,-3.83669588633449,0.0001247007359515,-0.0613662530383456,-0.0198679942132395,0.000168665739011323,"md",TRUE
"2098","brain_bio.weighted.mean_md_in_tract_uncinate_fasciculus_.left..0.imaging","de",":=","c","de",-0.0426620009937615,0.0105773560811319,-4.03333315684274,5.49912287897136e-05,-0.0633932379644357,-0.0219307640230873,0.000138774513205807,"md",TRUE
"2108","brain_bio.weighted.mean_fa_in_tract_inferior_fronto.occipital_fasciculus_.left..0.imaging","de",":=","c","de",-0.039810607540803,0.0105891690714996,-3.75955915634135,0.000170213027362198,-0.0605649975471476,-0.0190562175344583,0.000204159197053915,"fa",TRUE
