"","lhs","op","rhs","est.std","se","z","pvalue","ci.lower","ci.upper","model.r","additional.r","pvalue_adj"
"1","cardio_latent_agg","~","cardio_latent_agg",0,0.00379737474085506,233.95062329686,0,0.880955469786917,0.895840905242673,NA,NA,0
"4","cardio_latent_agg","~","cardio_latent_gvrf",0.888398187514795,0.00379737474085506,233.95062329686,0,0.880955469786917,0.895840905242673,0.671404188811172,0.546624988218599,0
"7","cardio_latent_agg","~","cog_latent_g",-0.0298642940951315,0.0087127140317804,-3.42766834607435,0.000608788709801411,-0.0469408998050178,-0.0127876883852451,0.125636928730004,0.000857728137430902,0.000715872065922832
"10","cardio_latent_agg","~","heart_latent_pc1",0.369887993846571,0.00986592044039666,37.4914835449149,0,0.350551145109056,0.389224842584086,0.207213277349262,0.082434076756689,0
"13","cardio_latent_agg","~","heart_latent_pc2",-0.362315262385056,0.0082684572092277,-43.8189680634384,0,-0.378521140722853,-0.346109384047259,0.230280476265522,0.105501275672949,0
"16","cardio_latent_agg","~","heart_latent_pc3",0.19314625605207,0.00824505786562327,23.4257004862718,0,0.176986239585,0.20930627251914,0.161264090805,0.0364848902124277,0
"19","cardio_latent_agg","~","brain_latent_grey",-0.0841080829713145,0.0103929592842584,-8.09279442657956,6.66133814775094e-16,-0.104477908861252,-0.0637382570813769,0.129512819357692,0.00473361876511968,1.12371171557855e-15
"22","cardio_latent_agg","~","brain_latent_atrophy",-0.0452857578513997,0.0107033893537234,-4.23097360609854,2.32681976672922e-05,-0.0662640154972069,-0.0243075002055924,0.126084534159039,0.001305333566466,2.89648943375602e-05
"25","cardio_latent_agg","~","brain_latent_gMD",0.0392589312906426,0.00905306779991891,4.33653344460695,1.44747411465751e-05,0.0215152444532023,0.0570026181280829,0.126150276673438,0.00137107608086517,1.8595663892931e-05
"28","cardio_latent_agg","~","brain_latent_gFA",-0.0381223204869599,0.00882615408941361,-4.3192448376451,1.5656401169295e-05,-0.0554212646242115,-0.0208233763497083,0.126139405398487,0.0013602048059147,1.9831441481107e-05
"31","cardio_latent_agg","~","brain_latent_pc1",-0.0420000953470026,0.00915909543137428,-4.58561608640217,4.5264968571157e-06,-0.0599515925234615,-0.0240485981705436,0.126311665933448,0.00153246534087559,5.98698449673805e-06
"34","cardio_latent_agg","~","brain_latent_pc2",0.00824085096304017,0.00873399358458686,0.943537556242661,0.345406014840014,-0.00887746190395397,0.0253591638300343,0.124844319000311,6.51184077378186e-05,0.365664432132683
"37","cardio_latent_agg","~","brain_latent_pc3",-0.0417152834233792,0.00971474737818952,-4.29401628260903,1.754695971945e-05,-0.0607558384035356,-0.0226747284432229,0.126123589465778,0.00134438887320554,2.21329406362529e-05
"40","cardio_latent_agg","~","heart_latent_cc1",0.417682348802711,0.0142064522037767,29.4008907228556,0,0.389838214135219,0.445526483470203,0.179496163629418,0.0547169630368457,0
"43","cardio_latent_agg","~","heart_latent_cc2",-0.4190831483349,0.0078167018644397,-53.613807409161,0,-0.434403602467089,-0.403762694202711,0.266779045332522,0.14199984473995,0
"46","cardio_latent_agg","~","heart_latent_cc3",-0.329494560598577,0.00773509380396947,-42.5973580862701,0,-0.344655065871396,-0.314334055325758,0.225770846610847,0.100991646018275,0
"49","cardio_latent_agg","~","brain_latent_cc1",0.182949941785399,0.0130785095158591,13.9885926269773,0,0.157316534162851,0.208583349407947,0.138592089395541,0.0138128888029684,0
"52","cardio_latent_agg","~","brain_latent_cc2",-0.347064679919281,0.00952030795440686,-36.4551946829228,0,-0.365724140631648,-0.328405219206913,0.203524758857791,0.0787455582652178,0
"55","cardio_latent_agg","~","brain_latent_cc3",-0.208410453073875,0.00868984253314923,-23.9832255048178,0,-0.225442231470172,-0.191378674677578,0.162858816079732,0.0380796154871591,0
"58","cardio_latent_gvrf","~","cardio_latent_agg",0.703014356187146,0.00356323711169369,197.296540799943,0,0.69603053977985,0.709998172594442,0.739972932878787,0.432559664511932,0
"61","cardio_latent_gvrf","~","cardio_latent_gvrf",0,0.00379737474085506,233.95062329686,0,0.880955469786917,0.895840905242673,NA,NA,0
"64","cardio_latent_gvrf","~","cog_latent_g",-0.0263841393460922,0.00775187449011139,-3.4035818536212,0.000665084825646423,-0.0415775341593853,-0.0111907445327991,0.308082726992111,0.000669458625255692,0.000777008485625756
"67","cardio_latent_gvrf","~","heart_latent_pc1",0.460219508311338,0.00809691558545063,56.8388670296016,0,0.444349845377993,0.476089171244682,0.435026724025978,0.127613455659123,0
"70","cardio_latent_gvrf","~","heart_latent_pc2",-0.399561278094109,0.00700283948480624,-57.0570379288315,0,-0.413286591273844,-0.385835964914373,0.435720539492929,0.128307271126074,0
"73","cardio_latent_gvrf","~","heart_latent_pc3",0.203330522333116,0.0072633272688042,27.9941292479571,0,0.189094662478332,0.2175663821879,0.347847179611261,0.0404339112444057,0
"76","cardio_latent_gvrf","~","brain_latent_grey",-0.0675051142462966,0.00926243213549471,-7.28805493619858,3.14415160573844e-13,-0.0856591476411127,-0.0493510808514806,0.310462520710303,0.00304925234344811,5.11278707059269e-13
"79","cardio_latent_gvrf","~","brain_latent_atrophy",-0.0297502953739659,0.00952993561101638,-3.12177296765524,0.00179765509755425,-0.0484286259465437,-0.0110719648013881,0.307976617704432,0.000563349337577068,0.00207416899194889
"82","cardio_latent_gvrf","~","brain_latent_gMD",0.0325336159716211,0.00805697401802031,4.03794475430306,5.39215473336352e-05,0.0167422370719264,0.0483249948713159,0.308354831173142,0.000941562806287322,6.55410053449236e-05
"85","cardio_latent_gvrf","~","brain_latent_gFA",-0.0314035524095378,0.0078551205110119,-3.99784476450921,6.39218482694215e-05,-0.046799305705343,-0.0160077991137326,0.308336271177285,0.000923002810430007,7.71765459038835e-05
"88","cardio_latent_gvrf","~","brain_latent_pc1",-0.0322712799092197,0.00815345447841206,-3.95798860405299,7.55835629207002e-05,-0.0482517570364941,-0.0162908027819453,0.3083180057729,0.000904737406044687,9.06500538683481e-05
"91","cardio_latent_gvrf","~","brain_latent_pc2",0.0170529813545907,0.0077670953165468,2.19554166127735,0.0281247658233457,0.00182975426966924,0.0322762084395121,0.307692147361602,0.000278878994746545,0.0316294095396504
"94","cardio_latent_gvrf","~","brain_latent_pc3",-0.0373405046208411,0.00864391448816726,-4.31986048357568,1.56127875869938e-05,-0.0542822657030929,-0.0203987435385893,0.30849048635294,0.00107721798608473,1.9831441481107e-05
"97","cardio_latent_gvrf","~","heart_latent_cc1",0.519075623790693,0.0120090813695082,43.2235911989619,0,0.495538256819046,0.54261299076234,0.391919938385503,0.0845066700186482,0
"100","cardio_latent_gvrf","~","heart_latent_cc2",-0.483722086008294,0.00630278446250393,-76.7473628340011,0,-0.49607531655712,-0.471368855459468,0.496595069658944,0.189181801292089,0
"103","cardio_latent_gvrf","~","heart_latent_cc3",-0.380876272254008,0.00643941910777376,-59.1476134538608,0,-0.393497301786603,-0.368255242721412,0.442358298718125,0.13494503035127,0
"106","cardio_latent_gvrf","~","brain_latent_cc1",0.214585283454682,0.0115317832398413,18.6081613738029,0,0.191983403627071,0.237187163282294,0.326416168321036,0.0190028999541809,0
"109","cardio_latent_gvrf","~","brain_latent_cc2",-0.376322774833409,0.00821535107437306,-45.8072663513199,0,-0.392424567059533,-0.360220982607285,0.399995206955091,0.0925819385882355,0
"112","cardio_latent_gvrf","~","brain_latent_cc3",-0.23780473430367,0.00756945931567119,-31.4163435440281,0,-0.252640601944827,-0.222968866662513,0.356991915436815,0.0495786470699602,0
"115","cog_latent_g","~","cardio_latent_agg",-0.0328155738008686,0.00957295210778281,-3.42794714017106,0.000608163864248334,-0.0515782151578497,-0.0140529324438875,0.0392296857072946,0.000942485766738166,0.000715872065922832
"118","cog_latent_g","~","cardio_latent_gvrf",-0.0366364803492562,0.0107615462127461,-3.40438814506632,0.000663124526146142,-0.057728723344202,-0.0155442373543104,0.0392168046627185,0.000929604722162081,0.000777008485625756
"121","cog_latent_g","~","cog_latent_g",0,0.00379737474085506,233.95062329686,0,0.880955469786917,0.895840905242673,NA,NA,0
"124","cog_latent_g","~","heart_latent_pc1",0.0591903650408373,0.0115207584729484,5.13771425551718,2.78100314776708e-07,0.0366100933592738,0.0817706367224008,0.040398094065113,0.00211089412455656,4.01576854537566e-07
"127","cog_latent_g","~","heart_latent_pc2",0.0912956561432407,0.00991747029094325,9.20553865703162,0,0.071857771555246,0.110733540731235,0.0449858023298763,0.00669860238931985,0
"130","cog_latent_g","~","heart_latent_pc3",-0.000613803801804901,0.00906672185585063,-0.0676985366446222,0.946025614229125,-0.0183842520971143,0.0171566444935045,0.0382875681071168,3.68166560349437e-07,0.946025614229125
"133","cog_latent_g","~","brain_latent_grey",0.195036532178808,0.0106112416366199,18.380180082388,0,0.174238880739781,0.215834183617835,0.0637409263168945,0.0254537263763381,0
"136","cog_latent_g","~","brain_latent_atrophy",0.200492637444647,0.0108779732978678,18.4310654158294,0,0.179172201556038,0.221813073333256,0.0638733166829214,0.025586116742365,0
"139","cog_latent_g","~","brain_latent_gMD",-0.0333008897778347,0.00949485026932101,-3.5072580223233,0.000452749914211292,-0.0519104543443043,-0.0146913252113651,0.0392736987566628,0.000986498816106351,0.000536381127696593
"142","cog_latent_g","~","brain_latent_gFA",0.0497408617395801,0.00924121657968121,5.38250146078666,7.34577807470771e-08,0.0316284100700705,0.0678533134090896,0.0406028461805535,0.00231564623999714,1.07556108668988e-07
"145","cog_latent_g","~","brain_latent_pc1",0.0475250758394924,0.0095962316431854,4.95247276291434,7.32763153932225e-07,0.0287168074315454,0.0663333442474395,0.040249366351456,0.00196216641089964,1.04144684476194e-06
"148","cog_latent_g","~","brain_latent_pc2",0.0418169895024537,0.00913681130847856,4.57675966927865,4.7223344357139e-06,0.0239091684042975,0.05972481060061,0.0399641468567901,0.00167694691623366,6.19978450906848e-06
"151","cog_latent_g","~","brain_latent_pc3",0.129855559876484,0.0100340465001041,12.9414947274897,0,0.11018919011708,0.149521929635888,0.0513148076207184,0.013027607680162,0
"154","cog_latent_g","~","heart_latent_cc1",0.117656358836659,0.0159229965814091,7.38908397267563,1.47881706880071e-13,0.0864478590111427,0.148864858662175,0.0426289005904986,0.00434170064994222,2.44886679741769e-13
"157","cog_latent_g","~","heart_latent_cc2",0.0975508737985323,0.00987531633815102,9.87825305622533,0,0.0781956094398163,0.116906138157248,0.045981158265493,0.00769395832493658,0
"160","cog_latent_g","~","heart_latent_cc3",0.0100142581943595,0.0092955524552727,1.07731716243278,0.281338597536633,-0.0082046898343779,0.0282332062230968,0.0383804879239852,9.32879834287803e-05,0.299598292156764
"163","cog_latent_g","~","brain_latent_cc1",0.118837910813071,0.0138551843450889,8.5771439667054,0,0.0916822484975331,0.145993573128608,0.0441153330828187,0.00582813314226227,0
"166","cog_latent_g","~","brain_latent_cc2",0.153613354738026,0.0108746457799741,14.1258260587125,0,0.132299440664646,0.174927268811406,0.0537135469575436,0.0154263470169872,0
"169","cog_latent_g","~","brain_latent_cc3",0.0161648249375665,0.00957345184798859,1.68850537864906,0.091314257351615,-0.00259879589221952,0.0349284457673526,0.0385162843454332,0.000229084404876789,0.0995973516178333
"172","heart_latent_pc1","~","cardio_latent_agg",0.25463553645737,0.00695442134160652,36.6149135851104,0,0.241005121094505,0.268265951820236,0.454235666926152,0.0567486650205641,0
"175","heart_latent_pc1","~","cardio_latent_gvrf",0.400366075315353,0.00714989073768327,55.9961109902333,0,0.386352546976097,0.414379603654609,0.508503795022054,0.111016793116466,0
"178","heart_latent_pc1","~","cog_latent_g",0.0370827483066835,0.00722283417377346,5.13409935968531,2.83498304831653e-07,0.0229262534597824,0.0512392431535846,0.398809481447163,0.00132247954157438,4.07740589817636e-07
"181","heart_latent_pc1","~","heart_latent_pc1",0,0.00379737474085506,233.95062329686,0,0.880955469786917,0.895840905242673,NA,NA,0
"184","heart_latent_pc1","~","heart_latent_pc2",-0.321845219002653,0.00695336068645746,-46.2862827797049,0,-0.335473555519626,-0.308216882485679,0.480735918323098,0.0832489164175101,0
"187","heart_latent_pc1","~","heart_latent_pc3",-0.0528510434084324,0.00714746035118224,-7.39438077466082,1.4210854715202e-13,-0.0668598082776776,-0.0388422785391872,0.400218792030039,0.00273179012445013,2.36410993188384e-13
"190","heart_latent_pc1","~","brain_latent_grey",0.0725146788527146,0.00863086964531513,8.4017812610663,0,0.0555984851926369,0.0894308725127922,0.401005614238861,0.00351861233327277,0
"193","heart_latent_pc1","~","brain_latent_atrophy",0.0966078823618985,0.00881748232260984,10.9564021596251,0,0.0793259345752647,0.113889830148532,0.403427639167746,0.00594063726215721,0
"196","heart_latent_pc1","~","brain_latent_gMD",0.0372731281456284,0.00751092866825005,4.96251925586621,6.95846653187004e-07,0.022551978465409,0.0519942778258479,0.398722877669673,0.00123587576408424,9.92887912254975e-07
"199","heart_latent_pc1","~","brain_latent_gFA",-0.024317395022639,0.00732997523008347,-3.31752758492775,0.000908179473262605,-0.0386838824811733,-0.00995090756410471,0.398040448179823,0.000553446274234148,0.00105418903488039
"202","heart_latent_pc1","~","brain_latent_pc1",-0.0317253121877875,0.00760455330035002,-4.17188373001834,3.02091785262526e-05,-0.0466299627749888,-0.0168206616005863,0.398361379202704,0.000874377297115148,3.72201824163044e-05
"205","heart_latent_pc1","~","brain_latent_pc2",0.0336188695180145,0.0072356310754637,4.6462940367451,3.37951216433652e-06,0.0194372932046868,0.0478004458313422,0.398570873058871,0.00108387115328301,4.5353304510241e-06
"208","heart_latent_pc1","~","brain_latent_pc3",0.0375622220709865,0.00806135973213331,4.65953924885155,3.16917965870189e-06,0.0217622473295838,0.0533621968123893,0.398577049419515,0.0010900475139265,4.28492081195275e-06
"211","heart_latent_pc1","~","heart_latent_cc1",0.810953885339096,0.00891718724489086,90.9427898134285,0,0.79347651949571,0.828431251182482,0.603750345903844,0.206263343998255,0
"214","heart_latent_pc1","~","heart_latent_cc2",-0.239196075700157,0.00735625813912379,-32.515998103439,0,-0.253614076713819,-0.224778074686495,0.443745933498096,0.046258931592508,0
"217","heart_latent_pc1","~","heart_latent_cc3",-0.216480113688058,0.0068867681885523,-31.4342094522519,0,-0.229977931307497,-0.202982296068619,0.441080832896899,0.0435938309913103,0
"220","heart_latent_pc1","~","brain_latent_cc1",0.246481907376181,0.0106392204821131,23.1672901027451,0,0.225629418407659,0.267334396344704,0.422559050618373,0.0250720487127843,0
"223","heart_latent_pc1","~","brain_latent_cc2",-0.174762427187875,0.00851900386051151,-20.5144204709143,0,-0.191459367938635,-0.158065486437115,0.41745347469429,0.0199664727887019,0
"226","heart_latent_pc1","~","brain_latent_cc3",-0.122267112699514,0.00743297365402584,-16.4492864350853,0,-0.136835473359439,-0.107698752039588,0.410593086362503,0.0131060844569144,0
"229","heart_latent_pc2","~","cardio_latent_agg",-0.332700544793518,0.00765896661093558,-43.4393517682246,0,-0.347711843509746,-0.317689246077289,0.293195416759368,0.0968778594102894,0
"232","heart_latent_pc2","~","cardio_latent_gvrf",-0.463653670079692,0.00796341717833712,-58.2229537516845,0,-0.4792616809431,-0.448045659216284,0.345206201184979,0.148888643835901,0
"235","heart_latent_pc2","~","cog_latent_g",0.0762938018262196,0.00829645439887151,9.19595265136359,0,0.0600330500050525,0.0925545536473866,0.201915447436109,0.00559789008703027,0
"238","heart_latent_pc2","~","heart_latent_pc1",-0.429304188500931,0.0090407594460341,-47.4854121563043,0,-0.447023751408048,-0.411584625593813,0.307361961778377,0.111044404429298,0
"241","heart_latent_pc2","~","heart_latent_pc2",0,0.00379737474085506,233.95062329686,0,0.880955469786917,0.895840905242673,NA,NA,0
"244","heart_latent_pc2","~","heart_latent_pc3",-0.055536533408773,0.00825532736029692,-6.7273568914868,1.72772907092167e-11,-0.0717166777155431,-0.039356389102003,0.199334021976265,0.00301646462718608,2.70521450358508e-11
"247","heart_latent_pc2","~","brain_latent_grey",0.148828598053818,0.00982434585682855,15.1489575207059,0,0.129573234002769,0.168083962104868,0.211139064079091,0.0148215067300123,0
"250","heart_latent_pc2","~","brain_latent_atrophy",0.145933141281422,0.0100901353560409,14.4629517971782,0,0.126156839384448,0.165709443178397,0.209873055610819,0.01355549826174,0
"253","heart_latent_pc2","~","brain_latent_gMD",0.0408031743980442,0.00867353744526348,4.70432907629013,2.54702144153462e-06,0.0238033533867683,0.0578029954093202,0.197798618165295,0.0014810608162168,3.4961016745019e-06
"256","heart_latent_pc2","~","brain_latent_gFA",-0.017048783762934,0.00846956621179586,-2.01294651185199,0.0441202567010635,-0.0336488285027312,-0.000448739023136739,0.196589597363087,0.000272040014008823,0.0487076840033147
"259","heart_latent_pc2","~","brain_latent_pc1",-0.0404826598327579,0.00877761639178465,-4.61203338421662,3.98748931806914e-06,-0.0576864718307642,-0.0232788478347515,0.197741289726728,0.00142373237764926,5.31174776318435e-06
"262","heart_latent_pc2","~","brain_latent_pc2",0.0156006235199904,0.00836755645335813,1.86441807795983,0.06226301612377,-0.000799485767197275,0.032000732807178,0.196550977484373,0.000233420135294371,0.0683189933759301
"265","heart_latent_pc2","~","brain_latent_pc3",0.0977073362533555,0.00923454973552492,10.5806280816789,0,0.0796079513582828,0.115806721148428,0.203693166014347,0.00737560866526787,0
"268","heart_latent_pc2","~","heart_latent_cc1",0.258450937005707,0.0142320054108843,18.1598397094517,0,0.230556718972595,0.28634515503882,0.217267654052147,0.0209500967030682,0
"271","heart_latent_pc2","~","heart_latent_cc2",0.567568128782371,0.0061291204868145,92.6018879875788,0,0.555555273371308,0.579580984193434,0.456767050885421,0.260449493536343,0
"274","heart_latent_pc2","~","heart_latent_cc3",0.402440073227588,0.00685258201693032,58.7282388205352,0,0.389009259273298,0.415870887181879,0.346975314748039,0.150657757398961,0
"277","heart_latent_pc2","~","brain_latent_cc1",0.0181331771288656,0.0127571116322012,1.4214171398402,0.155195526571423,-0.00687030221700579,0.043136656474737,0.196453260072544,0.000135702723465858,0.167265100461557
"280","heart_latent_pc2","~","brain_latent_cc2",0.28713354043096,0.00942203597189735,30.4746809805629,0,0.268666689265,0.30560039159692,0.250215614655642,0.0538980573065634,0
"283","heart_latent_pc2","~","brain_latent_cc3",0.212754075530473,0.00829792955971564,25.6394169171236,0,0.19649043244718,0.229017718613766,0.236001012143948,0.0396834547948697,0
"286","heart_latent_pc3","~","cardio_latent_agg",0.215828728157354,0.00917394674548316,23.5262678261805,0,0.197848122940118,0.233809333374589,0.0627656190537816,0.0407695673144184,0
"289","heart_latent_pc3","~","cardio_latent_gvrf",0.287123680091386,0.0100939664697857,28.4450796375075,0,0.267339869349451,0.306907490833321,0.0790929049182298,0.0570968531788666,0
"292","heart_latent_pc3","~","cog_latent_g",-0.000624202920241179,0.00922030950430449,-0.0676986949244784,0.946025488229137,-0.0186956774749903,0.017447271634508,0.0219964308185961,3.7907923289282e-07,0.946025614229125
"295","heart_latent_pc3","~","heart_latent_pc1",-0.0857882002507601,0.0115840937736119,-7.40568938126022,1.30562227695918e-13,-0.108492606840574,-0.0630837936609461,0.0264303139468404,0.00443426220747711,2.18208167584382e-13
"298","heart_latent_pc3","~","heart_latent_pc2",-0.0675825991893524,0.0100397051186316,-6.73153229012006,1.67885705337767e-11,-0.0872600596372728,-0.047905138741432,0.0256667951897942,0.00367074345043095,2.64658251645999e-11
"301","heart_latent_pc3","~","heart_latent_pc3",0,0.00379737474085506,233.95062329686,0,0.880955469786917,0.895840905242673,NA,NA,0
"304","heart_latent_pc3","~","brain_latent_grey",0.0488717959048878,0.0110315468993201,4.43018520892113,9.41521915165389e-06,0.0272503612884558,0.0704932305213197,0.0235942682737313,0.00159821653436809,1.2226237819234e-05
"307","heart_latent_pc3","~","brain_latent_atrophy",0.0739703901252698,0.0112839786096901,6.55534653900776,5.55127055434923e-11,0.0518541984479568,0.0960865818025829,0.0254788088499649,0.00348275711060164,8.56413961589775e-11
"310","heart_latent_pc3","~","brain_latent_gMD",-0.0458890907659004,0.00956430565747019,-4.79795318231583,1.6029523275396e-06,-0.0646347853916746,-0.0271433961401261,0.0238693413170123,0.0018732895776491,2.22563765477613e-06
"313","heart_latent_pc3","~","brain_latent_gFA",0.0248139064624673,0.00933966280874481,2.6568310837982,0.00788789547104574,0.00650850372957922,0.0431193091953553,0.0225723407258427,0.000576288986479434,0.00898445670049962
"316","heart_latent_pc3","~","brain_latent_pc1",0.0503825009873293,0.00967429768634544,5.20787168441597,1.91018939998955e-07,0.0314212259463731,0.0693437760282856,0.0242012618622002,0.00220521012283692,2.78055795724285e-07
"319","heart_latent_pc3","~","brain_latent_pc2",-0.0085126600665528,0.00923257713433881,-0.922024256357587,0.3565159234244,-0.0266081787343449,0.00958285860123929,0.0220655494806863,6.94977413230324e-05,0.375226042524994
"322","heart_latent_pc3","~","brain_latent_pc3",0.0600155239030846,0.0102512589514554,5.85445399314236,4.78579664786594e-09,0.0399234255620381,0.080107622244131,0.0247787720970236,0.00278272035766036,7.08062536835903e-09
"325","heart_latent_pc3","~","heart_latent_cc1",0.348798881010161,0.0153772011403609,22.6828587222326,0,0.318660120592025,0.378937641428296,0.0601535462271827,0.0381574944878195,0
"328","heart_latent_pc3","~","heart_latent_cc2",-0.0151130018548087,0.0100536538298209,-1.50323475530666,0.132778518088635,-0.0348178012742909,0.00459179756467345,0.0221807231150087,0.000184671375645484,0.143955671021502
"331","heart_latent_pc3","~","heart_latent_cc3",-0.535077490490159,0.00639233450205662,-83.7061155541857,0,-0.547606235891323,-0.522548745088995,0.288327480802869,0.266331429063505,0
"334","heart_latent_pc3","~","brain_latent_cc1",0.180128929242601,0.0138392147690914,13.0158345143181,0,0.153004566720867,0.207253291764335,0.0353862469247865,0.0133901951854233,0
"337","heart_latent_pc3","~","brain_latent_cc2",-0.0781988381677321,0.0111270914998953,-7.02778782473997,2.09832151654155e-12,-0.100007536760209,-0.0563901395752555,0.025993708761313,0.00399765702194976,3.38166994406919e-12
"340","heart_latent_pc3","~","brain_latent_cc3",-0.213125261637226,0.00917750105523094,-23.2225810004947,0,-0.231112833173557,-0.195137690100895,0.061818088195057,0.0398220364556937,0
"343","brain_latent_grey","~","cardio_latent_agg",-0.0643042365258165,0.00795374186893956,-8.08477790521884,6.66133814775094e-16,-0.0798932841312663,-0.0487151889203667,0.334475201656426,0.00361906463920458,1.12371171557855e-15
"346","brain_latent_grey","~","cardio_latent_gvrf",-0.0652201888628428,0.00894969275031508,-7.28742211407723,3.1596947280832e-13,-0.0827612643261596,-0.047679113399526,0.333802179982248,0.00294604296502587,5.11502151048446e-13
"349","brain_latent_grey","~","cog_latent_g",0.135703202252315,0.00743620409060996,18.2489884084373,0,0.12112851005303,0.1502778944516,0.348566422759802,0.0177102857425803,0
"352","brain_latent_grey","~","heart_latent_pc1",0.0805339509292902,0.00958228429537962,8.40446269874523,0,0.0617530188207224,0.099314883037858,0.334763866948512,0.00390772993129007,0
"355","brain_latent_grey","~","heart_latent_pc2",0.12391429474157,0.00819755637237344,15.116003978841,0,0.107847379490481,0.139981209992659,0.343196486570017,0.0123403495527954,0
"358","brain_latent_grey","~","heart_latent_pc3",0.0334377485775929,0.00755119022608104,4.42814279292056,9.50479708317076e-06,0.0186376876940632,0.0482378094611226,0.331949616923674,0.00109347990645248,1.22983216739235e-05
"361","brain_latent_grey","~","brain_latent_grey",0,0.00379737474085506,233.95062329686,0,0.880955469786917,0.895840905242673,NA,NA,0
"364","brain_latent_grey","~","brain_latent_atrophy",0.954058981408492,0.00215701543586081,442.30512473257,0,0.949831308840108,0.958286653976876,0.910228844768829,0.579372707751607,0
"367","brain_latent_grey","~","brain_latent_gMD",0.0159945544918297,0.00792730481552794,2.01765352336392,0.0436273583934506,0.000457322558924007,0.0315317864247354,0.331083714384395,0.000227577367173604,0.0484599273231866
"370","brain_latent_grey","~","brain_latent_gFA",0.120286577980221,0.0075832492758806,15.862142150965,0,0.105423682513705,0.135149473446736,0.344398041359186,0.0135419043419641,0
"373","brain_latent_grey","~","brain_latent_pc1",0.0339853448530724,0.00801301578178852,4.24126767980567,2.22260870961222e-05,0.0182801225132158,0.049690567192929,0.331859535678652,0.00100339866143062,2.77633821512114e-05
"376","brain_latent_grey","~","brain_latent_pc2",0.206288483511389,0.00719972784662843,28.6522612945698,0,0.192177276233507,0.22039969078927,0.371665995327909,0.0408098583106872,0
"379","brain_latent_grey","~","brain_latent_pc3",0.555398941447505,0.00575457901739678,96.5142610377698,0,0.544120173827218,0.566677709067793,0.569172293552645,0.238316156535423,0
"382","brain_latent_grey","~","heart_latent_cc1",0.268864283748271,0.0129283653374012,20.7964639559232,0,0.243525153307989,0.294203414188553,0.353528449769504,0.0226723127522821,0
"385","brain_latent_grey","~","heart_latent_cc2",0.10997431478485,0.00820305281918269,13.4065106258583,0,0.0938966266959718,0.126052002873727,0.340634580753104,0.00977844373588277,0
"388","brain_latent_grey","~","heart_latent_cc3",0.0161592609493599,0.00775200571048525,2.08452645068399,0.0371123068019243,0.000965608948859938,0.0313529129498598,0.331099038927103,0.000242901909881077,0.0414784605433272
"391","brain_latent_grey","~","brain_latent_cc1",0.67118960067372,0.00867712132132136,77.3516441477518,0,0.654182755394445,0.688196445952994,0.516769432776426,0.185913295759204,0
"394","brain_latent_grey","~","brain_latent_cc2",0.417421041441986,0.00778901327654146,53.5910039721145,0,0.40215485594486,0.432687226939111,0.444764070813705,0.113907933796484,0
"397","brain_latent_grey","~","brain_latent_cc3",0.0067227873879404,0.00798742274759604,0.841671663111076,0.399971763898525,-0.0089322735266438,0.0223778483025246,0.330895760156436,3.9623139214684e-05,0.418521179035847
"400","brain_latent_atrophy","~","cardio_latent_agg",-0.0329345237851296,0.00778658694037286,-4.22964824477418,2.34056999197652e-05,-0.0481959537507503,-0.0176730938195088,0.364435901385332,0.000949353278243303,2.90359370138667e-05
"403","brain_latent_atrophy","~","cardio_latent_gvrf",-0.0273416483347932,0.00875870448134358,-3.12165439455482,0.00179837920908588,-0.0445083936694562,-0.0101749030001302,0.364004301362573,0.00051775325548431,0.00207416899194889
"406","brain_latent_atrophy","~","cog_latent_g",0.132696857277324,0.00725693422804718,18.2855256927183,0,0.118473527552175,0.146920187002472,0.380420824982822,0.0169342768757336,0
"409","brain_latent_atrophy","~","heart_latent_pc1",0.102059583987331,0.00931252325722826,10.9593910445393,0,0.0838073737979724,0.12031179417669,0.369762417908204,0.00627586980111572,0
"412","brain_latent_atrophy","~","heart_latent_pc2",0.115578495241436,0.00801093799537942,14.4275857968317,0,0.0998773452881087,0.131279645194763,0.374222455659813,0.0107359075527244,0
"415","brain_latent_atrophy","~","heart_latent_pc3",0.0481420820819627,0.00735203668778153,6.54812865147569,5.82625059308839e-11,0.0337323549608937,0.0625518092030316,0.365753228217026,0.00226668010993725,8.95011261321238e-11
"418","brain_latent_atrophy","~","brain_latent_grey",0.907534849010983,0.00213021542567118,426.029610937138,0,0.903359703497356,0.91170999452461,0.914606483512627,0.551119935405538,0
"421","brain_latent_atrophy","~","brain_latent_atrophy",0,0.00379737474085506,233.95062329686,0,0.880955469786917,0.895840905242673,NA,NA,0
"424","brain_latent_atrophy","~","brain_latent_gMD",0.0375778390511759,0.00772006119531055,4.86755714760422,1.12986165179407e-06,0.0224467971499219,0.0527088809524298,0.364742715262148,0.00125616715505927,1.57482647219174e-06
"427","brain_latent_atrophy","~","brain_latent_gFA",0.0851467040184349,0.00746630393209375,11.4041304496638,0,0.0705130172139013,0.0997803908229684,0.370272039777361,0.00678549167027231,0
"430","brain_latent_atrophy","~","brain_latent_pc1",0.00942659149597143,0.00782543229152511,1.20460968094764,0.228354017672425,-0.00591097395887454,0.0247641569508174,0.363563744213086,7.71961059977677e-05,0.244616618337524
"433","brain_latent_atrophy","~","brain_latent_pc2",0.204827198148039,0.00701887102094601,29.1823567546383,0,0.191070463734853,0.218583932561225,0.403720282993902,0.0402337348868135,0
"436","brain_latent_atrophy","~","brain_latent_pc3",0.570500284187351,0.00540110400210983,105.626605961392,0,0.559914314866461,0.581086253508242,0.614938554328221,0.251452006221133,0
"439","brain_latent_atrophy","~","heart_latent_cc1",0.317025078575871,0.0124352359756207,25.4940942976393,0,0.292652463924398,0.341397693227345,0.395008777877018,0.0315222297699295,0
"442","brain_latent_atrophy","~","heart_latent_cc2",0.0793774019068528,0.0080529107546117,9.85698268932079,0,0.0635939868570986,0.095160816956607,0.36858080851171,0.00509426040462102,0
"445","brain_latent_atrophy","~","heart_latent_cc3",-0.00304653050046523,0.00756313664888113,-0.402813097515027,0.687085725164482,-0.0178700059424272,0.0117769449414967,0.363495183983239,8.63587615007599e-06,0.702657073043563
"448","brain_latent_atrophy","~","brain_latent_cc1",0.787482832570913,0.00732201643194232,107.549995262988,0,0.773131944070095,0.80183372107173,0.619405346541463,0.255918798434374,0
"451","brain_latent_atrophy","~","brain_latent_cc2",0.329178833925775,0.00810944137340943,40.5920480546466,0,0.313284620899153,0.345073046952396,0.43432500073892,0.070838452631831,0
"454","brain_latent_atrophy","~","brain_latent_cc3",0.00132494716666312,0.00779065717209986,0.170068729427353,0.864956085530333,-0.0139444603065513,0.0165943546398775,0.363488076972581,1.52886549253939e-06,0.869774782385655
"457","brain_latent_gMD","~","cardio_latent_agg",0.0399030318626727,0.00920139928836722,4.33662648605193,1.44686181837717e-05,0.0218686206501004,0.0579374430752449,0.111813715696105,0.00139357860548439,1.8595663892931e-05
"460","brain_latent_gMD","~","cardio_latent_gvrf",0.0417871661798805,0.0103461432849609,4.03891237816339,5.36996188200689e-05,0.0215090979624663,0.0620652343972947,0.111629501523142,0.00120936443252162,6.54917648447462e-05
"463","brain_latent_gMD","~","cog_latent_g",-0.0308031701444248,0.00878331855142648,-3.50700819560075,0.000453175190990196,-0.0480181581699632,-0.0135881821188864,0.111332644661559,0.000912507570938637,0.000536381127696593
"466","brain_latent_gMD","~","heart_latent_pc1",0.0550318658378603,0.0110837985559804,4.96507271942137,6.867533246524e-07,0.0333080198562416,0.0767557118194789,0.112244851996577,0.00182471490595648,9.83801389680621e-07
"469","brain_latent_gMD","~","heart_latent_pc2",0.0451642042134397,0.00959915845046361,4.70501705399585,2.53844733810737e-06,0.0263501993686377,0.0639782090582417,0.112059485540515,0.00163934844989444,3.4961016745019e-06
"472","brain_latent_gMD","~","heart_latent_pc3",-0.0417401254995746,0.00870099714690252,-4.79716574949501,1.60926433734332e-06,-0.0587937665370893,-0.0246864844620599,0.112124053571143,0.00170391648052237,2.22584071180436e-06
"475","brain_latent_gMD","~","brain_latent_grey",0.021263678047935,0.0105380930062252,2.01779183723031,0.0436129453767005,0.000609395290000168,0.0419179608058699,0.110722688626327,0.000302551535706908,0.0484599273231866
"478","brain_latent_gMD","~","brain_latent_atrophy",0.052518112839577,0.0107846649950834,4.86970275511751,1.11766248700462e-06,0.0313805578638837,0.0736556678152704,0.112175738085648,0.00175560099502736,1.56386107677779e-06
"481","brain_latent_gMD","~","brain_latent_gMD",0,0.00379737474085506,233.95062329686,0,0.880955469786917,0.895840905242673,NA,NA,0
"484","brain_latent_gMD","~","brain_latent_gFA",-0.463493756069651,0.00669900165414801,-69.1884821050397,0,-0.476623558044156,-0.450363954095147,0.311483729511817,0.201063592421197,0
"487","brain_latent_gMD","~","brain_latent_pc1",-0.962866084542547,0.00114077428775924,-844.046096475275,0,-0.965101961061044,-0.960630208024049,0.915839409697383,0.805419272606763,0
"490","brain_latent_gMD","~","brain_latent_pc2",0.253598399007811,0.00811647293727279,31.2449016916236,0,0.237690404369263,0.26950639364636,0.172094996077365,0.0616748589867449,0
"493","brain_latent_gMD","~","brain_latent_pc3",0.0230249056071783,0.00980596537917633,2.34805087687474,0.0188719433268325,0.00380556663034602,0.0422442445840105,0.110829715359066,0.00040957826844612,0.0213633011989645
"496","brain_latent_gMD","~","heart_latent_cc1",0.123409269610468,0.0153040113405504,8.06385116060883,6.66133814775094e-16,0.0934139585639969,0.15340458065694,0.115196787224604,0.00477665013398343,1.12371171557855e-15
"499","brain_latent_gMD","~","heart_latent_cc2",-0.0606537651520933,0.00955400184504572,-6.34851930487596,2.1739721134395e-10,-0.0793792646766121,-0.0419282656275745,0.113394564897029,0.00297442780640866,3.29749551660362e-10
"502","brain_latent_gMD","~","heart_latent_cc3",0.0867687352267574,0.00886087635534639,9.79234239900027,0,0.069401736698816,0.104135733754699,0.117423648453459,0.00700351136283839,0
"505","brain_latent_gMD","~","brain_latent_cc1",0.132037044597066,0.0133000679764597,9.92754659831539,0,0.105969390371271,0.158104698822862,0.117614815209832,0.0071946781192116,0
"508","brain_latent_gMD","~","brain_latent_cc2",-0.231473197392611,0.0101889192802279,-22.7181304539133,0,-0.251443112223243,-0.211503282561978,0.145447429711802,0.0350272926211821,0
"511","brain_latent_gMD","~","brain_latent_cc3",0.311696436620181,0.00821843815588978,37.9264807628689,0,0.295588593825468,0.327804279414895,0.195596155562003,0.0851760184713832,0
"514","brain_latent_gFA","~","cardio_latent_agg",-0.0407668702991583,0.00943757593903489,-4.31963361805036,1.5628845698501e-05,-0.0592641792410285,-0.0222695613572882,0.0655195774358173,0.00145456220024431,1.9831441481107e-05
"517","brain_latent_gFA","~","cardio_latent_gvrf",-0.0424375325775782,0.0106119814581141,-3.99902061128555,6.36051414020233e-05,-0.0632366340400887,-0.0216384311150678,0.065312320215496,0.00124730497992309,7.70518659266122e-05
"520","brain_latent_gFA","~","cog_latent_g",0.0484076052746719,0.00899405948130085,5.38217535422286,7.35910217208868e-08,0.0307795726165112,0.0660356379328325,0.0663185932942205,0.00225357805864757,1.07556108668988e-07
"523","brain_latent_gFA","~","heart_latent_pc1",-0.0377742607082234,0.0113831912712616,-3.31842449169678,0.000905267944161015,-0.0600849056290268,-0.0154636157874201,0.0649247309771577,0.000859715741584721,0.00105418903488039
"526","brain_latent_gFA","~","heart_latent_pc2",-0.019854302879917,0.00986288995586218,-2.01303096443008,0.0441113719451534,-0.0391852119768887,-0.000523393782945282,0.0643818199313867,0.000316804695813744,0.0487076840033147
"529","brain_latent_gFA","~","heart_latent_pc3",0.0237465354153496,0.0089381329588087,2.65676685777503,0.0078893982660897,0.00622811672705411,0.0412649541036451,0.0646165096705127,0.000551494434939737,0.00898445670049962
"532","brain_latent_gFA","~","brain_latent_grey",0.168245472984394,0.0105545158004902,15.9406150092248,0,0.147559002141175,0.188931943827614,0.0830061618850355,0.0189411466494626,0
"535","brain_latent_gFA","~","brain_latent_atrophy",0.125200439196584,0.0109470431286424,11.4369184194592,0,0.103744628927239,0.14665624946593,0.0740424576518427,0.00997744241626974,0
"538","brain_latent_gFA","~","brain_latent_gMD",-0.487645941785172,0.00696120155756509,-70.0519784914463,0,-0.501289646127124,-0.474002237443221,0.275605829601242,0.211540814365669,0
"541","brain_latent_gFA","~","brain_latent_gFA",0,0.00379737474085506,233.95062329686,0,0.880955469786917,0.895840905242673,NA,NA,0
"544","brain_latent_gFA","~","brain_latent_pc1",0.71756719278398,0.00456599331400131,157.154674445889,0,0.708618010334887,0.726516375233074,0.511382000423431,0.447316985187858,0
"547","brain_latent_gFA","~","brain_latent_pc2",0.618289163644379,0.00512406841845971,120.663721315071,0,0.608246174089879,0.628332153198879,0.430670014437327,0.366604999201754,0
"550","brain_latent_gFA","~","brain_latent_pc3",-0.0469954831692726,0.0100417343710639,-4.68001656214829,2.86851743247496e-06,-0.0666769208788758,-0.0273140454596695,0.065771312526474,0.00170629729090099,3.9224802769828e-06
"553","brain_latent_gFA","~","heart_latent_cc1",-0.0638608604153513,0.0157688918084554,-4.04980015026222,5.12613913841165e-05,-0.0947673204360326,-0.0329544003946701,0.0653440927691908,0.00127907753361789,6.29434091485239e-05
"556","brain_latent_gFA","~","heart_latent_cc2",0.0438580707669075,0.00981793180550478,4.46713947863407,7.92724481102347e-06,0.0246152780254478,0.0631008635083672,0.0656202163498891,0.00155520111431617,1.03686064376068e-05
"559","brain_latent_gFA","~","heart_latent_cc3",-0.0604398080603026,0.00913170638631629,-6.6186762367733,3.62430085942833e-11,-0.0783376236948769,-0.0425419924257283,0.0674631078537781,0.00339809261820512,5.62035587359805e-11
"562","brain_latent_gFA","~","brain_latent_cc1",-0.00417571283535512,0.0137691449551419,-0.3032659507151,0.761687192446162,-0.0311627410453446,0.0228113153746343,0.0640722105263226,7.19529074966196e-06,0.774562142952962
"565","brain_latent_gFA","~","brain_latent_cc2",0.18142836249677,0.0106426375093861,17.0473120348939,0,0.160569176277858,0.202287548715682,0.0855837046205921,0.0215186893850191,0
"568","brain_latent_gFA","~","brain_latent_cc3",-0.211419756132236,0.00898086191818374,-23.5411431617906,0,-0.229021922042004,-0.193817590222469,0.103252270081322,0.0391872548457489,0
"571","brain_latent_pc1","~","cardio_latent_agg",-0.041689135016082,0.00909137997911041,-4.5855673299183,4.52755337287947e-06,-0.0595079123449069,-0.0238703576872571,0.132780278166222,0.00152112003518101,5.98698449673805e-06
"574","brain_latent_pc1","~","cardio_latent_gvrf",-0.0404792280993624,0.0102251260318922,-3.95879991827068,7.53273068581084e-05,-0.0605201068592541,-0.0204383493394706,0.13239400895626,0.00113485082521836,9.06438592525904e-05
"577","brain_latent_pc1","~","cog_latent_g",0.0429306681198007,0.00867010969723523,4.95157150474009,7.36165600923044e-07,0.0259375653712082,0.0599237708683932,0.133031632025498,0.00177247389445612,1.04217953699302e-06
"580","brain_latent_pc1","~","heart_latent_pc1",-0.0457435320021052,0.0109610405943628,-4.17328369585922,3.00240702442167e-05,-0.0672267768001377,-0.0242602872040727,0.132519898990948,0.00126074085990679,3.71187991717885e-05
"583","brain_latent_pc1","~","heart_latent_pc2",-0.0437597462920291,0.00948716255968055,-4.61252202824092,3.97812369778983e-06,-0.0623542432244798,-0.0251652493595783,0.132798142223783,0.00153898409274122,5.31174776318435e-06
"586","brain_latent_pc1","~","heart_latent_pc3",0.0447537522443933,0.00859552044529191,5.20663670446,1.92294043799279e-07,0.0279068417432434,0.0616006627455431,0.133217997397303,0.00195883926626195,2.78787750247148e-07
"589","brain_latent_pc1","~","brain_latent_grey",0.0441227356077826,0.0104004387511396,4.24239175515051,2.21150214751997e-05,0.0237382502321342,0.064507220983431,0.13256185861266,0.00130270048161829,2.77205651130108e-05
"592","brain_latent_pc1","~","brain_latent_atrophy",0.0128658548114105,0.0106802217816407,1.20464303779974,0.228341134660661,-0.00806699522750537,0.0337987048503264,0.131364518290515,0.000105360159473822,0.244616618337524
"595","brain_latent_pc1","~","brain_latent_gMD",-0.940310280114973,0.0011827749907233,-795.003519257661,0,-0.942628476498605,-0.93799208373134,0.917810929794447,0.786551771663406,0
"598","brain_latent_pc1","~","brain_latent_gFA",0.666050465206833,0.00445825378714697,149.397162433202,0,0.657312448350085,0.67478848206358,0.546461635155112,0.41520247702407,0
"601","brain_latent_pc1","~","brain_latent_pc1",0,0.00379737474085506,233.95062329686,0,0.880955469786917,0.895840905242673,NA,NA,0
"604","brain_latent_pc1","~","brain_latent_pc2",0.00174691851583792,0.00870229935277307,0.200742176868605,0.840900178568069,-0.0153092747982835,0.0188031118299594,0.131262085186661,2.92705561988349e-06,0.850322860248798
"607","brain_latent_pc1","~","brain_latent_pc3",-0.067051236594838,0.00965202258479842,-6.94685865120552,3.73501229944395e-12,-0.0859688532390101,-0.0481336199506659,0.134732575308631,0.00347341717759009,5.96610371725339e-12
"610","brain_latent_pc1","~","heart_latent_cc1",-0.102103219894219,0.015152694970513,-6.7382878156599,1.60262914050691e-11,-0.131801956305146,-0.0724044834832922,0.134528864773294,0.00326970664225212,2.53749613913593e-11
"613","brain_latent_pc1","~","heart_latent_cc2",0.0604092122706454,0.00944149413913059,6.3982682592872,1.57148960511222e-10,0.0419042237977034,0.0789142007435873,0.134209634240653,0.00295047610961174,2.40384638748098e-10
"616","brain_latent_pc1","~","heart_latent_cc3",-0.0938123740180144,0.00874248775509081,-10.7306268702964,0,-0.110947335153275,-0.076677412882754,0.139445866697677,0.00818670856663595,0
"619","brain_latent_pc1","~","brain_latent_cc1",-0.0791713891916753,0.013221453606541,-5.98810021558498,2.12306239255611e-09,-0.105084962083763,-0.0532578162995877,0.133845920444608,0.00258676231356636,3.19343968213648e-09
"622","brain_latent_pc1","~","brain_latent_cc2",0.245751785757317,0.0100059998960488,24.5604425655012,0,0.22614038633175,0.265363185182884,0.170741105195185,0.0394819470641441,0
"625","brain_latent_pc1","~","brain_latent_cc3",-0.333279296991194,0.00797670821391327,-41.7815580128499,0,-0.348913357805649,-0.317645236176739,0.228639285730539,0.0973801275994972,0
"628","brain_latent_pc2","~","cardio_latent_agg",0.00902963070234536,0.00956990788446965,0.943544160649543,0.345402638436455,-0.00972704408658106,0.0277863054912718,0.0410790654104962,7.13406020490526e-05,0.365664432132683
"631","brain_latent_pc2","~","cardio_latent_gvrf",0.0236124632592022,0.0107536783751385,2.19575687829683,0.028109349641781,0.00253564094260356,0.0446892855758009,0.0413938563100972,0.000386131501650011,0.0316294095396504
"634","brain_latent_pc2","~","cog_latent_g",0.0416986918836946,0.00911100734868186,4.57673781700191,4.72282753460895e-06,0.0238414456173983,0.0595559381499908,0.0426799143409146,0.00167218953246739,6.19978450906848e-06
"637","brain_latent_pc2","~","heart_latent_pc1",0.0535096024948699,0.0115100401283921,4.64895012510657,3.33628866755475e-06,0.0309503383826107,0.0760688666071291,0.0427328689746411,0.00172514416619396,4.4940306305495e-06
"640","brain_latent_pc2","~","heart_latent_pc2",0.0186153784316601,0.00998414464440025,1.86449406480713,0.0622523542871973,-0.000953185487802825,0.0381839423511231,0.0412862075102052,0.000278482701758009,0.0683189933759301
"643","brain_latent_pc2","~","heart_latent_pc3",-0.00834717784041712,0.00905311487012465,-0.922022746884929,0.356516710764745,-0.0260909569337654,0.0093966012529312,0.0410758541962767,6.81293878295186e-05,0.375226042524994
"646","brain_latent_pc2","~","brain_latent_grey",0.29564504867549,0.0101469242152887,29.1364202986785,0,0.275757442659667,0.315532654691313,0.099494891735451,0.0584871669270038,0
"649","brain_latent_pc2","~","brain_latent_atrophy",0.308599454159517,0.0103742604955659,29.7466459697457,0,0.288266277221971,0.328932631097063,0.101625188432799,0.0606174636243516,0
"652","brain_latent_pc2","~","brain_latent_gMD",0.273386247221161,0.00870677639683585,31.3992498211523,0,0.256321279061919,0.290451215380403,0.107494940643003,0.0664872158345557,0
"655","brain_latent_pc2","~","brain_latent_gFA",0.633521060904555,0.00517917625986043,122.320814955548,0,0.623370061965644,0.643672059843466,0.416644220232161,0.375636495423714,0
"658","brain_latent_pc2","~","brain_latent_pc1",0.00192839113787117,0.00960635807983636,0.20074112601724,0.840901000301443,-0.0168997247212034,0.0207565069969458,0.0410109345911326,3.20978268542049e-06,0.850322860248798
"661","brain_latent_pc2","~","brain_latent_pc2",0,0.00379737474085506,233.95062329686,0,0.880955469786917,0.895840905242673,NA,NA,0
"664","brain_latent_pc2","~","brain_latent_pc3",-0.11836059677989,0.010047937057188,-11.7795917815009,0,-0.138054191530904,-0.0986670020288762,0.0518309554225623,0.0108232306141152,0
"667","brain_latent_pc2","~","heart_latent_cc1",0.117168266345467,0.0159011276056294,7.36855078780617,1.72528658026749e-13,0.0860026289248578,0.148333903766076,0.0453134638025398,0.00430573899409259,2.83103843398439e-13
"670","brain_latent_pc2","~","heart_latent_cc2",-0.0295122974883676,0.00994892348848894,-2.96638098810527,0.00301326957397263,-0.0490118292107505,-0.0100127657659847,0.0417119012887888,0.000704176480341601,0.00345681265413112
"673","brain_latent_pc2","~","heart_latent_cc3",0.00751460128775145,0.00928287193647028,0.809512545167009,0.418220389763479,-0.0106794933808279,0.0257086959563308,0.0410602351609115,5.25103524643411e-05,0.435094700766092
"676","brain_latent_pc2","~","brain_latent_cc1",0.282461863398337,0.0133625204683489,21.138367126725,0,0.256271804537694,0.30865192225898,0.0739337575566109,0.0329260327481637,0
"679","brain_latent_pc2","~","brain_latent_cc2",-0.0388869377320144,0.0110601581720876,-3.51594770408915,0.000438187285629832,-0.0605644494126225,-0.0172094260514063,0.0419962886191108,0.00098856381066359,0.00052379341096811
"682","brain_latent_pc2","~","brain_latent_cc3",0.0466990688612064,0.00953961296391421,4.89527919401514,9.81662590771037e-07,0.0280017710254831,0.0653963666969296,0.0429196259049226,0.00191190109647543,1.38429763776697e-06
"685","brain_latent_pc3","~","cardio_latent_agg",-0.0368231406105149,0.0085766912295561,-4.29339702513935,1.75959943562454e-05,-0.0536331465269654,-0.0200131346940644,0.228606887288225,0.00118679162581925,2.21329406362529e-05
"688","brain_latent_pc3","~","cardio_latent_gvrf",-0.0416533041849953,0.00964123886972005,-4.32032695671658,1.55798188532508e-05,-0.0605497851359942,-0.0227568232339963,0.228621734090682,0.00120163842827636,1.9831441481107e-05
"691","brain_latent_pc3","~","cog_latent_g",0.104317862917658,0.00808023530528369,12.9102506271623,0,0.088480892732693,0.120154833102623,0.237885686957689,0.0104655912952836,0
"694","brain_latent_pc3","~","heart_latent_pc1",0.0481646663735752,0.0103340940661762,4.66075362437621,3.15053670907339e-06,0.0279102141910209,0.0684191185561296,0.228817880337056,0.00139778467465002,4.27572839088532e-06
"697","brain_latent_pc3","~","heart_latent_pc2",0.0939260559463594,0.00887945158068116,10.5779118330587,0,0.0765226506457571,0.111329461246962,0.234510289255787,0.00709019359338137,0
"700","brain_latent_pc3","~","heart_latent_pc3",0.0474095819820587,0.00810249079655785,5.85123552404398,4.87934692650072e-09,0.0315289918357381,0.0632901721283794,0.229618346558246,0.00219825089584036,7.18956832843575e-09
"703","brain_latent_pc3","~","brain_latent_grey",0.641252306010521,0.00638689655162322,100.401235690524,0,0.628734218796356,0.653770393224686,0.502575095398087,0.275154999735681,0
"706","brain_latent_pc3","~","brain_latent_atrophy",0.692455178940221,0.00618637207116451,111.932352431216,0,0.680330112485774,0.704580245394667,0.53262461230016,0.305204516637754,0
"709","brain_latent_pc3","~","brain_latent_gMD",0.0199966060516695,0.00851667821297397,2.34793490509099,0.0188778201730462,0.00330422348632359,0.0366889886170154,0.227775805246721,0.000355709584315078,0.0213633011989645
"712","brain_latent_pc3","~","brain_latent_gFA",-0.0387930450104448,0.00829137442670385,-4.67872309390647,2.88666972458884e-06,-0.0550438402691208,-0.0225422497517688,0.228828584643474,0.00140848898106827,3.93240668142103e-06
"715","brain_latent_pc3","~","brain_latent_pc1",-0.0596293364473663,0.00858665323062255,-6.94442116687679,3.80007136868699e-12,-0.076458867527121,-0.0427998053676116,0.230509040820194,0.00308894515778824,6.04328530438767e-12
"718","brain_latent_pc3","~","brain_latent_pc2",-0.0953532632555605,0.00811082698691125,-11.75629358257,0,-0.111250192034742,-0.079456334476379,0.236139512680612,0.00871941701820644,0
"721","brain_latent_pc3","~","brain_latent_pc3",0,0.00379737474085506,233.95062329686,0,0.880955469786917,0.895840905242673,NA,NA,0
"724","brain_latent_pc3","~","heart_latent_cc1",0.213184351130777,0.0140766647805049,15.1445214086523,0,0.185594595138544,0.24077410712301,0.241674243790394,0.0142541481279886,0
"727","brain_latent_pc3","~","heart_latent_cc2",0.0805786266894384,0.00887487931564916,9.0794053444032,0,0.0631841828636266,0.0979730705152503,0.232669730827908,0.00524963516550214,0
"730","brain_latent_pc3","~","heart_latent_cc3",-0.00656726177617537,0.00833205106133564,-0.788192694431547,0.43058400171646,-0.0228977817737419,0.00976325822139121,0.227460210150066,4.01144876598369e-05,0.445389182291238
"733","brain_latent_pc3","~","brain_latent_cc1",0.594271780040768,0.0101327159225074,58.6488148474322,0,0.574412021767077,0.614131538314458,0.37316397446735,0.145743878804945,0
"736","brain_latent_pc3","~","brain_latent_cc2",0.290393607055673,0.00921265340365246,31.521169236709,0,0.272337138182464,0.308450075928882,0.282549020565334,0.0551289249029278,0
"739","brain_latent_pc3","~","brain_latent_cc3",0.00399762789240959,0.00858291499754961,0.465765755987435,0.641383179074648,-0.0128245763851563,0.0208198321699755,0.227434103269209,1.40076068032569e-05,0.65965620411951
"742","heart_latent_cc1","~","cardio_latent_agg",0.149678084057201,0.00523957539173932,28.5668346891586,0,0.139408704995109,0.159947463119292,0.705969262474606,0.0196080329670346,0
"745","heart_latent_cc1","~","cardio_latent_gvrf",0.235064053254526,0.00563836306614184,41.6901236222401,0,0.224013064713127,0.246115041795925,0.72463018471342,0.0382689552058494,0
"748","heart_latent_cc1","~","cog_latent_g",0.0383707138049889,0.00520537440665772,7.37136482553731,1.68975944347949e-13,0.0281683674418932,0.0485730601680846,0.687777166376051,0.00141593686848007,2.78540255295021e-13
"751","heart_latent_cc1","~","heart_latent_pc1",0.422142892812394,0.00502291587442678,84.0433929944265,0,0.412298158601143,0.431987627023645,0.793731833053115,0.107370603545544,0
"754","heart_latent_cc1","~","heart_latent_pc2",0.100861019791095,0.00561020740403988,17.9781267477679,0,0.0898652153333766,0.111856824248813,0.694537046769924,0.0081758172623525,0
"757","heart_latent_cc1","~","heart_latent_pc3",0.11185727554966,0.00503989451309385,22.1943684057375,0,0.101979263818115,0.121735287281205,0.698598061822143,0.0122368323145716,0
"760","heart_latent_cc1","~","brain_latent_grey",0.126021108538548,0.00611497335865769,20.6086112149819,0,0.114035980989157,0.138006236087939,0.69698811898296,0.0106268894753895,0
"763","heart_latent_cc1","~","brain_latent_atrophy",0.156212495304407,0.00620110896061971,25.1910579698628,0,0.144058545077383,0.16836644553143,0.701893649227958,0.0155324197203868,0
"766","heart_latent_cc1","~","brain_latent_gMD",0.0435103583567861,0.00540913993634883,8.04385888861947,8.88178419700125e-16,0.0329086388942051,0.0541120778193671,0.688045336368385,0.00168410686081388,1.49131353261277e-15
"769","heart_latent_cc1","~","brain_latent_gFA",-0.0214002631855138,0.00528792751735455,-4.04700388106302,5.18773814759399e-05,-0.031764410672387,-0.0110361156986406,0.686789852638606,0.000428623131034978,6.34838464841163e-05
"772","heart_latent_cc1","~","brain_latent_pc1",-0.0368620002103357,0.00547964530435813,-6.72707778750172,1.73103753553505e-11,-0.0476019076549316,-0.0261220927657397,0.687541679815409,0.00118045030783753,2.70521450358508e-11
"775","heart_latent_cc1","~","brain_latent_pc2",0.038319917736751,0.00521284057165355,7.351062671114,1.96731519963578e-13,0.0281029379591608,0.0485368975143411,0.687769424256515,0.00140819474894427,3.21357822202948e-13
"778","heart_latent_cc1","~","brain_latent_pc3",0.0865449514305108,0.00575231466766596,15.0452394263103,0,0.0752706218541441,0.0978192810068776,0.692147888976803,0.00578665946923185,0
"781","heart_latent_cc1","~","heart_latent_cc1",0,0.00379737474085506,233.95062329686,0,0.880955469786917,0.895840905242673,NA,NA,0
"784","heart_latent_cc1","~","heart_latent_cc2",-0.0852906011470986,0.00562185683752176,-15.1712509962628,0,-0.0963092380748815,-0.0742719642193157,0.692242752557889,0.00588152305031764,0
"787","heart_latent_cc1","~","heart_latent_cc3",-0.0703568441165348,0.00525592631073111,-13.3861930242222,0,-0.0806582703909643,-0.0600554178421054,0.69096593707105,0.00460470756347886,0
"790","heart_latent_cc1","~","brain_latent_cc1",0.286526456028663,0.00738120379436616,38.8183911474385,0,0.272059562429155,0.300993349628171,0.720241706334452,0.0338804768268813,0
"793","heart_latent_cc1","~","brain_latent_cc2",-0.0762961256046789,0.00628062748047317,-12.1478508066094,0,-0.0886059292667189,-0.063986321942639,0.690166715375691,0.00380548586811991,0
"796","heart_latent_cc1","~","brain_latent_cc3",-0.0622882945363403,0.00542829446645476,-11.4747449537352,0,-0.0729275561880697,-0.0516490328846109,0.68976269416712,0.00340146465954916,0
"799","heart_latent_cc2","~","cardio_latent_agg",-0.387141817823577,0.00730314586566547,-53.0102814519508,0,-0.401455720694124,-0.37282791495303,0.322663086128531,0.131177032844472,0
"802","heart_latent_cc2","~","cardio_latent_gvrf",-0.564688905717486,0.00711794464564332,-79.3331409317878,0,-0.578639820866896,-0.550737990568075,0.412333658762057,0.220847605477998,0
"805","heart_latent_cc2","~","cog_latent_g",0.0820112208113265,0.00831185803225663,9.86677352922266,0,0.0657202784234935,0.0983021631991595,0.197954379531742,0.00646832624768234,0
"808","heart_latent_cc2","~","heart_latent_pc1",-0.320977910183922,0.00973340966288569,-32.976923945556,0,-0.340055042569952,-0.301900777797892,0.253561053327477,0.0620750000434178,0
"811","heart_latent_cc2","~","heart_latent_pc2",0.570980169325472,0.00615480686420838,92.7697947186374,0,0.558916969539824,0.58304336911112,0.453501281034859,0.2620152277508,0
"814","heart_latent_cc2","~","heart_latent_pc3",-0.0124938930547695,0.00831158775168954,-1.50318969468015,0.13279013421097,-0.0287843057024252,0.00379651959288626,0.191638715979904,0.000152662695845018,0.143955671021502
"817","heart_latent_cc2","~","brain_latent_grey",0.132879935859673,0.00989390717360664,13.4304813586839,0,0.113488234133022,0.152271637586325,0.203301185389208,0.0118151321051483,0
"820","heart_latent_cc2","~","brain_latent_atrophy",0.100827036851561,0.0102168157828738,9.86873395726432,0,0.0808024458804478,0.120851627822674,0.197956913870723,0.0064708605866638,0
"823","heart_latent_cc2","~","brain_latent_gMD",-0.0551264858812636,0.00868554347804408,-6.34692417585798,2.19662288358791e-10,-0.0721498382843867,-0.0381031334781404,0.194189423539751,0.00270337025569134,3.31791155219763e-10
"826","heart_latent_cc2","~","brain_latent_gFA",0.0378871002160337,0.00848297207076886,4.46625308912514,7.9601435123422e-06,0.0212607804754676,0.0545134199565998,0.192829524629266,0.00134347134520685,1.03740498482149e-05
"829","heart_latent_cc2","~","brain_latent_pc1",0.0562212524448892,0.00878860348499496,6.39706325821587,1.58393742566432e-10,0.0389959061398959,0.0734465987498826,0.194231994440659,0.00274594115659965,2.41266418002033e-10
"832","heart_latent_cc2","~","brain_latent_pc2",-0.0248814050694425,0.00838868169792783,-2.96606856302448,0.00301633237133325,-0.0413229190751514,-0.00843989106373369,0.1920797487105,0.000593695426440832,0.00345681265413112
"835","heart_latent_cc2","~","brain_latent_pc3",0.084326505822843,0.00928562653313151,9.08140183346406,0,0.0661270122440157,0.10252599940167,0.196979835220857,0.0054937819367975,0
"838","heart_latent_cc2","~","heart_latent_cc1",-0.219866460123241,0.01438694449783,-15.2823596529759,0,-0.248064353186565,-0.191668567059918,0.206647751906868,0.0151616986228087,0
"841","heart_latent_cc2","~","heart_latent_cc2",0,0.00379737474085506,233.95062329686,0,0.880955469786917,0.895840905242673,NA,NA,0
"844","heart_latent_cc2","~","heart_latent_cc3",0.109336709011951,0.00839916000509638,13.0175766321404,0,0.0928746579015727,0.125798760122329,0.202606467550639,0.0111204142665794,0
"847","heart_latent_cc2","~","brain_latent_cc1",-0.123274100347905,0.0126918356431975,-9.71286611436516,0,-0.148149641106274,-0.0983985595895363,0.197757457710212,0.0062714044261527,0
"850","heart_latent_cc2","~","brain_latent_cc2",0.446130367296287,0.00846373503485788,52.7108144877999,0,0.429541751453275,0.462718983139298,0.321601500575356,0.130115447291296,0
"853","heart_latent_cc2","~","brain_latent_cc3",0.162744881727847,0.0085123448196125,19.1186899939582,0,0.146060992457421,0.179428770998274,0.214706366537698,0.0232203132536384,0
"856","heart_latent_cc3","~","cardio_latent_agg",-0.35020280819333,0.00816648118277688,-42.8829504844643,0,-0.366208817191997,-0.334196799194663,0.177111605733495,0.107338851516774,0
"859","heart_latent_cc3","~","cardio_latent_gvrf",-0.511562606719659,0.00823911505257863,-62.0895088192211,0,-0.527710975487195,-0.495414237952123,0.251020156865086,0.181247402648364,0
"862","heart_latent_cc3","~","cog_latent_g",0.00968639701680201,0.00899125170342569,1.07731351944151,0.281340224490701,-0.00793613249784675,0.0273089265314508,0.069862988249866,9.02340331447871e-05,0.299598292156764
"865","heart_latent_cc3","~","heart_latent_pc1",-0.334226304428907,0.010401647855863,-32.1320534073376,0,-0.354613159606267,-0.313839449251548,0.137077796951946,0.0673050427352246,0
"868","heart_latent_cc3","~","heart_latent_pc2",0.465806768436555,0.00772857012804931,60.2707565201488,0,0.450659049333586,0.480954487539524,0.244152500292641,0.17437974607592,0
"871","heart_latent_cc3","~","heart_latent_pc3",-0.50893829456475,0.00618406122122125,-82.2983920046385,0,-0.521058831836534,-0.496817757292965,0.32309356415537,0.253320809938649,0
"874","heart_latent_cc3","~","brain_latent_grey",0.0224642105015758,0.0107757274113656,2.08470478548686,0.0370961060085824,0.00134417286807818,0.0435842481350733,0.0701104216015799,0.000337667384858631,0.0414784605433272
"877","heart_latent_cc3","~","brain_latent_atrophy",-0.00445232523542102,0.0110530434892473,-0.402814413944212,0.687084756655871,-0.0261158923939006,0.0172112419230585,0.0697853590516322,1.26048349109453e-05,0.702657073043563
"880","heart_latent_cc3","~","brain_latent_gMD",0.0907334411056655,0.00926290442252514,9.79535542707574,0,0.0725784820452795,0.108888400166052,0.0770962639683366,0.00732350975161533,0
"883","heart_latent_cc3","~","brain_latent_gFA",-0.0600712234547489,0.00907619968919665,-6.61854360986035,3.62754271066024e-11,-0.077860247962068,-0.0422821989474299,0.0731501237887016,0.00337736957198032,5.62035587359805e-11
"886","heart_latent_cc3","~","brain_latent_pc1",-0.100452083609763,0.00935605943047758,-10.7365803259583,0,-0.118789623130715,-0.0821145440888102,0.0785388876996872,0.00876613348296595,0
"889","heart_latent_cc3","~","brain_latent_pc2",0.00728919842705868,0.00900444533583622,0.809511097596302,0.418221222066022,-0.01035919013194,0.0249375869860573,0.0698237001229619,5.09459062406625e-05,0.435094700766092
"892","heart_latent_cc3","~","brain_latent_pc3",-0.00790731547791763,0.0100321562815151,-0.788196999331779,0.430581484038452,-0.0275699804769644,0.0117553495211292,0.0698210495466608,4.82953299395517e-05,0.445389182291238
"895","heart_latent_cc3","~","heart_latent_cc1",-0.208672694171905,0.015473825832111,-13.4855268784835,0,-0.239000835505888,-0.178344552837922,0.0834299220647845,0.0136571678480633,0
"898","heart_latent_cc3","~","heart_latent_cc2",0.125796210376576,0.00964829200877695,13.0381844021865,0,0.106885905527048,0.144706515226105,0.0825672288670595,0.0127944746503382,0
"901","heart_latent_cc3","~","heart_latent_cc3",0,0.00379737474085506,233.95062329686,0,0.880955469786917,0.895840905242673,NA,NA,0
"904","heart_latent_cc3","~","brain_latent_cc1",-0.165146009362361,0.0135313941430943,-12.204655899898,0,-0.191667054543442,-0.13862496418128,0.0810280242737997,0.0112552700570785,0
"907","heart_latent_cc3","~","brain_latent_cc2",0.218727489811768,0.0104758500841013,20.8792115251554,0,0.198195200939489,0.239259778684047,0.101048812639655,0.0312760584229341,0
"910","heart_latent_cc3","~","brain_latent_cc3",0.383905696017614,0.00790940093558615,48.5378980208649,0,0.368403555044577,0.39940783699065,0.198984722395703,0.129211968178981,0
"913","brain_latent_cc1","~","cardio_latent_agg",0.0862649934906532,0.00620421271414088,13.9042610989199,0,0.0741049600185116,0.0984250269627948,0.593826819133529,0.00651305812082703,0
"916","brain_latent_cc1","~","cardio_latent_gvrf",0.127863262410434,0.00691285261576535,18.4964542884699,0,0.1143143202531,0.141412204567767,0.59863684717317,0.0113230861604682,0
"919","brain_latent_cc1","~","cog_latent_g",0.0509952348941025,0.00596224764495284,8.55302193582498,0,0.0393094442430862,0.0626810255451188,0.589814686788899,0.00250092577619709,0
"922","brain_latent_cc1","~","heart_latent_pc1",0.168825710672323,0.00733132378085348,23.0279981786139,0,0.154456580102848,0.183194841241797,0.604486635342262,0.0171728743295599,0
"925","brain_latent_cc1","~","heart_latent_pc2",0.00931126183146077,0.00655105048042018,1.42133873938086,0.155218306522498,-0.0035285611710666,0.0221510848339881,0.587383415463043,6.96544503405727e-05,0.167265100461557
"928","brain_latent_cc1","~","heart_latent_pc3",0.07600862573967,0.00587844613466386,12.9300539629791,0,0.0644870830306701,0.0875301684486698,0.592963969833913,0.00565020882121137,0
"931","brain_latent_cc1","~","brain_latent_grey",0.413947943664866,0.00568577023604852,72.8041982844088,0,0.402804038777841,0.425091848551891,0.701973479266608,0.114659718253906,0
"934","brain_latent_cc1","~","brain_latent_atrophy",0.510567901361296,0.00513496920527577,99.4295936257473,0,0.500503546657233,0.520632256065359,0.753239808889638,0.165926047876936,0
"937","brain_latent_cc1","~","brain_latent_gMD",0.0612534928669394,0.0061898110590083,9.89585825528463,0,0.0491216861201754,0.0733852996137034,0.590651431131023,0.00333767011832109,0
"940","brain_latent_cc1","~","brain_latent_gFA",-0.00184121243077943,0.00607131501078225,-0.303264190296428,0.761688533928813,-0.0137407711907101,0.0100583463291512,0.587316908387744,3.14737504192308e-06,0.774562142952962
"943","brain_latent_cc1","~","brain_latent_pc1",-0.0376095451995381,0.0062877241383071,-5.9814241802383,2.21195017857667e-09,-0.0499332580553431,-0.025285832343733,0.58854254994669,0.00122878893398848,3.3133361596107e-09
"946","brain_latent_cc1","~","brain_latent_pc2",0.121552732611127,0.00584376067722507,20.8004296077448,0,0.110099172149495,0.13300629307276,0.601482925802367,0.014169164789665,0
"949","brain_latent_cc1","~","brain_latent_pc3",0.317440057230446,0.00573919599916153,55.3108932465143,0,0.306191439771873,0.328688674689019,0.665165212341293,0.0778514513285908,0
"952","brain_latent_cc1","~","heart_latent_cc1",0.377011827465616,0.00964037947131474,39.1075712929586,0,0.35811703090454,0.395906624026692,0.631893695046296,0.0445799340335937,0
"955","brain_latent_cc1","~","heart_latent_cc2",-0.0629222497992606,0.0064943308830281,-9.6887964183805,0,-0.0756509044336818,-0.0501935951648393,0.590514792438548,0.00320103142584605,0
"958","brain_latent_cc1","~","heart_latent_cc3",-0.0732654212707306,0.00603477300157696,-12.1405430248305,0,-0.0850933590086961,-0.061437483532765,0.592307026512362,0.0049932654996605,0
"961","brain_latent_cc1","~","brain_latent_cc1",0,0.00379737474085506,233.95062329686,0,0.880955469786917,0.895840905242673,NA,NA,0
"964","brain_latent_cc1","~","brain_latent_cc2",-0.0433118232274733,0.0072483291185576,-5.97542171706632,2.2949573352804e-09,-0.0575182872479392,-0.0291053592070074,0.588540095105311,0.00122633409260942,3.40938106187747e-09
"967","brain_latent_cc1","~","brain_latent_cc3",-0.069528224444098,0.00622484618047681,-11.1694686789469,0,-0.0817286987671342,-0.0573277501210617,0.591551882312707,0.00423812130000534,0
"970","brain_latent_cc2","~","cardio_latent_agg",-0.259237613356629,0.00724488118164156,-35.7821759746086,0,-0.273437319544918,-0.245037907168339,0.40507816686683,0.0588184694038626,0
"973","brain_latent_cc2","~","cardio_latent_gvrf",-0.355215234938978,0.00779071389521883,-45.5946964188962,0,-0.370484753587463,-0.339945716290494,0.433648806769722,0.0873891093067547,0
"976","brain_latent_cc2","~","cog_latent_g",0.10442123601194,0.00742567866022955,14.0621808173843,0,0.0898671732771223,0.118975298746757,0.356746007456311,0.0104863099933437,0
"979","brain_latent_cc2","~","heart_latent_pc1",-0.18962120911083,0.0092303595751262,-20.5432093481837,0,-0.207712381442431,-0.171530036779228,0.367923766913943,0.0216640694509758,0
"982","brain_latent_cc2","~","heart_latent_pc2",0.233563349683435,0.00773377372722266,30.2004374476717,0,0.218405431713496,0.248721267653373,0.390102045084553,0.0438423476215862,0
"985","brain_latent_cc2","~","heart_latent_pc3",-0.0522714806122723,0.00744681358943674,-7.01930832355184,2.22977192265716e-12,-0.0668669670471517,-0.0376759941773928,0.348931897218496,0.00267219975552879,3.57754517368549e-12
"988","brain_latent_cc2","~","brain_latent_grey",0.407812085418672,0.00762777510696024,53.4640940117059,0,0.392861920926859,0.422762249910485,0.457545466148488,0.111285768685521,0
"991","brain_latent_cc2","~","brain_latent_atrophy",0.33808784352568,0.00831509006486075,40.6595527996054,0,0.321790566470346,0.354385120581014,0.419015335797107,0.0727556383341396,0
"994","brain_latent_cc2","~","brain_latent_gMD",-0.17010652288761,0.00755115450436791,-22.5272205447807,0,-0.184906513757868,-0.155306532017351,0.372000776369851,0.0257410789068835,0
"997","brain_latent_cc2","~","brain_latent_gFA",0.126725687773116,0.00747786457137709,16.9467749199661,0,0.112069342531949,0.141382033014284,0.361290243807575,0.0150305463446081,0
"1000","brain_latent_cc2","~","brain_latent_pc1",0.184931832511861,0.00759664026343708,24.3438975782419,0,0.170042691192017,0.199820973831704,0.3759704374431,0.0297107399801325,0
"1003","brain_latent_cc2","~","brain_latent_pc2",-0.0265090308720361,0.00754179986123766,-3.5149475403456,0.000439840864808083,-0.041290686978671,-0.0117273747654011,0.346933600149727,0.000673902686759487,0.000524034825728442
"1006","brain_latent_cc2","~","brain_latent_pc3",0.245724750736061,0.00785471492952204,31.2837261365784,0,0.230329792365369,0.261119709106753,0.392908568597642,0.046648871134675,0
"1009","brain_latent_cc2","~","heart_latent_cc1",-0.1590296088008,0.0130510179396298,-12.1852264349359,0,-0.18460913392406,-0.133450083677539,0.354191740952923,0.00793204348995613,0
"1012","brain_latent_cc2","~","heart_latent_cc2",0.360727730831478,0.00700807866021008,51.4731281313365,0,0.346992149056643,0.374463312606314,0.451467159388334,0.105207461925366,0
"1015","brain_latent_cc2","~","heart_latent_cc3",0.15371614128547,0.00742517239974308,20.7020299341183,0,0.139163070802973,0.168269211767967,0.368239739869709,0.021980042406742,0
"1018","brain_latent_cc2","~","brain_latent_cc1",-0.0686106764432656,0.0114758385470526,-5.9787070166552,2.24915663871172e-09,-0.0911029066878852,-0.0461184461986461,0.348202375390289,0.00194267792732206,3.35514688667328e-09
"1021","brain_latent_cc2","~","brain_latent_cc2",0,0.00379737474085506,233.95062329686,0,0.880955469786917,0.895840905242673,NA,NA,0
"1024","brain_latent_cc2","~","brain_latent_cc3",0.225747106080333,0.00739540299269437,30.5253285457655,0,0.211252382563492,0.240241829597174,0.390938134975587,0.0446784375126202,0
"1027","brain_latent_cc3","~","cardio_latent_agg",-0.208763964645505,0.0087040363748772,-23.9847302623951,0,-0.225823562460391,-0.191704366830619,0.161438833420403,0.0381442281599373,0
"1030","brain_latent_cc3","~","cardio_latent_gvrf",-0.301023223069086,0.00946422375116325,-31.8064355813742,0,-0.319572760762995,-0.282473685375177,0.186053343516501,0.0627587382560353,0
"1033","brain_latent_cc3","~","cog_latent_g",0.0147359883282931,0.00872740795053072,1.68847250086402,0.0913205633947447,-0.00236941693313559,0.0318413935897219,0.12350344311472,0.000208837854254185,0.0995973516178333
"1036","brain_latent_cc3","~","heart_latent_pc1",-0.177908600572996,0.0107588825184499,-16.5359739050881,0,-0.198995622823056,-0.156821578322937,0.142365022352722,0.0190704170922559,0
"1039","brain_latent_cc3","~","heart_latent_pc2",0.232085005443912,0.0090207733932067,25.7278389920191,0,0.214404614480529,0.249765396407294,0.166583719066705,0.0432891138062393,0
"1042","brain_latent_cc3","~","heart_latent_pc3",-0.191050417770974,0.00826090635458386,-23.1270528402689,0,-0.207241496705617,-0.174859338836332,0.158992020300865,0.0356974150403986,0
"1045","brain_latent_cc3","~","brain_latent_grey",0.0088081336513131,0.0104649249215684,0.841681494834172,0.399966259138792,-0.0117027422958767,0.0293190095985029,0.123346520796794,5.19155363276624e-05,0.418521179035847
"1048","brain_latent_cc3","~","brain_latent_atrophy",0.00182492659386892,0.0107305000235926,0.170069110466106,0.864955785870479,-0.0192064669884788,0.0228563201762166,0.123296726497331,2.12123686482713e-06,0.869774782385655
"1051","brain_latent_cc3","~","brain_latent_gMD",0.307185400188124,0.00810968679107485,37.8788241891411,0,0.291290706151717,0.323080094224531,0.207237916008831,0.0839433107483654,0
"1054","brain_latent_cc3","~","brain_latent_gFA",-0.198040290076223,0.0084331549647378,-23.4835350357374,0,-0.214568970083154,-0.181511610069292,0.160001948644795,0.0367073433843295,0
"1057","brain_latent_cc3","~","brain_latent_pc1",-0.336334774227698,0.00804246211153328,-41.8198767446323,0,-0.352097710313331,-0.320571838142064,0.221567508771419,0.098272903510953,0
"1060","brain_latent_cc3","~","brain_latent_pc2",0.042692033995978,0.00872243521279259,4.89450858097113,9.8551676885883e-07,0.0255963751214206,0.0597876928705355,0.125042476595013,0.00174787133454746,1.38432511112077e-06
"1063","brain_latent_cc3","~","brain_latent_pc3",0.00453641333963616,0.00973967217383673,0.465766532863614,0.641382622934362,-0.0145529933423108,0.0236258200215831,0.12331050550941,1.59002489439342e-05,0.65965620411951
"1066","brain_latent_cc3","~","heart_latent_cc1",-0.174112682961756,0.0150994792533175,-11.5310389213259,0,-0.203707118483568,-0.144518247439944,0.132802676776795,0.00950807151632926,0
"1069","brain_latent_cc3","~","heart_latent_cc2",0.17647110655114,0.00921328956560554,19.1539737565539,0,0.158413390823415,0.194528822278866,0.148473402007751,0.0251787967472851,0
"1072","brain_latent_cc3","~","heart_latent_cc3",0.361817153288659,0.00751423351529358,48.1509062171489,0,0.347089526227259,0.376544780350058,0.24507219501591,0.121777589755444,0
"1075","brain_latent_cc3","~","brain_latent_cc1",-0.147704873177768,0.0131720034604905,-11.2135464905403,0,-0.173521525564567,-0.12188822079097,0.132298070196385,0.00900346493591875,0
"1078","brain_latent_cc3","~","brain_latent_cc2",0.302740565684773,0.00977927296925768,30.9573693910043,0,0.283573542870042,0.321907588499504,0.183211113809815,0.0599165085493486,0
"1081","brain_latent_cc3","~","brain_latent_cc3",0,0.00379737474085506,233.95062329686,0,0.880955469786917,0.895840905242673,NA,NA,0
