,mean.in.group.Control,mean.in.group.Risk,ci.lower,ci.upper,p.value,pvalue_adj,diff,percent.diff
cov_sex,0.746411483,0.746411483,-0.083859205,0.083859205,1,1,0,0
cov_age,58.46411483,58.98086124,-1.74901738,0.715524557,0.410239293,0.771520712,0.516746411,0.883869384
cov_headsize,1.278254833,1.271568163,-0.016961572,0.030334911,0.578640534,0.771520712,-0.00668667,-0.523109296
cov_bsa,1.954568798,2.046100329,-0.121681617,-0.061381445,5.54E-09,2.22E-08,0.091531531,4.682952634
cardio_hypertension,0,182,-0.916661568,-0.824965227,2.18E-94,6.54E-94,0.870813397,Inf
cardio_pack_years,0,16.89354067,-18.94309867,-14.84398266,7.09E-39,1.06E-38,16.89354067,Inf
cardio_sbp,134.992823,142.5167464,-10.48389041,-4.563956477,8.66E-07,8.66E-07,7.523923445,5.573572935
cardio_dbp,79.44736842,84.96650718,-7.254661602,-3.78361591,1.01E-09,1.14E-09,5.519138756,6.946911982
cardio_diabetes,0,103,-0.561163125,-0.424482808,1.70E-32,2.19E-32,0.492822967,Inf
cardio_hyperchol,0,207,-1.003738371,-0.977122873,5.71E-212,2.57E-211,0.990430622,Inf
cardio_bmi,23.43012105,30.64892727,-7.793784503,-6.643827937,4.43E-69,7.98E-69,7.21880622,30.80993992
cardio_whr,0.832507593,0.961136723,-0.13914225,-0.118116011,1.09E-80,2.45E-80,0.128629131,15.45080569
cardio_latent_agg,0,5.119617225,-5.163976389,-5.075258061,2.38E-251,2.14E-250,5.119617225,Inf
cog_vnr,7.377990431,6.813397129,0.180839658,0.948346945,0.004029042,0.016116166,-0.564593301,-7.652399481
cog_vismem,1.33884997,1.35610965,-0.137393646,0.102874285,0.777768918,1,0.01725968,1.289142231
cog_rt,6.368838552,6.384127112,-0.046565539,0.015988419,0.337181442,0.674362883,0.01528856,0.240052556
cog_prosmem,0.866028708,0.866028708,-0.065655152,0.065655152,1,1,0,0
heart_shape_Volume_LV_ED,164617.3952,152818.8441,5582.317928,18014.78431,0.000217355,0.000345439,-11798.55112,-7.167256598
heart_shape_SurfaceArea_LV_ED,18654.24074,18275.999,-130.5186246,887.0021014,0.144659779,0.164358132,-378.2417384,-2.027644779
heart_shape_SurfaceAreatoVolumeRatio_LV_ED,0.115524362,0.122006088,-0.008273394,-0.004690059,5.08E-12,1.89E-11,0.006481726,5.610700654
heart_shape_Sphericity_LV_ED,0.773148587,0.751289185,0.016148707,0.027570096,3.52E-13,1.40E-12,-0.021859402,-2.827322198
heart_shape_Max3Ddiameter_LV_ED,103.1828374,101.4143091,0.144390573,3.392665927,0.032900267,0.040295282,-1.76852825,-1.713975206
heart_shape_Max2DdiameterSlice_LV_ED,62.6448439,62.43736642,-0.752125866,1.167080837,0.671052597,0.69178009,-0.207477485,-0.331196428
heart_shape_Max2DdiameterColumn_LV_ED,100.6417626,99.07042543,-0.001532684,3.144207094,0.050222634,0.060132033,-1.571337205,-1.561317254
heart_shape_Max2DdiameterRow_LV_ED,101.5202981,99.67694989,0.186581063,3.500115382,0.029294839,0.036211676,-1.843348222,-1.815743508
heart_shape_MajorAxis_LV_ED,89.41177585,88.95934821,-1.12673741,2.031592695,0.573626444,0.602985278,-0.452427643,-0.506004537
heart_shape_MinorAxis_LV_ED,53.1239627,51.98800618,0.383788132,1.888124926,0.003163971,0.0043771,-1.135956529,-2.138312865
heart_shape_LeastAxis_LV_ED,50.31444957,48.94700144,0.660845494,2.074050782,0.000163689,0.000263284,-1.367448138,-2.71780403
heart_shape_Elongation_LV_ED,0.597677754,0.587924634,-0.001114926,0.020621166,0.07846113,0.091480881,-0.00975312,-1.631835871
heart_shape_Flatness_LV_ED,0.565921195,0.553624174,0.002106602,0.022487441,0.018145319,0.02274554,-0.012297021,-2.172921165
heart_shape_Volume_LV_ES,69103.80258,61602.28401,4088.730483,10914.30666,1.95E-05,3.49E-05,-7501.51857,-10.85543529
heart_shape_SurfaceArea_LV_ES,10946.86256,10405.03746,154.1596508,929.4905503,0.006269535,0.008328189,-541.8251005,-4.94959261
heart_shape_SurfaceAreatoVolumeRatio_LV_ES,0.163812033,0.17570744,-0.015201507,-0.008589308,6.56E-12,2.40E-11,0.011895408,7.261620141
heart_shape_Sphericity_LV_ES,0.734347941,0.714092197,0.014141023,0.026370466,2.15E-10,6.67E-10,-0.020255744,-2.758330652
heart_shape_Max3Ddiameter_LV_ES,84.9028015,82.80457048,0.457214025,3.739248023,0.012336244,0.015759699,-2.098231024,-2.471333086
heart_shape_Max2DdiameterSlice_LV_ES,48.64790246,48.76137807,-1.253459599,1.026508387,0.844963288,0.85781444,0.113475606,0.233258989
heart_shape_Max2DdiameterColumn_LV_ES,82.90390178,79.91183595,1.425944319,4.558187346,0.000197742,0.000316151,-2.992065832,-3.609077219
heart_shape_Max2DdiameterRow_LV_ES,82.05953425,79.82692658,0.635940429,3.829274919,0.006245747,0.008328189,-2.232607674,-2.72071697
heart_shape_MajorAxis_LV_ES,73.52591517,72.30551377,-0.260258801,2.70106159,0.105953362,0.121414368,-1.220401394,-1.659824827
heart_shape_MinorAxis_LV_ES,39.29956137,38.37772388,0.168159339,1.675515628,0.016642793,0.021160122,-0.921837484,-2.345668633
heart_shape_LeastAxis_LV_ES,36.71240697,35.19482721,0.82412914,2.211030393,2.12E-05,3.77E-05,-1.517579766,-4.133697274
heart_shape_Elongation_LV_ES,0.537525154,0.533625496,-0.006413116,0.014212431,0.457714764,0.492781621,-0.003899658,-0.725483771
heart_shape_Flatness_LV_ES,0.501976432,0.48931533,0.003393942,0.021928262,0.007530982,0.009856727,-0.012661102,-2.52225032
heart_shape_Volume_RV_ED,176808.376,160660.9143,9198.249634,23096.67371,6.58E-06,1.25E-05,-16147.46167,-9.132747012
heart_shape_SurfaceArea_RV_ED,25151.84816,23017.2606,1460.543507,2808.631609,1.20E-09,3.55E-09,-2134.587558,-8.486802023
heart_shape_SurfaceAreatoVolumeRatio_RV_ED,0.146222489,0.146384387,-0.002650748,0.002326954,0.898306534,0.905086206,0.000161897,0.11071985
heart_shape_Sphericity_RV_ED,0.599262774,0.615853431,-0.021521929,-0.011659384,1.16E-10,3.72E-10,0.016590657,2.768511121
heart_shape_Max3Ddiameter_RV_ED,123.0100536,118.4746276,2.698566652,6.37228538,1.72E-06,3.45E-06,-4.535426016,-3.687036858
heart_shape_Max2DdiameterSlice_RV_ED,98.44276869,90.53262496,6.318632182,9.501655294,2.00E-20,1.21E-19,-7.910143738,-8.035271502
heart_shape_Max2DdiameterColumn_RV_ED,106.9081377,104.1622324,0.844517257,4.647293474,0.004751395,0.006439708,-2.745905365,-2.568471796
heart_shape_Max2DdiameterRow_RV_ED,104.0199914,100.0440307,2.121065197,5.830856132,3.09E-05,5.35E-05,-3.975960664,-3.822304358
heart_shape_MajorAxis_RV_ED,101.3059601,95.90963848,3.889358419,6.903284799,8.08E-12,2.91E-11,-5.396321609,-5.326756298
heart_shape_MinorAxis_RV_ED,73.72752915,68.98670831,3.35748901,6.124152672,5.48E-11,1.81E-10,-4.740820841,-6.43019086
heart_shape_LeastAxis_RV_ED,46.20968655,45.71470646,-0.226456951,1.216417118,0.178168515,0.200721491,-0.494980083,-1.071160877
heart_shape_Elongation_RV_ED,0.729589273,0.721474644,-0.005308516,0.021537774,0.235391265,0.262968484,-0.008114629,-1.112218773
heart_shape_Flatness_RV_ED,0.457788846,0.47838203,-0.028396937,-0.012789431,3.35E-07,7.03E-07,0.020593184,4.498402309
heart_shape_Volume_RV_ES,77169.35466,69409.72241,3755.580106,11763.68439,0.000160838,0.000260265,-7759.63225,-10.05532868
heart_shape_SurfaceArea_RV_ES,14807.11895,13593.74846,704.3946063,1722.346363,3.80E-06,7.47E-06,-1213.370484,-8.194507579
heart_shape_SurfaceAreatoVolumeRatio_RV_ES,0.201582416,0.204968403,-0.00796406,0.001192087,0.146744899,0.166020712,0.003385987,1.679703469
heart_shape_Sphericity_RV_ES,0.579662961,0.589038289,-0.014347661,-0.004402993,0.000239067,0.000375476,0.009375327,1.617375589
heart_shape_Max3Ddiameter_RV_ES,104.1705676,101.5559541,0.825890495,4.403336485,0.004270561,0.005847383,-2.61461349,-2.509934956
heart_shape_Max2DdiameterSlice_RV_ES,77.43581745,73.97985895,1.856687186,5.055229831,2.67E-05,4.66E-05,-3.455958508,-4.462997385
heart_shape_Max2DdiameterColumn_RV_ES,81.38056548,79.25161681,-0.000986599,4.258883939,0.050105713,0.060132033,-2.12894867,-2.616040645
heart_shape_Max2DdiameterRow_RV_ES,83.55293658,79.58959935,1.922423512,6.004250964,0.000155515,0.000253187,-3.963337238,-4.743504418
heart_shape_MajorAxis_RV_ES,88.4562975,85.63691859,1.298439566,4.340318244,0.000302612,0.000469752,-2.819378905,-3.187312814
heart_shape_MinorAxis_RV_ES,52.4512248,49.31440819,1.742949679,4.530683538,1.24E-05,2.30E-05,-3.136816608,-5.980444919
heart_shape_LeastAxis_RV_ES,34.7283543,33.59810039,0.446103194,1.814404633,0.001259096,0.001807412,-1.130253914,-3.254556504
heart_shape_Elongation_RV_ES,0.594376942,0.579478182,-0.00129436,0.03109188,0.071239525,0.083792745,-0.01489876,-2.506618111
heart_shape_Flatness_RV_ES,0.393836707,0.394257685,-0.008231667,0.007389712,0.915674157,0.919116541,0.000420978,0.106891413
heart_shape_Volume_MYO_ED,88307.23413,94985.768,-10320.67024,-3036.397501,0.00035073,0.000535113,6678.533873,7.562838921
heart_shape_SurfaceArea_MYO_ED,36185.47633,35870.39728,-665.6415198,1295.799623,0.528046142,0.557266086,-315.0790517,-0.870733464
heart_shape_SurfaceAreatoVolumeRatio_MYO_ED,0.434758913,0.39887541,0.026031786,0.04573522,3.79E-12,1.45E-11,-0.035883503,-8.253655523
heart_shape_Sphericity_MYO_ED,0.257499741,0.273626059,-0.019894457,-0.01235818,6.98E-16,2.96E-15,0.016126319,6.262654354
heart_shape_Max3Ddiameter_MYO_ED,107.2472237,106.6259886,-1.000753768,2.243224035,0.451951136,0.48854637,-0.621235134,-0.579255213
heart_shape_Max2DdiameterSlice_MYO_ED,74.44932185,74.8428705,-1.482099906,0.695002603,0.477679943,0.510162179,0.393548651,0.528612809
heart_shape_Max2DdiameterColumn_MYO_ED,103.3418787,103.0019494,-1.159516365,1.839374933,0.656097947,0.684289656,-0.339929284,-0.328936621
heart_shape_Max2DdiameterRow_MYO_ED,105.8498941,104.2251645,-0.013226664,3.262685799,0.051870228,0.06182746,-1.624729567,-1.534937358
heart_shape_MajorAxis_MYO_ED,94.22093254,93.7044814,-0.901379928,1.934282207,0.474385884,0.508678839,-0.516451139,-0.548127816
heart_shape_MinorAxis_MYO_ED,81.70353211,80.24717267,0.366201424,2.546517454,0.008958539,0.011555217,-1.456359439,-1.782492631
heart_shape_LeastAxis_MYO_ED,76.06131823,74.24065019,0.80983492,2.831501149,0.00044452,0.00066678,-1.820668034,-2.393684565
heart_shape_Elongation_MYO_ED,0.869984955,0.858677402,3.87E-05,0.022576366,0.049221203,0.05946634,-0.011307553,-1.299741205
heart_shape_Flatness_MYO_ED,0.809751272,0.794343228,0.005258182,0.025557906,0.003012642,0.004189455,-0.015408044,-1.902811982
heart_shape_Volume_MYO_ES,89491.14603,98723.58034,-13030.43138,-5434.43724,2.46E-06,4.89E-06,9232.434312,10.31658965
heart_shape_SurfaceArea_MYO_ES,24578.09087,24591.33205,-762.7899087,736.3075447,0.972315391,0.972315391,13.24118196,0.053873924
heart_shape_SurfaceAreatoVolumeRatio_MYO_ES,0.284155244,0.256171449,0.022019016,0.033948573,1.55E-18,7.82E-18,-0.027983795,-9.848065522
heart_shape_Sphericity_MYO_ES,0.388981449,0.417396455,-0.034527705,-0.022302308,3.34E-18,1.62E-17,0.028415007,7.304977297
heart_shape_Max3Ddiameter_MYO_ES,89.68981755,89.56925537,-1.336600431,1.577724777,0.870884032,0.880780442,-0.120562173,-0.134421249
heart_shape_Max2DdiameterSlice_MYO_ES,64.35337519,65.69120874,-2.320209027,-0.355458078,0.007724232,0.010060342,1.337833552,2.07888638
heart_shape_Max2DdiameterColumn_MYO_ES,87.66603887,87.20894651,-0.934015234,1.848199955,0.518708378,0.549583877,-0.45709236,-0.521401863
heart_shape_Max2DdiameterRow_MYO_ES,87.11121417,86.57818572,-0.97939168,2.045448573,0.488835564,0.519996397,-0.533028446,-0.611894176
heart_shape_MajorAxis_MYO_ES,76.66498201,76.47366905,-1.104356591,1.486982522,0.771773945,0.789515875,-0.191312965,-0.249544134
heart_shape_MinorAxis_MYO_ES,65.40269006,64.97042811,-0.528324299,1.39284819,0.376906547,0.417568664,-0.432261946,-0.660923802
heart_shape_LeastAxis_MYO_ES,61.46533143,60.43963915,0.091706339,1.95967823,0.031446617,0.038692381,-1.025692285,-1.668733025
heart_shape_Elongation_MYO_ES,0.855806402,0.851801102,-0.006175552,0.014186152,0.439765547,0.479254698,-0.0040053,-0.46801473
heart_shape_Flatness_MYO_ES,0.804176279,0.791952649,0.003006131,0.02144113,0.009468878,0.012154761,-0.01222363,-1.520018762
heart_intensity_Energy_MYO_ED,13170602.5,8054356.874,4200836.752,6031654.493,1.70E-24,1.46E-23,-5116245.622,-38.84594971
heart_intensity_TotalEnergy_MYO_ED,444927867.8,290355577.3,123299231.3,185845349.8,4.43E-20,2.57E-19,-154572290.5,-34.74097752
heart_intensity_Entropy_MYO_ED,1.65472855,1.535543317,0.081265069,0.157105397,1.55E-09,4.44E-09,-0.119185233,-7.202706035
heart_intensity_Minimum_MYO_ED,15.85015802,10.35615894,4.259361582,6.728636578,8.34E-17,3.71E-16,-5.49399908,-34.6621092
heart_intensity_Percentile10_MYO_ED,46.5953233,32.67930612,11.67405406,16.1579803,2.13E-29,3.16E-28,-13.91601718,-29.86569509
heart_intensity_Percentile90_MYO_ED,90.27586113,73.4579946,14.53928463,19.09644842,7.31E-39,2.44E-37,-16.81786653,-18.6294169
heart_intensity_Maximum_MYO_ED,172.9704326,138.0958271,27.1215287,42.6276823,2.70E-17,1.26E-16,-34.8746055,-20.16217741
heart_intensity_Mean_MYO_ED,67.12530803,51.20836499,13.63519807,18.198688,1.48E-35,3.04E-34,-15.91694304,-23.71228305
heart_intensity_Median_MYO_ED,65.03137668,48.94556736,13.62563405,18.54598458,4.53E-32,7.57E-31,-16.08580932,-24.73545869
heart_intensity_InterquartileRange_MYO_ED,23.0136078,20.74606626,1.259660564,3.27542253,1.25E-05,2.30E-05,-2.267541547,-9.853046799
heart_intensity_Range_MYO_ED,157.1202749,127.7396709,22.09820405,36.66300401,2.05E-14,8.42E-14,-29.38060403,-18.69943523
heart_intensity_MeanAbsoluteDeviation_MYO_ED,14.30724344,12.92678913,0.91037709,1.850531531,1.56E-08,4.12E-08,-1.380454311,-9.648639283
heart_intensity_RobustMeanAbsoluteDeviation_MYO_ED,9.748666771,8.885460119,0.4715454,1.254867904,1.86E-05,3.38E-05,-0.863206652,-8.85461235
heart_intensity_RootMeanSquared_MYO_ED,69.79698656,54.03510524,13.54482818,17.97893446,1.27E-36,2.90E-35,-15.76188132,-22.5824668
heart_intensity_Skewness_MYO_ED,0.75055698,0.773159479,-0.151247972,0.106042974,0.729988545,0.749642083,0.022602499,3.01143013
heart_intensity_Kurtosis_MYO_ED,5.594010179,5.042993485,-0.091961996,1.193995385,0.092817263,0.107282291,-0.551016694,-9.850119624
heart_intensity_Variance_MYO_ED,360.7230048,286.9139469,50.39492987,97.22318586,1.50E-09,4.37E-09,-73.80905787,-20.46142244
heart_intensity_Uniformity_MYO_ED,0.3870144,0.415576772,-0.041664281,-0.015460464,2.27E-05,3.99E-05,0.028562373,7.380183509
heart_intensity_Energy_MYO_ES,14808813.85,7934494.838,5754249.008,7994389.025,3.80E-28,4.61E-27,-6874319.017,-46.42045666
heart_intensity_TotalEnergy_MYO_ES,499958733.1,285681883.7,176124379.3,252429319.5,1.60E-24,1.42E-23,-214276849.4,-42.85890719
heart_intensity_Entropy_MYO_ES,1.437759168,1.288727466,0.1042037,0.193859703,1.86E-10,5.85E-10,-0.149031701,-10.36555388
heart_intensity_Minimum_MYO_ES,19.27166084,12.69973763,5.070771078,8.073075344,2.05E-16,8.82E-16,-6.571923211,-34.10148852
heart_intensity_Percentile10_MYO_ES,53.0954082,35.65326828,15.10966013,19.7746197,1.64E-39,6.25E-38,-17.44213992,-32.85056186
heart_intensity_Percentile90_MYO_ES,90.34008103,68.3927346,19.13329959,24.76139328,2.83E-42,1.89E-40,-21.94734643,-24.29414074
heart_intensity_Maximum_MYO_ES,150.0431101,108.557478,35.35015289,47.62111135,4.51E-33,8.60E-32,-41.48563212,-27.6491417
heart_intensity_Mean_MYO_ES,71.0573912,50.32933546,18.22630985,23.22980164,2.04E-46,1.81E-44,-20.72805574,-29.17086512
heart_intensity_Median_MYO_ES,70.36079839,48.44306212,19.33697994,24.49849261,3.09E-48,8.26E-46,-21.91773627,-31.15049399
heart_intensity_InterquartileRange_MYO_ES,21.28726136,17.51553096,2.708613766,4.834847029,1.26E-11,4.36E-11,-3.771730398,-17.71825099
heart_intensity_Range_MYO_ES,130.7714495,95.85774243,29.27235005,40.55506401,9.82E-29,1.31E-27,-34.91370703,-26.69826417
heart_intensity_MeanAbsoluteDeviation_MYO_ES,12.24692024,10.4490935,1.301944024,2.293709456,4.98E-12,1.87E-11,-1.79782674,-14.67982729
heart_intensity_RobustMeanAbsoluteDeviation_MYO_ES,8.897342652,7.442101045,1.038252385,1.87223083,2.60E-11,8.90E-11,-1.455241607,-16.35591281
heart_intensity_RootMeanSquared_MYO_ES,72.79101893,52.12822266,18.17965172,23.14594083,1.07E-46,1.43E-44,-20.66279627,-28.38646385
heart_intensity_Skewness_MYO_ES,0.309864028,0.627471715,-0.428530865,-0.206684507,3.35E-08,8.36E-08,0.317607686,102.4990503
heart_intensity_Kurtosis_MYO_ES,4.524874194,4.151172133,-0.059302098,0.80670622,0.090540482,0.10510569,-0.373702061,-8.258838699
heart_intensity_Variance_MYO_ES,249.039131,179.6535007,50.08692244,88.68433825,1.02E-11,3.58E-11,-69.38563035,-27.86133652
heart_intensity_Uniformity_MYO_ES,0.435442382,0.484618505,-0.066123749,-0.032228498,2.28E-08,5.86E-08,0.049176123,11.29337095
heart_texture_Autocorrelation_glcm_MYO_ED,9.633451907,6.630734212,2.476292131,3.529143261,1.50E-25,1.38E-24,-3.002717696,-31.16969623
heart_texture_JointAverage_glcm_MYO_ED,3.039163943,2.501300762,0.445116111,0.630610251,2.21E-26,2.27E-25,-0.537863181,-17.697735
heart_texture_ClusterProminence_glcm_MYO_ED,12.08246113,8.907655319,0.160611666,6.188999953,0.039037535,0.047377372,-3.17480581,-26.27615165
heart_texture_ClusterShade_glcm_MYO_ED,0.99537711,0.866454806,-0.192727817,0.450572424,0.43113524,0.471775038,-0.128922304,-12.95210652
heart_texture_ClusterTendency_glcm_MYO_ED,1.488615936,1.256032517,0.146110176,0.319056661,2.05E-07,4.59E-07,-0.232583419,-15.62413873
heart_texture_Contrast_glcm_MYO_ED,0.833659454,0.688464807,0.095579235,0.194810059,1.80E-08,4.71E-08,-0.145194647,-17.41654174
heart_texture_Correlation_glcm_MYO_ED,0.275545315,0.278278739,-0.015060728,0.00959388,0.663150808,0.688954341,0.002733424,0.99200522
heart_texture_DifferenceAverage_glcm_MYO_ED,0.587440837,0.524413743,0.041827326,0.084226862,1.06E-08,2.84E-08,-0.063027094,-10.7290964
heart_texture_DifferenceEntropy_glcm_MYO_ED,1.345493025,1.257106451,0.061937887,0.114835262,1.57E-10,4.99E-10,-0.088386574,-6.569084539
heart_texture_DifferenceVariance_glcm_MYO_ED,0.46806849,0.398741997,0.043095418,0.095557569,3.22E-07,6.81E-07,-0.069326493,-14.81118566
heart_texture_JointEnergy_glcm_MYO_ED,0.197188392,0.227150985,-0.044681746,-0.01524344,7.49E-05,0.000125778,0.029962593,15.19490716
heart_texture_JointEntropy_glcm_MYO_ED,2.988674421,2.764777274,0.149149346,0.298644947,8.08E-09,2.20E-08,-0.223897146,-7.49152015
heart_texture_InformalMeasureofCorrelation1_glcm_MYO_ED,-0.06399313,-0.067081353,-0.000723725,0.006900169,0.112026425,0.127825023,-0.003088222,4.825865089
heart_texture_InformalMeasureofCorrelation2_glcm_MYO_ED,0.383152678,0.369242486,0.000989788,0.026830596,0.034917868,0.042571099,-0.013910192,-3.630456727
heart_texture_InverseDifferenceMoment_glcm_MYO_ED,0.730055011,0.753572013,-0.032074722,-0.014959283,1.12E-07,2.56E-07,0.023517002,3.221264391
heart_texture_InverseDifferenceMomentNormalized_glcm_MYO_ED,0.98426103,0.980288747,0.002543324,0.00540124,8.19E-08,1.93E-07,-0.003972282,-0.403580159
heart_texture_InverseDifference_glcm_MYO_ED,0.741410428,0.762132028,-0.028469994,-0.012973207,2.35E-07,5.19E-07,0.020721601,2.794889276
heart_texture_InverseDifferenceNormalized_glcm_MYO_ED,0.930568016,0.925617869,0.001745697,0.008154597,0.002543833,0.003556039,-0.004950147,-0.531948951
heart_texture_InverseVariance_glcm_MYO_ED,0.42188923,0.404912822,0.007082827,0.02686999,0.00081474,0.001182258,-0.016976408,-4.023901831
heart_texture_MaximumProbability_glcm_MYO_ED,0.342420771,0.386462287,-0.065481112,-0.022601921,6.42E-05,0.000109227,0.044041516,12.86181209
heart_texture_SumAverage_glcm_MYO_ED,6.078327905,5.002601553,0.890232218,1.261220486,2.21E-26,2.27E-25,-1.075726352,-17.69773479
heart_texture_SumEntropy_glcm_MYO_ED,2.198509428,2.065102306,0.087608183,0.17920606,1.98E-08,5.13E-08,-0.133407122,-6.068071388
heart_texture_SumofSquares_glcm_MYO_ED,0.580568845,0.486124337,0.061255323,0.127633692,4.17E-08,1.03E-07,-0.094444508,-16.2675811
heart_texture_Autocorrelation_glcm_MYO_ES,10.69497317,6.396543827,3.717379935,4.879478757,2.80E-38,7.49E-37,-4.298429346,-40.19111854
heart_texture_JointAverage_glcm_MYO_ES,3.196650648,2.451468953,0.646373473,0.843989917,3.58E-40,1.59E-38,-0.745181695,-23.31132729
heart_texture_ClusterProminence_glcm_MYO_ES,6.444910726,3.602755713,1.650984152,4.033325875,4.32E-06,8.37E-06,-2.842155013,-44.09921462
heart_texture_ClusterShade_glcm_MYO_ES,0.334040021,0.408138982,-0.249621068,0.101423145,0.406668326,0.448679517,0.074098961,22.18265977
heart_texture_ClusterTendency_glcm_MYO_ES,1.270248252,1.009790873,0.16599869,0.354916069,1.09E-07,2.51E-07,-0.260457379,-20.50444697
heart_texture_Contrast_glcm_MYO_ES,0.504815977,0.427632176,0.046841533,0.107526068,8.98E-07,1.84E-06,-0.077183801,-15.28949249
heart_texture_Correlation_glcm_MYO_ES,0.405987612,0.380490504,0.002750916,0.048243301,0.028113523,0.034913073,-0.025497108,-6.28026761
heart_texture_DifferenceAverage_glcm_MYO_ES,0.411662744,0.373389459,0.020070904,0.056475665,4.35E-05,7.49E-05,-0.038273285,-9.297242741
heart_texture_DifferenceEntropy_glcm_MYO_ES,1.09463814,1.02852226,0.039451478,0.092780282,1.56E-06,3.16E-06,-0.06611588,-6.039975915
heart_texture_DifferenceVariance_glcm_MYO_ES,0.317568464,0.275775506,0.027129184,0.056456732,4.37E-08,1.07E-07,-0.041792958,-13.16029846
heart_texture_JointEnergy_glcm_MYO_ES,0.25602216,0.300727839,-0.064280488,-0.025130869,9.40E-06,1.75E-05,0.044705678,17.46164413
heart_texture_JointEntropy_glcm_MYO_ES,2.532411642,2.315568533,0.135574932,0.298111286,2.49E-07,5.46E-07,-0.216843109,-8.562711741
heart_texture_InformalMeasureofCorrelation1_glcm_MYO_ES,-0.142022084,-0.124354658,-0.027997865,-0.007336987,0.000847324,0.001222895,0.017667426,-12.43991489
heart_texture_InformalMeasureofCorrelation2_glcm_MYO_ES,0.513410003,0.465669767,0.024370918,0.071109555,7.03E-05,0.000118875,-0.047740236,-9.298657211
heart_texture_InverseDifferenceMoment_glcm_MYO_ES,0.803309511,0.818704507,-0.02353245,-0.007257542,0.000227794,0.000359887,0.015394996,1.916446364
heart_texture_InverseDifferenceMomentNormalized_glcm_MYO_ES,0.986949996,0.981557481,0.004246318,0.006538711,1.21E-18,6.20E-18,-0.005392515,-0.546381766
heart_texture_InverseDifference_glcm_MYO_ES,0.808004863,0.821904445,-0.021603875,-0.006195289,0.000435175,0.00065645,0.013899582,1.720234961
heart_texture_InverseDifferenceNormalized_glcm_MYO_ES,0.943625115,0.935712955,0.004966997,0.010857323,2.08E-07,4.63E-07,-0.00791216,-0.838485521
heart_texture_InverseVariance_glcm_MYO_ES,0.344891473,0.329920493,0.002656992,0.027284969,0.017301551,0.021893431,-0.01497098,-4.34078009
heart_texture_MaximumProbability_glcm_MYO_ES,0.406391726,0.462508039,-0.080149592,-0.032083034,5.93E-06,1.13E-05,0.056116313,13.80842901
heart_texture_SumAverage_glcm_MYO_ES,6.393301325,4.902937849,1.292747031,1.687979921,3.58E-40,1.59E-38,-1.490363476,-23.31132853
heart_texture_SumEntropy_glcm_MYO_ES,2.005940785,1.847442403,0.098756622,0.218240142,2.91E-07,6.26E-07,-0.158498382,-7.901448689
heart_texture_SumofSquares_glcm_MYO_ES,0.443766056,0.359355757,0.055332445,0.113488152,2.41E-08,6.14E-08,-0.084410299,-19.02135095
heart_texture_SmallAreaEmphasis_glszm_MYO_ED,0.580604151,0.566873407,0.005355061,0.022106426,0.00137119,0.001957795,-0.013730743,-2.36490616
heart_texture_LargeAreaEmphasis_glszm_MYO_ED,17497.61038,20962.29531,-5423.417238,-1505.952624,0.000560573,0.000831517,3464.684931,19.80090341
heart_texture_GrayLevelNonUniformity_glszm_MYO_ED,35.83893016,37.58831438,-3.645168511,0.146400076,0.070415673,0.083190198,1.749384217,4.881240063
heart_texture_GrayLevelNonUniformityNormalized_glszm_MYO_ED,0.245637221,0.294994253,-0.059375836,-0.039338227,4.06E-20,2.41E-19,0.049357032,20.09346607
heart_texture_SizeZoneNonUniformity_glszm_MYO_ED,35.83893016,37.58831438,-3.645168511,0.146400076,0.070415673,0.083190198,1.749384217,4.881240063
heart_texture_SizeZoneNonUniformityNormalized_glszm_MYO_ED,0.319844022,0.306138572,0.005330394,0.022080504,0.001398221,0.001985771,-0.013705449,-4.285041546
heart_texture_ZonePercentage_glszm_MYO_ED,0.059261496,0.050177369,0.005726075,0.012442178,1.89E-07,4.29E-07,-0.009084126,-15.32888479
heart_texture_GrayLevelVariance_glszm_MYO_ED,2.145318943,1.588942329,0.435221999,0.677531229,6.67E-18,3.18E-17,-0.556376614,-25.93444746
heart_texture_ZoneVariance_glszm_MYO_ED,17109.4967,20491.2601,-5302.581852,-1460.944951,0.00059447,0.000876925,3381.763401,19.76541719
heart_texture_ZoneEntropy_glszm_MYO_ED,4.404265386,4.193392665,0.157959561,0.26378588,4.29E-14,1.73E-13,-0.21087272,-4.787920388
heart_texture_LowGrayLevelZoneEmphasis_glszm_MYO_ED,0.186696056,0.256404658,-0.084070271,-0.055346934,1.28E-19,7.13E-19,0.069708603,37.33801572
heart_texture_HighGrayLevelZoneEmphasis_glszm_MYO_ED,15.8425372,11.16983287,3.897573203,5.447835463,2.18E-27,2.43E-26,-4.672704333,-29.49467167
heart_texture_SmallAreaLowGrayLevelEmphasis_glszm_MYO_ED,0.106327017,0.144795813,-0.047148989,-0.029788604,7.29E-17,3.30E-16,0.038468797,36.17970077
heart_texture_SmallAreaHighGrayLevelEmphasis_glszm_MYO_ED,10.00602838,6.637498472,2.787462822,3.949596998,1.16E-25,1.11E-24,-3.36852991,-33.66500455
heart_texture_LargeAreaLowGrayLevelEmphasis_glszm_MYO_ED,2340.962773,5167.020987,-3824.99974,-1827.116686,6.96E-08,1.66E-07,2826.058213,120.7220484
heart_texture_LargeAreaHighGrayLevelEmphasis_glszm_MYO_ED,165665.976,129479.0232,16608.60475,55765.30089,0.000316724,0.000486007,-36186.95282,-21.84332215
heart_texture_SmallAreaEmphasis_glszm_MYO_ES,0.583876443,0.579681057,-0.006659002,0.015049775,0.447823187,0.486051995,-0.004195387,-0.718540182
heart_texture_LargeAreaEmphasis_glszm_MYO_ES,40892.00181,54794.07404,-19129.08622,-8675.058231,2.93E-07,6.26E-07,13902.07222,33.99704492
heart_texture_GrayLevelNonUniformity_glszm_MYO_ES,19.33973183,21.82424779,-3.760304572,-1.208727357,0.000150276,0.000246158,2.484515964,12.84669295
heart_texture_GrayLevelNonUniformityNormalized_glszm_MYO_ES,0.256911708,0.323455956,-0.078765013,-0.054323483,1.18E-23,8.51E-23,0.066544248,25.90160217
heart_texture_SizeZoneNonUniformity_glszm_MYO_ES,19.33973183,21.82424779,-3.760304572,-1.208727357,0.000150276,0.000246158,2.484515964,12.84669295
heart_texture_SizeZoneNonUniformityNormalized_glszm_MYO_ES,0.327714711,0.323356173,-0.006446693,0.01516377,0.428286087,0.470585948,-0.004358538,-1.329979437
heart_texture_ZonePercentage_glszm_MYO_ES,0.030167829,0.025342418,0.003082429,0.006568394,9.71E-08,2.25E-07,-0.004825412,-15.99522304
heart_texture_GrayLevelVariance_glszm_MYO_ES,1.894504499,1.326151351,0.457794246,0.678912051,6.31E-21,4.11E-20,-0.568353148,-30.00009494
heart_texture_ZoneVariance_glszm_MYO_ES,39434.24417,52809.2426,-18403.02696,-8346.969888,2.92E-07,6.26E-07,13374.99842,33.91721765
heart_texture_ZoneEntropy_glszm_MYO_ES,4.094976147,3.815970102,0.219029706,0.338982383,2.82E-18,1.39E-17,-0.279006044,-6.813374107
heart_texture_LowGrayLevelZoneEmphasis_glszm_MYO_ES,0.209569705,0.324533123,-0.13586451,-0.094062326,4.03E-24,3.16E-23,0.114963418,54.85688793
heart_texture_HighGrayLevelZoneEmphasis_glszm_MYO_ES,13.4114163,8.697441874,3.91741287,5.510535986,9.19E-26,9.09E-25,-4.713974428,-35.14896803
heart_texture_SmallAreaLowGrayLevelEmphasis_glszm_MYO_ES,0.121767106,0.190311168,-0.081099888,-0.055988236,8.10E-24,6.18E-23,0.068544062,56.29111517
heart_texture_SmallAreaHighGrayLevelEmphasis_glszm_MYO_ES,8.319742122,5.157873256,2.610475092,3.713262639,1.91E-24,1.60E-23,-3.161868866,-38.0044095
heart_texture_LargeAreaLowGrayLevelEmphasis_glszm_MYO_ES,5026.59347,14889.42594,-13937.68949,-5787.97545,3.37E-06,6.67E-06,9862.832471,196.2130522
heart_texture_LargeAreaHighGrayLevelEmphasis_glszm_MYO_ES,431268.6857,313352.5372,76084.53028,159747.7666,5.79E-08,1.39E-07,-117916.1484,-27.34169031
heart_texture_ShortRunEmphasis_glrlm_MYO_ED,0.775633081,0.756555142,0.01103852,0.027117356,4.17E-06,8.13E-06,-0.019077938,-2.459660232
heart_texture_LongRunEmphasis_glrlm_MYO_ED,3.212949892,3.621174955,-0.582621806,-0.233828322,5.71E-06,1.10E-05,0.408225064,12.70561563
heart_texture_GrayLevelNonUniformity_glrlm_MYO_ED,626.1682743,648.592452,-49.35251669,4.504161251,0.102408786,0.117858387,22.42417772,3.581174365
heart_texture_GrayLevelNonUniformityNormalized_glrlm_MYO_ED,0.342490942,0.36414078,-0.030014838,-0.013284839,5.52E-07,1.15E-06,0.021649838,6.321287852
heart_texture_RunLengthNonUniformity_glrlm_MYO_ED,1056.518724,1002.248572,14.89850775,93.64179652,0.007019988,0.009233186,-54.27015213,-5.136695725
heart_texture_RunLengthNonUniformityNormalized_glrlm_MYO_ED,0.571438251,0.545733684,0.01407693,0.037332202,1.75E-05,3.20E-05,-0.025704566,-4.498222907
heart_texture_RunPercentage_glrlm_MYO_ED,0.701925999,0.68022777,0.011333354,0.032063103,4.67E-05,7.99E-05,-0.021698228,-3.091241595
heart_texture_GrayLevelVariance_glrlm_MYO_ED,0.803439782,0.675860087,0.086029451,0.169129939,3.74E-09,1.05E-08,-0.127579695,-15.87918571
heart_texture_RunVariance_glrlm_MYO_ED,0.983315137,1.170946995,-0.269532792,-0.105730924,8.84E-06,1.66E-05,0.187631858,19.08155905
heart_texture_RunEntropy_glrlm_MYO_ED,2.95468037,2.914566432,0.014529287,0.06569859,0.002193096,0.003081877,-0.040113938,-1.357640527
heart_texture_LowGrayLevelRunEmphasis_glrlm_MYO_ED,0.154152411,0.251190297,-0.115994884,-0.078080888,1.01E-20,6.41E-20,0.097037886,62.94931469
heart_texture_HighGrayLevelRunEmphasis_glrlm_MYO_ED,10.75918112,7.564092488,2.675551342,3.71462593,7.55E-29,1.06E-27,-3.195088636,-29.69639231
heart_texture_ShortRunLowGrayLevelEmphasis_glrlm_MYO_ED,0.121723478,0.189886116,-0.081616089,-0.054709188,1.35E-20,8.41E-20,0.068162639,55.99793901
heart_texture_ShortRunHighGrayLevelEmphasis_glrlm_MYO_ED,8.590789123,5.969256452,2.21231442,3.030750922,9.57E-31,1.50E-29,-2.621532671,-30.51562125
heart_texture_LongRunLowGrayLevelEmphasis_glrlm_MYO_ED,0.465626022,0.935416847,-0.605232704,-0.334348945,7.56E-11,2.46E-10,0.469790824,100.8944522
heart_texture_LongRunHighGrayLevelEmphasis_glrlm_MYO_ED,32.1884627,23.91599975,5.96626533,10.57866056,8.51E-12,3.03E-11,-8.272462944,-25.70008708
heart_texture_ShortRunEmphasis_glrlm_MYO_ES,0.655072458,0.640356388,0.00411054,0.025321599,0.006650744,0.008790834,-0.01471607,-2.246479671
heart_texture_LongRunEmphasis_glrlm_MYO_ES,6.381588681,7.226268891,-1.307576541,-0.38178388,0.000378386,0.000574028,0.84468021,13.23620578
heart_texture_GrayLevelNonUniformity_glrlm_MYO_ES,566.6070616,615.4749508,-71.07142808,-26.66435026,1.90E-05,3.43E-05,48.86788917,8.624652335
heart_texture_GrayLevelNonUniformityNormalized_glrlm_MYO_ES,0.381385233,0.415581133,-0.045464729,-0.022927072,5.29E-09,1.47E-08,0.0341959,8.966236078
heart_texture_RunLengthNonUniformity_glrlm_MYO_ES,652.617529,633.6496598,-14.48380126,52.41953957,0.265644344,0.295529333,-18.96786915,-2.906429618
heart_texture_RunLengthNonUniformityNormalized_glrlm_MYO_ES,0.417620659,0.400238309,0.005409053,0.029355648,0.004538017,0.00618189,-0.01738235,-4.162234265
heart_texture_RunPercentage_glrlm_MYO_ES,0.570154177,0.548942911,0.009395005,0.033027526,0.00046441,0.000692724,-0.021211265,-3.720268366
heart_texture_GrayLevelVariance_glrlm_MYO_ES,0.613567216,0.489060747,0.088976673,0.160036265,3.06E-11,1.02E-10,-0.124506469,-20.29222973
heart_texture_RunVariance_glrlm_MYO_ES,2.47462484,2.86881144,-0.594754242,-0.193618957,0.000130564,0.000216526,0.394186599,15.92914583
heart_texture_RunEntropy_glrlm_MYO_ES,3.236354466,3.176775019,0.022841074,0.096317821,0.001546099,0.002184172,-0.059579447,-1.8409432
heart_texture_LowGrayLevelRunEmphasis_glrlm_MYO_ES,0.138638516,0.256147154,-0.138622893,-0.096394383,1.36E-23,9.59E-23,0.117508638,84.75901343
heart_texture_HighGrayLevelRunEmphasis_glrlm_MYO_ES,11.03569009,6.854427571,3.602602761,4.759922285,1.30E-36,2.90E-35,-4.181262523,-37.88854605
heart_texture_ShortRunLowGrayLevelEmphasis_glrlm_MYO_ES,0.095292222,0.167834398,-0.085570066,-0.059514285,9.20E-24,6.83E-23,0.072542176,76.12601957
heart_texture_ShortRunHighGrayLevelEmphasis_glrlm_MYO_ES,7.290631265,4.543025715,2.34319308,3.152018021,5.45E-33,9.70E-32,-2.747605551,-37.686799
heart_texture_LongRunLowGrayLevelEmphasis_glrlm_MYO_ES,0.799033093,1.861517582,-1.413620071,-0.711348906,9.29E-09,2.51E-08,1.062484489,132.9712746
heart_texture_LongRunHighGrayLevelEmphasis_glrlm_MYO_ES,69.71271476,44.34614184,20.23105288,30.50209296,7.05E-20,4.00E-19,-25.36657292,-36.38729751
heart_texture_Coarseness_ngtdm_MYO_ED,0.002788559,0.002868986,-0.000205072,4.42E-05,0.205366477,0.230390124,8.04E-05,2.884186282
heart_texture_Contrast_ngtdm_MYO_ED,0.016202461,0.019507655,-0.005061204,-0.001549184,0.000245261,0.000382951,0.003305194,20.39933214
heart_texture_Busyness_ngtdm_MYO_ED,14.9922536,26.40644611,-14.48796294,-8.340422078,3.40E-12,1.32E-11,11.41419251,76.13393432
heart_texture_Complexity_ngtdm_MYO_ED,13.00443064,8.530932119,3.069991434,5.877005603,9.32E-10,2.80E-09,-4.473498519,-34.39980298
heart_texture_Strength_ngtdm_MYO_ED,0.087790417,0.065208536,0.007298585,0.037865179,0.003882885,0.005343971,-0.022581882,-25.72249033
heart_texture_Coarseness_ngtdm_MYO_ES,0.003233922,0.003264275,-0.000245054,0.00018435,0.781078918,0.795985005,3.04E-05,0.938562182
heart_texture_Contrast_ngtdm_MYO_ES,0.011963941,0.015779384,-0.005143254,-0.002487633,3.03E-08,7.62E-08,0.003815443,31.89119181
heart_texture_Busyness_ngtdm_MYO_ES,14.82126936,29.79329888,-17.36996429,-12.57409475,1.23E-28,1.56E-27,14.97202952,101.0171879
heart_texture_Complexity_ngtdm_MYO_ES,6.970140243,3.49569037,2.809383164,4.139516581,1.71E-21,1.14E-20,-3.474449873,-49.84763221
heart_texture_Strength_ngtdm_MYO_ES,0.065437562,0.032469452,0.025580002,0.040356219,7.02E-17,3.23E-16,-0.03296811,-50.38101892
heart_texture_SmallDependenceEmphasis_gldm_MYO_ED,0.06917232,0.059990036,0.006137232,0.012227336,7.27E-09,2.00E-08,-0.009182284,-13.2745069
heart_texture_LargeDependenceEmphasis_gldm_MYO_ED,102.6340648,115.1208236,-18.82983528,-6.143682392,0.000126543,0.000211168,12.48675883,12.16629085
heart_texture_GrayLevelNonUniformity_gldm_MYO_ED,1025.101268,1096.620739,-131.9673513,-11.0715923,0.020513906,0.025594453,71.5194718,6.976820151
heart_texture_DependenceNonUniformity_gldm_MYO_ED,159.0141596,151.9269528,1.220615918,12.95379762,0.018019226,0.022694025,-7.087206771,-4.456965839
heart_texture_DependenceNonUniformityNormalized_gldm_MYO_ED,0.062421894,0.058486313,0.001809199,0.006061964,0.000310993,0.000479971,-0.003935581,-6.304809237
heart_texture_GrayLevelVariance_gldm_MYO_ED,0.677263948,0.568063538,0.070757505,0.147643313,4.43E-08,1.08E-07,-0.109200409,-16.12375936
heart_texture_DependenceVariance_gldm_MYO_ED,24.02642874,26.50588034,-3.923661464,-1.03524172,0.000808323,0.001179357,2.479451592,10.31968429
heart_texture_DependenceEntropy_gldm_MYO_ED,5.473981984,5.465677414,-0.024336458,0.040945599,0.617254665,0.646301943,-0.00830457,-0.151709855
heart_texture_LowGrayLevelEmphasis_gldm_MYO_ED,0.151638161,0.249693317,-0.118279995,-0.077830317,6.38E-19,3.41E-18,0.098055156,64.66390466
heart_texture_HighGrayLevelEmphasis_gldm_MYO_ED,10.38967188,7.221469481,2.643840201,3.692564598,4.43E-28,5.14E-27,-3.168202399,-30.49376762
heart_texture_SmallDependenceLowGrayLevelEmphasis_gldm_MYO_ED,0.011874927,0.015210819,-0.004391514,-0.002280271,1.28E-09,3.74E-09,0.003335892,28.09189832
heart_texture_SmallDependenceHighGrayLevelEmphasis_gldm_MYO_ED,1.030059264,0.605276821,0.338377094,0.511187792,3.84E-19,2.09E-18,-0.424782443,-41.23864109
heart_texture_LargeDependenceLowGrayLevelEmphasis_gldm_MYO_ED,14.32329208,28.79186708,-18.20647651,-10.73067349,5.79E-13,2.28E-12,14.468575,101.0143123
heart_texture_LargeDependenceHighGrayLevelEmphasis_gldm_MYO_ED,976.9647438,710.4885085,180.5175688,352.4349018,2.80E-09,7.95E-09,-266.4762353,-27.2759316
heart_texture_SmallDependenceEmphasis_gldm_MYO_ES,0.037315038,0.032626472,0.003002229,0.006374903,8.53E-08,2.00E-07,-0.004688566,-12.56481583
heart_texture_LargeDependenceEmphasis_gldm_MYO_ES,184.4741171,199.9775622,-24.31647617,-6.690414175,0.000600521,0.000880984,15.50344517,8.404130304
heart_texture_GrayLevelNonUniformity_gldm_MYO_ES,1151.131691,1317.848809,-232.1208632,-101.3133709,8.10E-07,1.68E-06,166.717117,14.4828883
heart_texture_DependenceNonUniformity_gldm_MYO_ES,129.0359642,130.1581027,-6.258866116,4.014589095,0.667837367,0.691134019,1.12213851,0.869632367
heart_texture_DependenceNonUniformityNormalized_gldm_MYO_ES,0.049305187,0.047874782,0.000361642,0.002499169,0.008841014,0.011458984,-0.001430405,-2.901125222
heart_texture_GrayLevelVariance_gldm_MYO_ES,0.492558568,0.387485136,0.073298653,0.136848211,2.78E-10,8.53E-10,-0.105073432,-21.33217016
heart_texture_DependenceVariance_gldm_MYO_ES,33.61308287,35.51405897,-3.230012467,-0.571939729,0.005162801,0.006926974,1.900976098,5.655464883
heart_texture_DependenceEntropy_gldm_MYO_ES,5.650662707,5.551442276,0.053850324,0.144590538,2.15E-05,3.80E-05,-0.099220431,-1.755907871
heart_texture_LowGrayLevelEmphasis_gldm_MYO_ES,0.132754628,0.249543965,-0.138679808,-0.094898865,4.72E-22,3.23E-21,0.116789337,87.97383429
heart_texture_HighGrayLevelEmphasis_gldm_MYO_ES,10.91877232,6.618648092,3.722825297,4.877423155,1.11E-38,3.30E-37,-4.300124226,-39.3828546
heart_texture_SmallDependenceLowGrayLevelEmphasis_gldm_MYO_ES,0.006748875,0.009743415,-0.00371386,-0.002275219,3.53E-15,1.47E-14,0.002994539,44.37093668
heart_texture_SmallDependenceHighGrayLevelEmphasis_gldm_MYO_ES,0.488568262,0.265264305,0.177377371,0.269230543,1.19E-18,6.20E-18,-0.223303957,-45.7057845
heart_texture_LargeDependenceLowGrayLevelEmphasis_gldm_MYO_ES,22.41111371,48.77701935,-32.27838168,-20.45342961,1.87E-16,8.20E-16,26.36590564,117.6465659
heart_texture_LargeDependenceHighGrayLevelEmphasis_gldm_MYO_ES,2005.172658,1225.525423,640.2603174,919.034153,2.46E-24,1.99E-23,-779.6472352,-38.88180063
heart_cmr_LVEDV_i,83.84603265,74.62521519,6.568448533,11.87318639,2.97E-11,1.00E-10,-9.220817461,-10.99732112
heart_cmr_LVESV_i,35.26742418,30.25067185,3.473176849,6.560327824,4.49E-10,1.36E-09,-5.016752336,-14.22489011
heart_cmr_LVSV_i,48.57860808,44.37454277,2.545403761,5.862726871,9.25E-07,1.89E-06,-4.204065316,-8.654149391
heart_cmr_LVM_i,47.19556002,48.63231794,-3.003695757,0.130179905,0.072209297,0.084560887,1.436757926,3.044265023
heart_cmr_LVEF,58.07302835,59.69757225,-2.758567677,-0.490520121,0.005096657,0.006872765,1.624543899,2.797415505
brain_bio.volume_of_peripheral_cortical_grey_matter.0.imaging,481262.6555,472367.8278,-38.0237215,17827.67922,0.050978659,0.080875918,-8894.827751,-1.848227293
brain_bio.volume_of_ventricular_cerebrospinal_fluid.0.imaging,36920.76842,44098.29378,-10506.97354,-3848.07718,2.83E-05,0.00019292,7177.525359,19.44034663
brain_bio.volume_of_grey_matter.0.imaging,617342.311,601506.067,5093.712744,26578.77529,0.003957356,0.009375533,-15836.24402,-2.565229005
brain_bio.volume_of_white_matter.0.imaging,553951.6172,560892.4976,-18824.6427,4942.88193,0.251590752,0.324299962,6940.880383,1.252975922
brain_bio.volume_of_brain._grey.white_matter.0.imaging,1171294.211,1162398.593,-12656.48821,30447.72266,0.417634972,0.481535405,-8895.617225,-0.759469068
brain_bio.volume_of_thalamus_.left..0.imaging,7855.732057,7623.497608,85.41416043,379.0547391,0.002005236,0.005328279,-232.2344498,-2.956241991
brain_bio.volume_of_thalamus_.right..0.imaging,7646.870813,7451.019139,56.13031037,335.5730389,0.006121504,0.013454555,-195.8516746,-2.561200253
brain_bio.volume_of_caudate_.left..0.imaging,3347.956938,3397.253589,-126.9672552,28.37395379,0.212880654,0.282502,49.29665072,1.472439808
brain_bio.volume_of_caudate_.right..0.imaging,3551.100478,3573.172249,-105.033189,60.88964833,0.601273832,0.667730414,22.07177033,0.621547334
brain_bio.volume_of_putamen_.left..0.imaging,4830.971292,4689.244019,24.7417332,258.7128123,0.017696074,0.03164298,-141.7272727,-2.933722106
brain_bio.volume_of_pallidum_.left..0.imaging,1771.732057,1751.92823,-31.30702972,70.91468523,0.446629777,0.506660662,-19.80382775,-1.117766519
brain_bio.volume_of_pallidum_.right..0.imaging,1836.473684,1780.660287,7.871330705,103.7554636,0.022614291,0.038480769,-55.81339713,-3.03916128
brain_bio.volume_of_hippocampus_.left..0.imaging,3802.133971,3726.401914,-24.47468821,175.938803,0.138137768,0.189266682,-75.73205742,-1.991830324
brain_bio.volume_of_hippocampus_.right..0.imaging,3969.856459,3836.736842,29.38009012,236.8591443,0.012028403,0.022864802,-133.1196172,-3.353260215
brain_bio.volume_of_amygdala_.left..0.imaging,1299.325359,1251.69378,-1.759485271,97.02264317,0.058697799,0.087838551,-47.63157895,-3.665870032
brain_bio.volume_of_amygdala_.right..0.imaging,1264.181818,1243.052632,-31.7831497,74.0415229,0.4329324,0.496460524,-21.1291866,-1.671372448
brain_bio.volume_of_accumbens_.left..0.imaging,515.492823,464.0861244,27.86051032,74.95288681,2.21E-05,0.000160863,-51.40669856,-9.972340307
brain_bio.volume_of_accumbens_.right..0.imaging,395.5885167,364.7799043,9.589961892,52.02726299,0.00453186,0.010393723,-30.80861244,-7.788045187
brain_bio.volume_of_brain_stem_._4th_ventricle.0.imaging,23511.44976,22829.311,155.5419679,1208.735544,0.011247178,0.021772061,-682.138756,-2.901304526
brain_bio.weighted.mean_fa_in_tract_acoustic_radiation_.left..0.imaging,0.419991847,0.421156656,-0.005262824,0.002933207,0.576650194,0.643773497,0.001164809,0.277340768
brain_bio.weighted.mean_fa_in_tract_acoustic_radiation_.right..0.imaging,0.413352957,0.417478373,-0.008361144,0.000110311,0.056242941,0.086462196,0.004125416,0.998037198
brain_bio.weighted.mean_fa_in_tract_anterior_thalamic_radiation_.left..0.imaging,0.401004919,0.393672622,0.003723477,0.010941116,7.70E-05,0.00038667,-0.007332297,-1.828480477
brain_bio.weighted.mean_fa_in_tract_anterior_thalamic_radiation_.right..0.imaging,0.392910847,0.388308014,0.001025795,0.00817987,0.01179532,0.022625569,-0.004602833,-1.171469959
brain_bio.weighted.mean_fa_in_tract_cingulate_gyrus_part_of_cingulum_.left..0.imaging,0.535812665,0.532381273,-0.003200719,0.010063503,0.309732142,0.382248447,-0.003431392,-0.640408965
brain_bio.weighted.mean_fa_in_tract_cingulate_gyrus_part_of_cingulum_.right..0.imaging,0.49730856,0.493417751,-0.002387249,0.010168866,0.223827241,0.293338807,-0.003890809,-0.782373144
brain_bio.weighted.mean_fa_in_tract_corticospinal_tract_.left..0.imaging,0.546486402,0.547303416,-0.005159453,0.003525424,0.711689451,0.758416536,0.000817014,0.149503144
brain_bio.weighted.mean_fa_in_tract_corticospinal_tract_.right..0.imaging,0.539901632,0.543596675,-0.008025966,0.000635879,0.094278899,0.131740714,0.003695043,0.684391905
brain_bio.weighted.mean_fa_in_tract_forceps_major.0.imaging,0.581964995,0.579515962,-0.002753822,0.007651889,0.355364103,0.428467576,-0.002449033,-0.420821443
brain_bio.weighted.mean_fa_in_tract_forceps_minor.0.imaging,0.464954469,0.458458306,0.002297675,0.01069465,0.002503684,0.006289017,-0.006496163,-1.397161037
brain_bio.weighted.mean_fa_in_tract_inferior_fronto.occipital_fasciculus_.right..0.imaging,0.465048828,0.461333024,-0.000250842,0.00768245,0.066277819,0.096445654,-0.003715804,-0.799013696
brain_bio.weighted.mean_fa_in_tract_inferior_longitudinal_fasciculus_.left..0.imaging,0.459894995,0.454435459,0.001491521,0.009427551,0.007120503,0.015085793,-0.005459536,-1.187126614
brain_bio.weighted.mean_fa_in_tract_inferior_longitudinal_fasciculus_.right..0.imaging,0.451302852,0.447713177,-0.000166434,0.007345784,0.061000041,0.090640905,-0.003589675,-0.795402606
brain_bio.weighted.mean_fa_in_tract_posterior_thalamic_radiation_.left..0.imaging,0.458040871,0.450137239,0.003751584,0.01205568,0.000208473,0.000814588,-0.007903632,-1.725529769
brain_bio.weighted.mean_fa_in_tract_posterior_thalamic_radiation_.right..0.imaging,0.455746077,0.448857172,0.002870357,0.010907451,0.000822787,0.002591166,-0.006888904,-1.511566344
brain_bio.weighted.mean_fa_in_tract_superior_longitudinal_fasciculus_.left..0.imaging,0.443008813,0.435488311,0.003367133,0.011673872,0.000414978,0.001509663,-0.007520502,-1.697596564
brain_bio.weighted.mean_fa_in_tract_superior_longitudinal_fasciculus_.right..0.imaging,0.425821263,0.420286684,0.001601838,0.00946732,0.005921932,0.013152922,-0.005534579,-1.299742269
brain_bio.weighted.mean_fa_in_tract_superior_thalamic_radiation_.left..0.imaging,0.423377273,0.423064813,-0.003244634,0.003869552,0.862995963,0.871254298,-0.000312459,-0.07380163
brain_bio.weighted.mean_fa_in_tract_superior_thalamic_radiation_.right..0.imaging,0.423360148,0.422940565,-0.003343265,0.004182432,0.826611316,0.846674697,-0.000419584,-0.09910799
brain_bio.weighted.mean_fa_in_tract_uncinate_fasciculus_.left..0.imaging,0.388448426,0.385885885,-0.002185785,0.007310866,0.289382,0.364456762,-0.002562541,-0.659686203
brain_bio.weighted.mean_fa_in_tract_uncinate_fasciculus_.right..0.imaging,0.390515378,0.386597598,-0.000206863,0.008042423,0.062590612,0.091712632,-0.00391778,-1.003233195
brain_bio.weighted.mean_md_in_tract_acoustic_radiation_.left..0.imaging,0.000783939,0.000791102,-1.47E-05,3.45E-07,0.061432735,0.090645503,7.16E-06,0.913641154
brain_bio.weighted.mean_md_in_tract_acoustic_radiation_.right..0.imaging,0.000790025,0.000789283,-6.43E-06,7.91E-06,0.838957732,0.855169476,-7.42E-07,-0.093893273
brain_bio.weighted.mean_md_in_tract_anterior_thalamic_radiation_.left..0.imaging,0.00078227,0.000801227,-2.64E-05,-1.15E-05,7.88E-07,2.67E-05,1.90E-05,2.423371658
brain_bio.weighted.mean_md_in_tract_anterior_thalamic_radiation_.right..0.imaging,0.00078152,0.000798535,-2.37E-05,-1.03E-05,1.01E-06,2.67E-05,1.70E-05,2.177161035
brain_bio.weighted.mean_md_in_tract_cingulate_gyrus_part_of_cingulum_.left..0.imaging,0.000755238,0.000762318,-1.27E-05,-1.42E-06,0.014359838,0.026813502,7.08E-06,0.937564185
brain_bio.weighted.mean_md_in_tract_corticospinal_tract_.left..0.imaging,0.000774863,0.000781827,-1.15E-05,-2.48E-06,0.002438234,0.006198401,6.96E-06,0.898756158
brain_bio.weighted.mean_md_in_tract_corticospinal_tract_.right..0.imaging,0.000777466,0.000784665,-1.18E-05,-2.57E-06,0.002401797,0.006180233,7.20E-06,0.925965849
brain_bio.weighted.mean_md_in_tract_forceps_major.0.imaging,0.000904778,0.000906632,-1.23E-05,8.59E-06,0.727296147,0.766864401,1.85E-06,0.204879808
brain_bio.weighted.mean_md_in_tract_forceps_minor.0.imaging,0.000832283,0.000843016,-1.79E-05,-3.55E-06,0.003489038,0.008461919,1.07E-05,1.289601394
brain_bio.weighted.mean_md_in_tract_inferior_fronto.occipital_fasciculus_.left..0.imaging,0.000805762,0.000819041,-1.94E-05,-7.20E-06,2.19E-05,0.000160863,1.33E-05,1.647938918
brain_bio.weighted.mean_md_in_tract_inferior_fronto.occipital_fasciculus_.right..0.imaging,0.000815126,0.000827504,-1.87E-05,-6.05E-06,0.000138874,0.000585644,1.24E-05,1.518550662
brain_bio.weighted.mean_md_in_tract_inferior_longitudinal_fasciculus_.left..0.imaging,0.000813977,0.000827992,-2.04E-05,-7.68E-06,1.75E-05,0.000141922,1.40E-05,1.721724136
brain_bio.weighted.mean_md_in_tract_inferior_longitudinal_fasciculus_.right..0.imaging,0.000823147,0.000835669,-1.87E-05,-6.30E-06,9.06E-05,0.000419671,1.25E-05,1.521182914
brain_bio.weighted.mean_md_in_tract_posterior_thalamic_radiation_.left..0.imaging,0.000845152,0.000867044,-3.13E-05,-1.25E-05,6.76E-06,8.39E-05,2.19E-05,2.590295495
brain_bio.weighted.mean_md_in_tract_posterior_thalamic_radiation_.right..0.imaging,0.000843656,0.000865651,-3.08E-05,-1.32E-05,1.45E-06,3.29E-05,2.20E-05,2.60712515
brain_bio.weighted.mean_md_in_tract_superior_longitudinal_fasciculus_.left..0.imaging,0.000739166,0.000753683,-2.09E-05,-8.11E-06,1.08E-05,0.000111516,1.45E-05,1.963995959
brain_bio.weighted.mean_md_in_tract_superior_longitudinal_fasciculus_.right..0.imaging,0.000748518,0.000762141,-1.98E-05,-7.48E-06,1.68E-05,0.000141836,1.36E-05,1.820062443
brain_bio.weighted.mean_md_in_tract_superior_thalamic_radiation_.left..0.imaging,0.000755045,0.000769187,-2.00E-05,-8.29E-06,2.78E-06,4.50E-05,1.41E-05,1.872958102
brain_bio.weighted.mean_md_in_tract_superior_thalamic_radiation_.right..0.imaging,0.000750769,0.000763853,-1.91E-05,-7.02E-06,2.74E-05,0.00019292,1.31E-05,1.742690892
brain_bio.weighted.mean_md_in_tract_uncinate_fasciculus_.right..0.imaging,0.000802301,0.000811672,-1.57E-05,-3.01E-06,0.003999043,0.009375533,9.37E-06,1.168112602
brain_bio.weighted.mean_mo_in_tract_acoustic_radiation_.left..0.imaging,0.355575842,0.377684833,-0.034719977,-0.009498004,0.000626512,0.002098318,0.02210899,6.217798796
brain_bio.weighted.mean_mo_in_tract_acoustic_radiation_.right..0.imaging,0.333918612,0.344164512,-0.022885904,0.002394105,0.111833803,0.155242977,0.0102459,3.068382276
brain_bio.weighted.mean_mo_in_tract_anterior_thalamic_radiation_.left..0.imaging,0.416184766,0.402809445,0.005019921,0.02173072,0.001770195,0.004788604,-0.013375321,-3.213793892
brain_bio.weighted.mean_mo_in_tract_anterior_thalamic_radiation_.right..0.imaging,0.422098316,0.410032301,0.003902851,0.020229177,0.003864244,0.009265402,-0.012066014,-2.858579128
brain_bio.weighted.mean_mo_in_tract_cingulate_gyrus_part_of_cingulum_.left..0.imaging,0.641605196,0.630698589,-0.001238325,0.02305154,0.078253559,0.110815442,-0.010906608,-1.69989391
brain_bio.weighted.mean_mo_in_tract_cingulate_gyrus_part_of_cingulum_.right..0.imaging,0.566720043,0.552788545,0.000538917,0.027324079,0.041506017,0.067367458,-0.013931498,-2.458268025
brain_bio.weighted.mean_mo_in_tract_corticospinal_tract_.left..0.imaging,0.632562129,0.637399598,-0.013575684,0.003900746,0.277135448,0.354397452,0.004837469,0.764742098
brain_bio.weighted.mean_mo_in_tract_corticospinal_tract_.right..0.imaging,0.636982091,0.643032914,-0.014691734,0.002590088,0.16940847,0.229135816,0.006050823,0.949920422
brain_bio.weighted.mean_mo_in_tract_forceps_major.0.imaging,0.728840641,0.728901426,-0.006829049,0.006707479,0.985923577,0.985923577,6.08E-05,0.008339915
brain_bio.weighted.mean_mo_in_tract_forceps_minor.0.imaging,0.495865397,0.485224909,0.003373418,0.017907558,0.004207196,0.009755146,-0.010640488,-2.145842017
brain_bio.weighted.mean_mo_in_tract_inferior_fronto.occipital_fasciculus_.left..0.imaging,0.543889359,0.534996234,0.001625797,0.016160451,0.016589509,0.029917832,-0.008893124,-1.635098069
brain_bio.weighted.mean_mo_in_tract_inferior_fronto.occipital_fasciculus_.right..0.imaging,0.536504244,0.538720239,-0.008745766,0.004313776,0.505083674,0.569907247,0.002215995,0.413043371
brain_bio.weighted.mean_mo_in_tract_inferior_longitudinal_fasciculus_.left..0.imaging,0.49806278,0.494291751,-0.00309533,0.010637387,0.280962908,0.357127552,-0.003771029,-0.757139232
brain_bio.weighted.mean_mo_in_tract_inferior_longitudinal_fasciculus_.right..0.imaging,0.481491445,0.480887359,-0.00569341,0.006901582,0.850528217,0.862795451,-0.000604086,-0.125461445
brain_bio.weighted.mean_mo_in_tract_posterior_thalamic_radiation_.left..0.imaging,0.483102938,0.478626833,-0.005225114,0.014177324,0.364935148,0.435035685,-0.004476105,-0.926532404
brain_bio.weighted.mean_mo_in_tract_posterior_thalamic_radiation_.right..0.imaging,0.476707713,0.480818809,-0.01383803,0.005615838,0.406544416,0.471323471,0.004111096,0.862393366
brain_bio.weighted.mean_mo_in_tract_superior_longitudinal_fasciculus_.left..0.imaging,0.298949057,0.303121632,-0.013654044,0.005308896,0.387496125,0.456769175,0.004172574,1.395747556
brain_bio.weighted.mean_mo_in_tract_superior_longitudinal_fasciculus_.right..0.imaging,0.314236378,0.319087196,-0.013164342,0.003462705,0.25206253,0.324299962,0.004850818,1.543684475
brain_bio.weighted.mean_mo_in_tract_superior_thalamic_radiation_.left..0.imaging,0.396487679,0.406881923,-0.021637318,0.00084883,0.069893703,0.100323615,0.010394244,2.621580583
brain_bio.weighted.mean_mo_in_tract_superior_thalamic_radiation_.right..0.imaging,0.426942411,0.429426445,-0.014076845,0.009108778,0.673829968,0.736674214,0.002484033,0.581819333
brain_bio.weighted.mean_mo_in_tract_uncinate_fasciculus_.left..0.imaging,0.483495244,0.478746627,-0.004065066,0.0135623,0.290183583,0.364456762,-0.004748617,-0.982143523
brain_bio.weighted.mean_mo_in_tract_uncinate_fasciculus_.right..0.imaging,0.512115397,0.502658498,0.001311083,0.017602716,0.022990525,0.038808006,-0.0094569,-1.846634484
brain_bio.weighted.mean_l1_in_tract_acoustic_radiation_.left..0.imaging,0.001151864,0.001167198,-2.48E-05,-5.84E-06,0.001608904,0.004466825,1.53E-05,1.331235686
brain_bio.weighted.mean_l1_in_tract_acoustic_radiation_.right..0.imaging,0.001150841,0.001156198,-1.38E-05,3.07E-06,0.212358607,0.282502,5.36E-06,0.465480288
brain_bio.weighted.mean_l1_in_tract_anterior_thalamic_radiation_.left..0.imaging,0.001135488,0.001152984,-2.54E-05,-9.63E-06,1.59E-05,0.00014004,1.75E-05,1.540871622
brain_bio.weighted.mean_l1_in_tract_anterior_thalamic_radiation_.right..0.imaging,0.001128476,0.001146006,-2.48E-05,-1.03E-05,2.76E-06,4.50E-05,1.75E-05,1.553430669
brain_bio.weighted.mean_l1_in_tract_cingulate_gyrus_part_of_cingulum_.left..0.imaging,0.00128184,0.001287581,-1.69E-05,5.40E-06,0.311595891,0.382248447,5.74E-06,0.447860918
brain_bio.weighted.mean_l1_in_tract_cingulate_gyrus_part_of_cingulum_.right..0.imaging,0.001229366,0.00123391,-1.51E-05,5.97E-06,0.396131942,0.464354666,4.54E-06,0.3696191
brain_bio.weighted.mean_l1_in_tract_corticospinal_tract_.left..0.imaging,0.001313555,0.001324953,-1.84E-05,-4.39E-06,0.001494642,0.004261751,1.14E-05,0.867731875
brain_bio.weighted.mean_l1_in_tract_corticospinal_tract_.right..0.imaging,0.001309681,0.001323152,-2.11E-05,-5.88E-06,0.0005345,0.001911517,1.35E-05,1.028541839
brain_bio.weighted.mean_l1_in_tract_forceps_major.0.imaging,0.001579715,0.001581498,-1.37E-05,1.01E-05,0.768531911,0.794903104,1.78E-06,0.11280876
brain_bio.weighted.mean_l1_in_tract_inferior_fronto.occipital_fasciculus_.left..0.imaging,0.00127176,0.001282003,-1.73E-05,-3.14E-06,0.004833119,0.010965464,1.02E-05,0.805397605
brain_bio.weighted.mean_l1_in_tract_inferior_fronto.occipital_fasciculus_.right..0.imaging,0.001270316,0.001284467,-2.13E-05,-7.01E-06,0.000114936,0.000505239,1.42E-05,1.11403206
brain_bio.weighted.mean_l1_in_tract_inferior_longitudinal_fasciculus_.left..0.imaging,0.001263176,0.001277129,-2.07E-05,-7.16E-06,6.38E-05,0.000336297,1.40E-05,1.104563688
brain_bio.weighted.mean_l1_in_tract_inferior_longitudinal_fasciculus_.right..0.imaging,0.001265431,0.001279429,-2.06E-05,-7.36E-06,4.11E-05,0.000266731,1.40E-05,1.106191386
brain_bio.weighted.mean_l1_in_tract_posterior_thalamic_radiation_.left..0.imaging,0.001307384,0.001328656,-3.15E-05,-1.10E-05,5.31E-05,0.000287082,2.13E-05,1.627062947
brain_bio.weighted.mean_l1_in_tract_posterior_thalamic_radiation_.right..0.imaging,0.001300012,0.001322663,-3.27E-05,-1.26E-05,1.13E-05,0.000111516,2.27E-05,1.742428416
brain_bio.weighted.mean_l1_in_tract_superior_longitudinal_fasciculus_.left..0.imaging,0.001109885,0.001124018,-2.08E-05,-7.42E-06,4.25E-05,0.000266731,1.41E-05,1.273420039
brain_bio.weighted.mean_l1_in_tract_superior_longitudinal_fasciculus_.right..0.imaging,0.001107101,0.001121995,-2.15E-05,-8.27E-06,1.25E-05,0.000114903,1.49E-05,1.345321074
brain_bio.weighted.mean_l1_in_tract_superior_thalamic_radiation_.left..0.imaging,0.001115914,0.001137355,-2.92E-05,-1.37E-05,1.07E-07,1.13E-05,2.14E-05,1.921352573
brain_bio.weighted.mean_l1_in_tract_superior_thalamic_radiation_.right..0.imaging,0.001112165,0.001130974,-2.67E-05,-1.09E-05,4.13E-06,5.81E-05,1.88E-05,1.691164008
brain_bio.weighted.mean_l1_in_tract_uncinate_fasciculus_.left..0.imaging,0.001157453,0.001168035,-1.85E-05,-2.66E-06,0.008974447,0.018207772,1.06E-05,0.914216606
brain_bio.weighted.mean_l1_in_tract_uncinate_fasciculus_.right..0.imaging,0.001164779,0.001173341,-1.55E-05,-1.63E-06,0.015581613,0.028588873,8.56E-06,0.735026355
brain_bio.weighted.mean_l2_in_tract_acoustic_radiation_.left..0.imaging,0.000711059,0.000712742,-9.30E-06,5.93E-06,0.664256705,0.729990441,1.68E-06,0.236632625
brain_bio.weighted.mean_l2_in_tract_acoustic_radiation_.right..0.imaging,0.000723164,0.000719429,-3.85E-06,1.13E-05,0.333606641,0.406884401,-3.73E-06,-0.516470636
brain_bio.weighted.mean_l2_in_tract_anterior_thalamic_radiation_.left..0.imaging,0.000703943,0.00072434,-2.80E-05,-1.28E-05,2.15E-07,1.45E-05,2.04E-05,2.897610672
brain_bio.weighted.mean_l2_in_tract_anterior_thalamic_radiation_.right..0.imaging,0.000702823,0.000720497,-2.46E-05,-1.07E-05,9.37E-07,2.67E-05,1.77E-05,2.514755503
brain_bio.weighted.mean_l2_in_tract_cingulate_gyrus_part_of_cingulum_.right..0.imaging,0.000620955,0.00063003,-1.57E-05,-2.48E-06,0.007149665,0.015085793,9.08E-06,1.461575019
brain_bio.weighted.mean_l2_in_tract_corticospinal_tract_.left..0.imaging,0.000610698,0.000614172,-8.98E-06,2.03E-06,0.215417633,0.284082004,3.47E-06,0.568835262
brain_bio.weighted.mean_l2_in_tract_corticospinal_tract_.right..0.imaging,0.000613788,0.000617405,-8.89E-06,1.65E-06,0.178000289,0.239223319,3.62E-06,0.589312138
brain_bio.weighted.mean_l2_in_tract_forceps_major.0.imaging,0.000648667,0.000650536,-1.32E-05,9.48E-06,0.746381377,0.779635993,1.87E-06,0.287980131
brain_bio.weighted.mean_l2_in_tract_forceps_minor.0.imaging,0.000693403,0.000706858,-2.08E-05,-6.14E-06,0.000336053,0.001266201,1.35E-05,1.940409564
brain_bio.weighted.mean_l2_in_tract_inferior_fronto.occipital_fasciculus_.left..0.imaging,0.00067805,0.000693951,-2.25E-05,-9.30E-06,3.01E-06,4.54E-05,1.59E-05,2.34522715
brain_bio.weighted.mean_l2_in_tract_inferior_fronto.occipital_fasciculus_.right..0.imaging,0.000691486,0.000703113,-1.82E-05,-5.06E-06,0.000556015,0.00195532,1.16E-05,1.681450885
brain_bio.weighted.mean_l2_in_tract_inferior_longitudinal_fasciculus_.left..0.imaging,0.00069671,0.000711314,-2.16E-05,-7.63E-06,4.67E-05,0.000266731,1.46E-05,2.096089364
brain_bio.weighted.mean_l2_in_tract_inferior_longitudinal_fasciculus_.right..0.imaging,0.000710427,0.000722657,-1.88E-05,-5.63E-06,0.000303113,0.001162852,1.22E-05,1.721522053
brain_bio.weighted.mean_l2_in_tract_posterior_thalamic_radiation_.left..0.imaging,0.000719553,0.000742673,-3.32E-05,-1.30E-05,8.70E-06,0.000102013,2.31E-05,3.213047038
brain_bio.weighted.mean_l2_in_tract_posterior_thalamic_radiation_.right..0.imaging,0.000722452,0.000743951,-3.06E-05,-1.24E-05,5.21E-06,6.87E-05,2.15E-05,2.975798613
brain_bio.weighted.mean_l2_in_tract_superior_longitudinal_fasciculus_.left..0.imaging,0.000678179,0.000692215,-2.07E-05,-7.36E-06,4.38E-05,0.000266731,1.40E-05,2.069661213
brain_bio.weighted.mean_l2_in_tract_superior_longitudinal_fasciculus_.right..0.imaging,0.000686829,0.000699637,-1.92E-05,-6.44E-06,9.14E-05,0.000419671,1.28E-05,1.86471437
brain_bio.weighted.mean_l2_in_tract_superior_thalamic_radiation_.left..0.imaging,0.000678957,0.000688956,-1.59E-05,-4.10E-06,0.000936689,0.00290649,1.00E-05,1.472682017
brain_bio.weighted.mean_l2_in_tract_uncinate_fasciculus_.left..0.imaging,0.000711816,0.000722961,-1.94E-05,-2.91E-06,0.008075659,0.016870931,1.11E-05,1.565769193
brain_bio.weighted.mean_l2_in_tract_uncinate_fasciculus_.right..0.imaging,0.000706064,0.000717163,-1.80E-05,-4.20E-06,0.001668041,0.004570866,1.11E-05,1.571986044
brain_bio.weighted.mean_l3_in_tract_acoustic_radiation_.left..0.imaging,0.000488896,0.000493366,-1.17E-05,2.81E-06,0.227971613,0.296925989,4.47E-06,0.914363135
brain_bio.weighted.mean_l3_in_tract_acoustic_radiation_.right..0.imaging,0.000496069,0.000492221,-3.43E-06,1.11E-05,0.299365228,0.373763687,-3.85E-06,-0.775720711
brain_bio.weighted.mean_l3_in_tract_anterior_thalamic_radiation_.left..0.imaging,0.000507379,0.000526357,-2.66E-05,-1.13E-05,1.56E-06,3.29E-05,1.90E-05,3.740340933
brain_bio.weighted.mean_l3_in_tract_anterior_thalamic_radiation_.right..0.imaging,0.000513261,0.000529102,-2.28E-05,-8.86E-06,1.07E-05,0.000111516,1.58E-05,3.086283817
brain_bio.weighted.mean_l3_in_tract_cingulate_gyrus_part_of_cingulum_.left..0.imaging,0.000398717,0.000405302,-1.32E-05,1.83E-08,0.050635507,0.080875918,6.59E-06,1.651553862
brain_bio.weighted.mean_l3_in_tract_cingulate_gyrus_part_of_cingulum_.right..0.imaging,0.000423302,0.000429378,-1.23E-05,1.11E-07,0.054248186,0.084164464,6.08E-06,1.435387791
brain_bio.weighted.mean_l3_in_tract_corticospinal_tract_.left..0.imaging,0.000400336,0.000406357,-1.11E-05,-9.71E-07,0.019564709,0.034690366,6.02E-06,1.504049591
brain_bio.weighted.mean_l3_in_tract_corticospinal_tract_.right..0.imaging,0.000408927,0.000413437,-9.38E-06,3.62E-07,0.069523566,0.100323615,4.51E-06,1.102853392
brain_bio.weighted.mean_l3_in_tract_forceps_major.0.imaging,0.000485952,0.000487863,-1.28E-05,8.98E-06,0.730252768,0.766864401,1.91E-06,0.39324841
brain_bio.weighted.mean_l3_in_tract_forceps_minor.0.imaging,0.000503781,0.000515212,-1.89E-05,-3.99E-06,0.002673874,0.006637498,1.14E-05,2.269125193
brain_bio.weighted.mean_l3_in_tract_inferior_fronto.occipital_fasciculus_.left..0.imaging,0.000467476,0.000481168,-2.03E-05,-7.12E-06,5.05E-05,0.00028045,1.37E-05,2.928741463
brain_bio.weighted.mean_l3_in_tract_inferior_fronto.occipital_fasciculus_.right..0.imaging,0.000483577,0.000494933,-1.82E-05,-4.52E-06,0.001178801,0.003503197,1.14E-05,2.348203708
brain_bio.weighted.mean_l3_in_tract_inferior_longitudinal_fasciculus_.left..0.imaging,0.000482046,0.000495533,-2.02E-05,-6.78E-06,9.15E-05,0.000419671,1.35E-05,2.797855575
brain_bio.weighted.mean_l3_in_tract_inferior_longitudinal_fasciculus_.right..0.imaging,0.000493585,0.000504922,-1.81E-05,-4.61E-06,0.001006622,0.003078221,1.13E-05,2.296745818
brain_bio.weighted.mean_l3_in_tract_posterior_thalamic_radiation_.left..0.imaging,0.000508518,0.000529803,-3.07E-05,-1.19E-05,1.16E-05,0.000111516,2.13E-05,4.185614683
brain_bio.weighted.mean_l3_in_tract_posterior_thalamic_radiation_.right..0.imaging,0.000508504,0.00053034,-3.08E-05,-1.29E-05,2.22E-06,4.27E-05,2.18E-05,4.294089402
brain_bio.weighted.mean_l3_in_tract_superior_longitudinal_fasciculus_.left..0.imaging,0.000429433,0.000444815,-2.24E-05,-8.38E-06,2.00E-05,0.000156656,1.54E-05,3.581939982
brain_bio.weighted.mean_l3_in_tract_superior_longitudinal_fasciculus_.right..0.imaging,0.000451623,0.000464792,-1.98E-05,-6.54E-06,0.000111188,0.000499165,1.32E-05,2.915989647
brain_bio.weighted.mean_l3_in_tract_superior_thalamic_radiation_.left..0.imaging,0.000470265,0.000481251,-1.67E-05,-5.29E-06,0.00017373,0.000691643,1.10E-05,2.336084914
brain_bio.weighted.mean_l3_in_tract_superior_thalamic_radiation_.right..0.imaging,0.000469587,0.000479405,-1.58E-05,-3.87E-06,0.001263195,0.003651153,9.82E-06,2.090639687
brain_bio.weighted.mean_l3_in_tract_uncinate_fasciculus_.left..0.imaging,0.000535284,0.000544562,-1.78E-05,-7.79E-07,0.032464671,0.053937366,9.28E-06,1.733304817
brain_bio.weighted.mean_l3_in_tract_uncinate_fasciculus_.right..0.imaging,0.000536059,0.000544514,-1.53E-05,-1.59E-06,0.015967306,0.029043979,8.46E-06,1.577255097
brain_bio.weighted.mean_icvf_in_tract_acoustic_radiation_.left..0.imaging,0.54815511,0.541801105,0.000978273,0.011729737,0.020639328,0.035695887,-0.006354005,-1.159161826
brain_bio.weighted.mean_icvf_in_tract_acoustic_radiation_.right..0.imaging,0.546183292,0.543665278,-0.002924482,0.007960511,0.363636322,0.435035685,-0.002518014,-0.461020026
brain_bio.weighted.mean_icvf_in_tract_anterior_thalamic_radiation_.left..0.imaging,0.538070244,0.530672952,0.001438544,0.01335604,0.015096938,0.027942579,-0.007397292,-1.374781815
brain_bio.weighted.mean_icvf_in_tract_anterior_thalamic_radiation_.right..0.imaging,0.535509488,0.527824789,0.001781227,0.01358817,0.010859204,0.021215667,-0.007684699,-1.43502566
brain_bio.weighted.mean_icvf_in_tract_cingulate_gyrus_part_of_cingulum_.left..0.imaging,0.571518163,0.56357045,0.000865242,0.015030184,0.027942547,0.046792677,-0.007947713,-1.390631731
brain_bio.weighted.mean_icvf_in_tract_cingulate_gyrus_part_of_cingulum_.right..0.imaging,0.545846416,0.539698914,-0.000206745,0.012501749,0.057897459,0.087822614,-0.006147502,-1.126232986
brain_bio.weighted.mean_icvf_in_tract_corticospinal_tract_.left..0.imaging,0.688357598,0.683638751,0.0001946,0.009243094,0.040968666,0.067010765,-0.004718847,-0.685522598
brain_bio.weighted.mean_icvf_in_tract_corticospinal_tract_.right..0.imaging,0.681664818,0.677097033,-3.62E-05,0.009171754,0.051819361,0.080993433,-0.004567785,-0.670092481
brain_bio.weighted.mean_icvf_in_tract_forceps_minor.0.imaging,0.543699067,0.537390579,-0.000769552,0.013386528,0.08051641,0.11325975,-0.006308488,-1.160290392
brain_bio.weighted.mean_icvf_in_tract_inferior_fronto.occipital_fasciculus_.left..0.imaging,0.523816794,0.514045761,0.003494775,0.016047292,0.002355311,0.00613544,-0.009771033,-1.86535323
brain_bio.weighted.mean_icvf_in_tract_inferior_fronto.occipital_fasciculus_.right..0.imaging,0.524459828,0.51635177,0.001637109,0.014579006,0.014183142,0.026720026,-0.008108057,-1.54598255
brain_bio.weighted.mean_icvf_in_tract_inferior_longitudinal_fasciculus_.left..0.imaging,0.518586177,0.509052766,0.003501887,0.015564936,0.002020201,0.005328279,-0.009533411,-1.838346625
brain_bio.weighted.mean_icvf_in_tract_inferior_longitudinal_fasciculus_.right..0.imaging,0.517512914,0.510594187,0.000986174,0.012851281,0.022379323,0.038390547,-0.006918727,-1.336918768
brain_bio.weighted.mean_icvf_in_tract_posterior_thalamic_radiation_.left..0.imaging,0.514794335,0.503394756,0.005565965,0.017233193,0.000141554,0.000585644,-0.011399579,-2.214394793
brain_bio.weighted.mean_icvf_in_tract_posterior_thalamic_radiation_.right..0.imaging,0.520476483,0.510802799,0.003833835,0.015513533,0.001221928,0.003580928,-0.009673684,-1.858620806
brain_bio.weighted.mean_icvf_in_tract_superior_longitudinal_fasciculus_.left..0.imaging,0.62103512,0.609972354,0.004230778,0.017894753,0.001568295,0.004412136,-0.011062766,-1.781342987
brain_bio.weighted.mean_icvf_in_tract_superior_longitudinal_fasciculus_.right..0.imaging,0.6154209,0.606358713,0.002349421,0.015774952,0.008269542,0.017106602,-0.009062187,-1.472518501
brain_bio.weighted.mean_icvf_in_tract_superior_thalamic_radiation_.left..0.imaging,0.604895234,0.596208292,0.003488867,0.013885018,0.001107061,0.003336998,-0.008686943,-1.436106963
brain_bio.weighted.mean_icvf_in_tract_superior_thalamic_radiation_.right..0.imaging,0.608997067,0.59803622,0.005526053,0.016395641,8.68E-05,0.000419671,-0.010960847,-1.799819323
brain_bio.weighted.mean_icvf_in_tract_uncinate_fasciculus_.left..0.imaging,0.4708839,0.465751455,-0.000477593,0.010742483,0.072847468,0.103856863,-0.005132445,-1.08995975
brain_bio.weighted.mean_icvf_in_tract_uncinate_fasciculus_.right..0.imaging,0.473621349,0.466721794,0.001624043,0.012175067,0.010493876,0.020888754,-0.006899555,-1.45676605
brain_bio.weighted.mean_od_in_tract_acoustic_radiation_.left..0.imaging,0.248350043,0.239972115,0.00516411,0.011591747,4.61E-07,1.94E-05,-0.008377928,-3.373435384
brain_bio.weighted.mean_od_in_tract_acoustic_radiation_.right..0.imaging,0.253533297,0.24765299,0.002884352,0.008876261,0.000132456,0.000570374,-0.005880306,-2.319342784
brain_bio.weighted.mean_od_in_tract_anterior_thalamic_radiation_.left..0.imaging,0.235672321,0.236808129,-0.003335007,0.001063389,0.31058618,0.382248447,0.001135809,0.481944002
brain_bio.weighted.mean_od_in_tract_cingulate_gyrus_part_of_cingulum_.left..0.imaging,0.132601109,0.131685624,-0.002581764,0.004412734,0.60713121,0.670705158,-0.000915485,-0.690405001
brain_bio.weighted.mean_od_in_tract_cingulate_gyrus_part_of_cingulum_.right..0.imaging,0.146343112,0.147088594,-0.004685645,0.003194682,0.710150238,0.758416536,0.000745482,0.509406836
brain_bio.weighted.mean_od_in_tract_corticospinal_tract_.left..0.imaging,0.157023895,0.153271455,0.001064708,0.006440172,0.006325355,0.013618876,-0.00375244,-2.389725588
brain_bio.weighted.mean_od_in_tract_corticospinal_tract_.right..0.imaging,0.157528239,0.152776048,0.00229758,0.007206803,0.000162705,0.000660206,-0.004752191,-3.016723484
brain_bio.weighted.mean_od_in_tract_forceps_major.0.imaging,0.127465375,0.126484191,-0.001182231,0.003144598,0.37316669,0.442349279,-0.000981184,-0.769764912
brain_bio.weighted.mean_od_in_tract_forceps_minor.0.imaging,0.195173364,0.195597378,-0.002490063,0.001642035,0.686841875,0.739406304,0.000424014,0.217250114
brain_bio.weighted.mean_od_in_tract_inferior_fronto.occipital_fasciculus_.left..0.imaging,0.163896163,0.163929675,-0.002100944,0.00203392,0.974596849,0.979237787,3.35E-05,0.020447069
brain_bio.weighted.mean_od_in_tract_inferior_fronto.occipital_fasciculus_.right..0.imaging,0.169341512,0.1674391,-1.51E-05,0.003819901,0.051820443,0.080993433,-0.001902411,-1.123417088
brain_bio.weighted.mean_od_in_tract_inferior_longitudinal_fasciculus_.left..0.imaging,0.183638962,0.182020297,-4.54E-05,0.003282683,0.056548735,0.086462196,-0.001618665,-0.881438806
brain_bio.weighted.mean_od_in_tract_inferior_longitudinal_fasciculus_.right..0.imaging,0.186196986,0.18459799,3.22E-05,0.003165785,0.045493921,0.073276468,-0.001598995,-0.858765361
brain_bio.weighted.mean_od_in_tract_posterior_thalamic_radiation_.left..0.imaging,0.183477603,0.182526947,-0.001014276,0.002915587,0.342146371,0.414901634,-0.000950656,-0.518131634
brain_bio.weighted.mean_od_in_tract_posterior_thalamic_radiation_.right..0.imaging,0.185214378,0.184801019,-0.00157059,0.002397307,0.682344401,0.738331634,-0.000413359,-0.223178598
brain_bio.weighted.mean_od_in_tract_superior_longitudinal_fasciculus_.left..0.imaging,0.223556837,0.222871411,-0.001432889,0.002803741,0.525100818,0.589341876,-0.000685426,-0.306600257
brain_bio.weighted.mean_od_in_tract_superior_longitudinal_fasciculus_.right..0.imaging,0.233634904,0.231342392,0.000136645,0.004448379,0.037201211,0.061323871,-0.002292512,-0.98123693
brain_bio.weighted.mean_od_in_tract_superior_thalamic_radiation_.right..0.imaging,0.246327158,0.240932244,0.002300514,0.008489313,0.000672714,0.002217854,-0.005394914,-2.190141729
brain_bio.weighted.mean_od_in_tract_uncinate_fasciculus_.left..0.imaging,0.233831617,0.233324718,-0.002737132,0.003750931,0.758882862,0.788789576,-0.0005069,-0.216779718
brain_bio.weighted.mean_od_in_tract_uncinate_fasciculus_.right..0.imaging,0.226429612,0.227054569,-0.003597667,0.002347753,0.679630603,0.738331634,0.000624957,0.27600495
brain_bio.weighted.mean_isovf_in_tract_acoustic_radiation_.left..0.imaging,0.068672984,0.070237301,-0.005546747,0.002418112,0.4404717,0.502375831,0.001564317,2.277922321
brain_bio.weighted.mean_isovf_in_tract_acoustic_radiation_.right..0.imaging,0.072325186,0.071788041,-0.003219414,0.004293705,0.778789642,0.801583485,-0.000537145,-0.742681054
brain_bio.weighted.mean_isovf_in_tract_anterior_thalamic_radiation_.left..0.imaging,0.059029754,0.067155794,-0.011052834,-0.005199247,8.68E-08,1.13E-05,0.00812604,13.76600731
brain_bio.weighted.mean_isovf_in_tract_anterior_thalamic_radiation_.right..0.imaging,0.055944989,0.062401701,-0.008885438,-0.004027985,2.76E-07,1.45E-05,0.006456711,11.54117919
brain_bio.weighted.mean_isovf_in_tract_cingulate_gyrus_part_of_cingulum_.left..0.imaging,0.051504356,0.05288804,-0.004638303,0.001870936,0.403801174,0.470729546,0.001383684,2.68653727
brain_bio.weighted.mean_isovf_in_tract_cingulate_gyrus_part_of_cingulum_.right..0.imaging,0.04033573,0.042623278,-0.005353288,0.000778192,0.143205551,0.19494433,0.002287548,5.671269796
brain_bio.weighted.mean_isovf_in_tract_corticospinal_tract_.left..0.imaging,0.121828924,0.124338136,-0.005106695,8.83E-05,0.058270928,0.087822614,0.002509212,2.059619244
brain_bio.weighted.mean_isovf_in_tract_corticospinal_tract_.right..0.imaging,0.120563563,0.122789149,-0.004995647,0.000544475,0.115015558,0.158616228,0.002225586,1.845985691
brain_bio.weighted.mean_isovf_in_tract_forceps_major.0.imaging,0.148534593,0.147566102,-0.004555026,0.006492008,0.730520116,0.766864401,-0.000968491,-0.652030539
brain_bio.weighted.mean_isovf_in_tract_forceps_minor.0.imaging,0.087760913,0.092090749,-0.007654996,-0.001004675,0.010832359,0.021215667,0.004329836,4.933672339
brain_bio.weighted.mean_isovf_in_tract_inferior_fronto.occipital_fasciculus_.left..0.imaging,0.058912439,0.062209203,-0.005484008,-0.001109521,0.003224816,0.007912048,0.003296765,5.596041622
brain_bio.weighted.mean_isovf_in_tract_inferior_fronto.occipital_fasciculus_.right..0.imaging,0.067071303,0.070590469,-0.005988082,-0.00105025,0.00531938,0.01194031,0.003519166,5.246902741
brain_bio.weighted.mean_isovf_in_tract_inferior_longitudinal_fasciculus_.left..0.imaging,0.064637267,0.068756194,-0.006505288,-0.001732567,0.000758708,0.002462884,0.004118927,6.37237231
brain_bio.weighted.mean_isovf_in_tract_inferior_longitudinal_fasciculus_.right..0.imaging,0.072046027,0.076785635,-0.007345527,-0.00213369,0.000391315,0.00144855,0.004739608,6.578583599
brain_bio.weighted.mean_isovf_in_tract_posterior_thalamic_radiation_.left..0.imaging,0.085328469,0.092276693,-0.011919225,-0.001977223,0.006266163,0.013618876,0.006948224,8.142914098
brain_bio.weighted.mean_isovf_in_tract_posterior_thalamic_radiation_.right..0.imaging,0.089328055,0.097668467,-0.013091124,-0.003589701,0.00061678,0.002098318,0.008340413,9.33683484
brain_bio.weighted.mean_isovf_in_tract_superior_longitudinal_fasciculus_.left..0.imaging,0.074178608,0.080302965,-0.009046321,-0.003202392,4.57E-05,0.000266731,0.006124356,8.256229947
brain_bio.weighted.mean_isovf_in_tract_superior_longitudinal_fasciculus_.right..0.imaging,0.080057183,0.086422767,-0.009406629,-0.00332454,4.68E-05,0.000266731,0.006365584,7.951296798
brain_bio.weighted.mean_isovf_in_tract_superior_thalamic_radiation_.left..0.imaging,0.076898249,0.082520725,-0.008366379,-0.002878574,6.70E-05,0.000344828,0.005622477,7.311579447
brain_bio.weighted.mean_isovf_in_tract_superior_thalamic_radiation_.right..0.imaging,0.07618175,0.079611155,-0.006324086,-0.000534722,0.020349745,0.035485919,0.003429404,4.501608713
brain_bio.weighted.mean_isovf_in_tract_uncinate_fasciculus_.left..0.imaging,0.033091898,0.037451096,-0.006893725,-0.001824671,0.000794172,0.002538945,0.004359198,13.17300746
brain_bio.weighted.mean_isovf_in_tract_uncinate_fasciculus_.right..0.imaging,0.033118324,0.035974812,-0.005002523,-0.000710453,0.009210399,0.018508516,0.002856488,8.62509831
brain_bio.weighted.mean_md_in_tract_cingulate_gyrus_part_of_cingulum_.right..0.imaging,0.000757874,0.000764439,-1.21E-05,-1.03E-06,0.020183566,0.035485919,6.56E-06,0.86621644
brain_bio.weighted.mean_md_in_tract_uncinate_fasciculus_.left..0.imaging,0.000801518,0.000811853,-1.80E-05,-2.63E-06,0.008687829,0.017797397,1.03E-05,1.289420484
brain_bio.weighted.mean_fa_in_tract_inferior_fronto.occipital_fasciculus_.left..0.imaging,0.477476847,0.470008287,0.00324188,0.011695239,0.000567885,0.001964322,-0.00746856,-1.564172139
,,,,,,,,
,,,,,,,,
,,,,,,,,
,,,,,,,,
,,,,,,,,
,,,,,,,,
,,,,,,,,
,,,,,,,,
,,,,,,,,
,,,,,,,,
,,,,,,,,
,,,,,,,,
,,,,,,,,
,,,,,,,,
,,,,,,,,
,,,,,,,,
,,,,,,,,
,,,,,,,,
,,,,,,,,
,,,,,,,,
,,,,,,,,
,,,,,,,,
,,,,,,,,
,,,,,,,,
,,,,,,,,
,,,,,,,,
,,,,,,,,
,,,,,,,,
,,,,,,,,
,,,,,,,,
,,,,,,,,
,,,,,,,,
,,,,,,,,
,,,,,,,,
,,,,,,,,
,,,,,,,,
,,,,,,,,
,,,,,,,,
,,,,,,,,
,,,,,,,,
,,,,,,,,
,,,,,,,,
,,,,,,,,
,,,,,,,,
,,,,,,,,
,,,,,,,,
,,,,,,,,
,,,,,,,,
,,,,,,,,
,,,,,,,,
,,,,,,,,
,,,,,,,,
,,,,,,,,
,,,,,,,,
,,,,,,,,
,,,,,,,,
,,,,,,,,
,,,,,,,,
,,,,,,,,
,,,,,,,,
,,,,,,,,
,,,,,,,,
,,,,,,,,
,,,,,,,,
,,,,,,,,
,,,,,,,,
,,,,,,,,
,,,,,,,,
,,,,,,,,
,,,,,,,,
,,,,,,,,
,,,,,,,,
,,,,,,,,
,,,,,,,,
,,,,,,,,
,,,,,,,,
,,,,,,,,
,,,,,,,,
,,,,,,,,
,,,,,,,,
,,,,,,,,
,,,,,,,,
,,,,,,,,
,,,,,,,,
,,,,,,,,
,,,,,,,,
,,,,,,,,
,,,,,,,,
,,,,,,,,
,,,,,,,,
,,,,,,,,
,,,,,,,,
,,,,,,,,
,,,,,,,,
,,,,,,,,
,,,,,,,,
,,,,,,,,
,,,,,,,,
,,,,,,,,
,,,,,,,,
,,,,,,,,
,,,,,,,,
,,,,,,,,
,,,,,,,,
,,,,,,,,
,,,,,,,,
,,,,,,,,
,,,,,,,,
,,,,,,,,
,,,,,,,,
,,,,,,,,
,,,,,,,,
,,,,,,,,
,,,,,,,,
,,,,,,,,
,,,,,,,,
,,,,,,,,
,,,,,,,,
,,,,,,,,
,,,,,,,,
,,,,,,,,
,,,,,,,,
,,,,,,,,
,,,,,,,,
,,,,,,,,
,,,,,,,,
,,,,,,,,
,,,,,,,,
,,,,,,,,
,,,,,,,,
,,,,,,,,
,,,,,,,,
,,,,,,,,
,,,,,,,,
,,,,,,,,
,,,,,,,,
,,,,,,,,
,,,,,,,,
,,,,,,,,
,,,,,,,,
,,,,,,,,
,,,,,,,,
,,,,,,,,
,,,,,,,,
,,,,,,,,
,,,,,,,,
,,,,,,,,
,,,,,,,,
,,,,,,,,
,,,,,,,,
,,,,,,,,
,,,,,,,,
,,,,,,,,
,,,,,,,,
,,,,,,,,
,,,,,,,,
,,,,,,,,
,,,,,,,,
,,,,,,,,
,,,,,,,,
,,,,,,,,
,,,,,,,,
,,,,,,,,
,,,,,,,,
,,,,,,,,
,,,,,,,,
,,,,,,,,
,,,,,,,,
,,,,,,,,
,,,,,,,,
,,,,,,,,
,,,,,,,,
,,,,,,,,
,,,,,,,,
,,,,,,,,
,,,,,,,,
,,,,,,,,
,,,,,,,,
,,,,,,,,
,,,,,,,,
,,,,,,,,
,,,,,,,,
,,,,,,,,
,,,,,,,,
,,,,,,,,
,,,,,,,,
,,,,,,,,
,,,,,,,,
,,,,,,,,
,,,,,,,,
,,,,,,,,
,,,,,,,,
,,,,,,,,
,,,,,,,,
,,,,,,,,
,,,,,,,,
,,,,,,,,
,,,,,,,,
,,,,,,,,
,,,,,,,,
,,,,,,,,
,,,,,,,,
,,,,,,,,
,,,,,,,,
,,,,,,,,
,,,,,,,,
,,,,,,,,
,,,,,,,,
,,,,,,,,
,,,,,,,,
,,,,,,,,
,,,,,,,,
,,,,,,,,
,,,,,,,,
,,,,,,,,
,,,,,,,,
,,,,,,,,
,,,,,,,,
,,,,,,,,
,,,,,,,,
,,,,,,,,
,,,,,,,,
,,,,,,,,
,,,,,,,,
,,,,,,,,
,,,,,,,,
,,,,,,,,
,,,,,,,,
,,,,,,,,
,,,,,,,,
,,,,,,,,
,,,,,,,,
,,,,,,,,
,,,,,,,,
,,,,,,,,
,,,,,,,,
,,,,,,,,
,,,,,,,,
,,,,,,,,
,,,,,,,,
,,,,,,,,
,,,,,,,,
,,,,,,,,
,,,,,,,,
,,,,,,,,
,,,,,,,,
,,,,,,,,
,,,,,,,,
,,,,,,,,
,,,,,,,,
,,,,,,,,
,,,,,,,,
,,,,,,,,
,,,,,,,,
,,,,,,,,
,,,,,,,,
,,,,,,,,
,,,,,,,,
,,,,,,,,
,,,,,,,,
,,,,,,,,
,,,,,,,,
,,,,,,,,
,,,,,,,,
,,,,,,,,
,,,,,,,,
,,,,,,,,
,,,,,,,,
,,,,,,,,
,,,,,,,,
,,,,,,,,
,,,,,,,,
,,,,,,,,
,,,,,,,,
,,,,,,,,
,,,,,,,,
,,,,,,,,
,,,,,,,,
,,,,,,,,
,,,,,,,,
,,,,,,,,
,,,,,,,,
,,,,,,,,
,,,,,,,,
,,,,,,,,
,,,,,,,,
,,,,,,,,
,,,,,,,,
,,,,,,,,
,,,,,,,,
,,,,,,,,
,,,,,,,,
,,,,,,,,
,,,,,,,,
,,,,,,,,
,,,,,,,,
,,,,,,,,
,,,,,,,,
,,,,,,,,
,,,,,,,,
,,,,,,,,
,,,,,,,,
,,,,,,,,
,,,,,,,,
,,,,,,,,
,,,,,,,,
,,,,,,,,
,,,,,,,,
,,,,,,,,
,,,,,,,,
,,,,,,,,
,,,,,,,,
,,,,,,,,
,,,,,,,,
,,,,,,,,
,,,,,,,,
,,,,,,,,
,,,,,,,,
,,,,,,,,
,,,,,,,,
,,,,,,,,
,,,,,,,,
,,,,,,,,
,,,,,,,,
,,,,,,,,
,,,,,,,,
,,,,,,,,
,,,,,,,,
,,,,,,,,
,,,,,,,,
,,,,,,,,
,,,,,,,,
,,,,,,,,
,,,,,,,,
,,,,,,,,
,,,,,,,,
,,,,,,,,
,,,,,,,,
,,,,,,,,
,,,,,,,,
,,,,,,,,
,,,,,,,,
,,,,,,,,
,,,,,,,,
,,,,,,,,
,,,,,,,,
,,,,,,,,
,,,,,,,,
,,,,,,,,
,,,,,,,,
,,,,,,,,
,,,,,,,,
,,,,,,,,
,,,,,,,,
,,,,,,,,
,,,,,,,,
,,,,,,,,
,,,,,,,,
,,,,,,,,
,,,,,,,,
,,,,,,,,
,,,,,,,,
,,,,,,,,
,,,,,,,,
,,,,,,,,
,,,,,,,,
,,,,,,,,
,,,,,,,,
,,,,,,,,
,,,,,,,,
,,,,,,,,
,,,,,,,,
,,,,,,,,
,,,,,,,,
,,,,,,,,
,,,,,,,,
,,,,,,,,
,,,,,,,,
,,,,,,,,
,,,,,,,,
,,,,,,,,
,,,,,,,,
,,,,,,,,
,,,,,,,,
,,,,,,,,
,,,,,,,,
,,,,,,,,
,,,,,,,,
,,,,,,,,
,,,,,,,,
,,,,,,,,
,,,,,,,,
,,,,,,,,
,,,,,,,,
,,,,,,,,
,,,,,,,,
,,,,,,,,
,,,,,,,,
,,,,,,,,
,,,,,,,,
,,,,,,,,
,,,,,,,,
,,,,,,,,
,,,,,,,,
,,,,,,,,
,,,,,,,,
,,,,,,,,
,,,,,,,,
,,,,,,,,
,,,,,,,,
,,,,,,,,
,,,,,,,,
,,,,,,,,
,,,,,,,,
,,,,,,,,
,,,,,,,,
,,,,,,,,
,,,,,,,,
,,,,,,,,
,,,,,,,,
,,,,,,,,
,,,,,,,,
,,,,,,,,
,,,,,,,,
,,,,,,,,
,,,,,,,,
,,,,,,,,
,,,,,,,,
,,,,,,,,
,,,,,,,,
,,,,,,,,
,,,,,,,,
,,,,,,,,
,,,,,,,,
,,,,,,,,
,,,,,,,,
,,,,,,,,
,,,,,,,,
,,,,,,,,
,,,,,,,,
,,,,,,,,
,,,,,,,,
,,,,,,,,
,,,,,,,,
,,,,,,,,
,,,,,,,,
,,,,,,,,
,,,,,,,,
,,,,,,,,
,,,,,,,,
,,,,,,,,
,,,,,,,,
,,,,,,,,
,,,,,,,,
,,,,,,,,
,,,,,,,,
,,,,,,,,
,,,,,,,,
,,,,,,,,
,,,,,,,,
,,,,,,,,
,,,,,,,,
,,,,,,,,
,,,,,,,,
,,,,,,,,
,,,,,,,,
,,,,,,,,
,,,,,,,,
,,,,,,,,
,,,,,,,,
,,,,,,,,
,,,,,,,,
,,,,,,,,
,,,,,,,,
,,,,,,,,
,,,,,,,,
,,,,,,,,
,,,,,,,,
,,,,,,,,
,,,,,,,,
,,,,,,,,
,,,,,,,,
,,,,,,,,
,,,,,,,,
,,,,,,,,
,,,,,,,,
,,,,,,,,
,,,,,,,,
,,,,,,,,
,,,,,,,,
,,,,,,,,
,,,,,,,,